TraceFinder Compound Database Export,Schema Version 1,,,,,,,,,,,,,,,,,,,,,,,,,,,,,,,,,,,,,,,,,,,,,,,,
,,,,,,,,,PEAK 1,,,,,,,,,,PEAK 2,,,,,,,,,,PEAK 3,,,,,,,,,,PEAK 4,,,,,,,,,,
CompoundName,ExperimentType,Compound Type,ChemicalFormula,Category,CAS,Ionization,ResponseThreshold,Internal Standard,Internal Standard Concentration,PrecursorMass,ExtractedMass,Adduct,Polarity,ChargeState,RT,Window,CollisionEnergy,Lens,EnergyRamp,PrecursorMass,ExtractedMass,Adduct,Polarity,ChargeState,RT,Window,CollisionEnergy,Lens,EnergyRamp,PrecursorMass,ExtractedMass,Adduct,Polarity,ChargeState,RT,Window,CollisionEnergy,Lens,EnergyRamp,PrecursorMass,ExtractedMass,Adduct,Polarity,ChargeState,RT,Window,CollisionEnergy,Lens,EnergyRamp
Acetaldehyde oxime,XIC,eTargetCompound,C2H5NO,,,ESI,5000,,0,,60.04439,M+H,+,1,0,120,,,,,82.02634,M+Na,+,1,0,60,,,,,77.07094,M+NH4,+,1,0,60,,,,,58.02984,M-H,-,1,0,60,,,
Acetamide,XIC,eTargetCompound,C2H5NO,,,ESI,5000,,0,,60.04439,M+H,+,1,0,120,,,,,82.02634,M+Na,+,1,0,60,,,,,77.07094,M+NH4,+,1,0,60,,,,,58.02984,M-H,-,1,0,60,,,
Aminoacetaldehyde,XIC,eTargetCompound,C2H5NO,,,ESI,5000,,0,,60.04439,M+H,+,1,0,120,,,,,82.02634,M+Na,+,1,0,60,,,,,77.07094,M+NH4,+,1,0,60,,,,,58.02984,M-H,-,1,0,60,,,
Isopropylamine,XIC,eTargetCompound,C3H9N,,,ESI,5000,,0,,60.08078,M+H,+,1,0,120,,,,,82.06272,M+Na,+,1,0,60,,,,,77.10732,M+NH4,+,1,0,60,,,,,58.06622,M-H,-,1,0,60,,,
Trimethylamine,XIC,eTargetCompound,C3H9N,,,ESI,5000,,0,,60.08078,M+H,+,1,0,120,,,,,82.06272,M+Na,+,1,0,60,,,,,77.10732,M+NH4,+,1,0,60,,,,,58.06622,M-H,-,1,0,60,,,
Glycolaldehyde,XIC,eTargetCompound,C2H4O2,,,ESI,5000,,0,,61.02841,M+H,+,1,0,120,,,,,83.01035,M+Na,+,1,0,60,,,,,78.05496,M+NH4,+,1,0,60,,,,,59.01385,M-H,-,1,0,60,,,
Urea,XIC,eTargetCompound,CH4N2O,,,ESI,5000,,0,,61.03964,M+H,+,1,0,120,,,,,83.02158,M+Na,+,1,0,60,,,,,78.06619,M+NH4,+,1,0,60,,,,,59.02509,M-H,-,1,0,60,,,
Propan-2-ol,XIC,eTargetCompound,C3H8O,,,ESI,5000,,0,,61.06479,M+H,+,1,0,120,,,,,83.04674,M+Na,+,1,0,60,,,,,78.09134,M+NH4,+,1,0,60,,,,,59.05024,M-H,-,1,0,60,,,
Propane-1-ol,XIC,eTargetCompound,C3H8O,,,ESI,5000,,0,,61.06479,M+H,+,1,0,120,,,,,83.04674,M+Na,+,1,0,60,,,,,78.09134,M+NH4,+,1,0,60,,,,,59.05024,M-H,-,1,0,60,,,
Carbamate,XIC,eTargetCompound,CH3NO2,,,ESI,5000,,0,,62.02365,M+H,+,1,0,120,,,,,84.0056,M+Na,+,1,0,60,,,,,79.0502,M+NH4,+,1,0,60,,,,,60.0091,M-H,-,1,0,60,,,
Ethanolamine,XIC,eTargetCompound,C2H7NO,,,ESI,5000,,0,,62.06004,M+H,+,1,0,120,,,,,84.04199,M+Na,+,1,0,60,,,,,79.08659,M+NH4,+,1,0,60,,,,,60.04549,M-H,-,1,0,60,,,
Hyponitrite,XIC,eTargetCompound,H2N2O2,,,ESI,5000,,0,,63.0189,M+H,+,1,0,120,,,,,85.00085,M+Na,+,1,0,60,,,,,80.04545,M+NH4,+,1,0,60,,,,,61.00435,M-H,-,1,0,60,,,
Dimethyl sulfide,XIC,eTargetCompound,C2H6S,,,ESI,5000,,0,,63.0263,M+H,+,1,0,120,,,,,85.00824,M+Na,+,1,0,60,,,,,80.05285,M+NH4,+,1,0,60,,,,,61.01174,M-H,-,1,0,60,,,
3-Butyn-1-al,XIC,eTargetCompound,C4H4O,,,ESI,5000,,0,,69.03349,M+H,+,1,0,120,,,,,91.01544,M+Na,+,1,0,60,,,,,86.06004,M+NH4,+,1,0,60,,,,,67.01894,M-H,-,1,0,60,,,
Imidazole,XIC,eTargetCompound,C3H4N2,,,ESI,5000,,0,,69.04472,M+H,+,1,0,120,,,,,91.02667,M+Na,+,1,0,60,,,,,86.07127,M+NH4,+,1,0,60,,,,,67.03017,M-H,-,1,0,60,,,
Pyrazole,XIC,eTargetCompound,C3H4N2,,,ESI,5000,,0,,69.04472,M+H,+,1,0,120,,,,,91.02667,M+Na,+,1,0,60,,,,,86.07127,M+NH4,+,1,0,60,,,,,67.03017,M-H,-,1,0,60,,,
Isoprene,XIC,eTargetCompound,C5H8,,,ESI,5000,,0,,69.06988,M+H,+,1,0,120,,,,,91.05182,M+Na,+,1,0,60,,,,,86.09643,M+NH4,+,1,0,60,,,,,67.05532,M-H,-,1,0,60,,,
1-Pyrroline,XIC,eTargetCompound,C4H7N,,,ESI,5000,,0,,70.06513,M+H,+,1,0,120,,,,,92.04707,M+Na,+,1,0,60,,,,,87.09167,M+NH4,+,1,0,60,,,,,68.05057,M-H,-,1,0,60,,,
Isobutyronitrile,XIC,eTargetCompound,C4H7N,,,ESI,5000,,0,,70.06513,M+H,+,1,0,120,,,,,92.04707,M+Na,+,1,0,60,,,,,87.09167,M+NH4,+,1,0,60,,,,,68.05057,M-H,-,1,0,60,,,
Propynoate,XIC,eTargetCompound,C3H2O2,,,ESI,5000,,0,,71.01276,M+H,+,1,0,120,,,,,92.9947,M+Na,+,1,0,60,,,,,88.0393,M+NH4,+,1,0,60,,,,,68.9982,M-H,-,1,0,60,,,
beta-Aminopropionitrile,XIC,eTargetCompound,C3H6N2,,,ESI,5000,,0,,71.06037,M+H,+,1,0,120,,,,,93.04232,M+Na,+,1,0,60,,,,,88.08692,M+NH4,+,1,0,60,,,,,69.04582,M-H,-,1,0,60,,,
Methylglyoxal,XIC,eTargetCompound,C3H4O2,,,ESI,5000,,0,,73.02841,M+H,+,1,0,120,,,,,95.01035,M+Na,+,1,0,60,,,,,90.05496,M+NH4,+,1,0,60,,,,,71.01385,M-H,-,1,0,60,,,
Propenoate; Acrylic acid,XIC,eTargetCompound,C3H4O2,,,ESI,5000,,0,,73.02841,M+H,+,1,0,120,,,,,95.01035,M+Na,+,1,0,60,,,,,90.05496,M+NH4,+,1,0,60,,,,,71.01385,M-H,-,1,0,60,,,
AM007_Malondialdehyde,XIC,eTargetCompound,,,,ESI,5000,,,,,,,,,,,,,,,,,,,,,,,,,,,,,,,,,,71.0139,M-,-,1,13.25,60,,,
Butanal,XIC,eTargetCompound,C4H8O,,,ESI,5000,,0,,73.06479,M+H,+,1,0,120,,,,,95.04674,M+Na,+,1,0,60,,,,,90.09134,M+NH4,+,1,0,60,,,,,71.05024,M-H,-,1,0,60,,,
Methyl ethyl ketone,XIC,eTargetCompound,C4H8O,,,ESI,5000,,0,,73.06479,M+H,+,1,0,120,,,,,95.04674,M+Na,+,1,0,60,,,,,90.09134,M+NH4,+,1,0,60,,,,,71.05024,M-H,-,1,0,60,,,
Iminoglycine,XIC,eTargetCompound,C2H3NO2,,,ESI,5000,,0,,74.02365,M+H,+,1,0,120,,,,,96.0056,M+Na,+,1,0,60,,,,,91.0502,M+NH4,+,1,0,60,,,,,72.0091,M-H,-,1,0,60,,,
Acetone oxime,XIC,eTargetCompound,C3H7NO,,,ESI,5000,,0,,74.06004,M+H,+,1,0,120,,,,,96.04199,M+Na,+,1,0,60,,,,,91.08659,M+NH4,+,1,0,60,,,,,72.04549,M-H,-,1,0,60,,,
Aminoacetone,XIC,eTargetCompound,C3H7NO,,,ESI,5000,,0,,74.06004,M+H,+,1,0,120,,,,,96.04199,M+Na,+,1,0,60,,,,,91.08659,M+NH4,+,1,0,60,,,,,72.04549,M-H,-,1,0,60,,,
beta-Aminopropion aldehyde,XIC,eTargetCompound,C3H7NO,,,ESI,5000,,0,,74.06004,M+H,+,1,0,120,,,,,96.04199,M+Na,+,1,0,60,,,,,91.08659,M+NH4,+,1,0,60,,,,,72.04549,M-H,-,1,0,60,,,
"N,N-Dimethylformamide",XIC,eTargetCompound,C3H7NO,,,ESI,5000,,0,,74.06004,M+H,+,1,0,120,,,,,96.04199,M+Na,+,1,0,60,,,,,91.08659,M+NH4,+,1,0,60,,,,,72.04549,M-H,-,1,0,60,,,
Methylguanidine,XIC,eTargetCompound,C2H7N3,,,ESI,5000,,0,,74.07127,M+H,+,1,0,120,,,,,96.05322,M+Na,+,1,0,60,,,,,91.09782,M+NH4,+,1,0,60,,,,,72.05672,M-H,-,1,0,60,,,
2-Methylpropanamine,XIC,eTargetCompound,C4H11N,,,ESI,5000,,0,,74.09643,M+H,+,1,0,120,,,,,96.07837,M+Na,+,1,0,60,,,,,91.12298,M+NH4,+,1,0,60,,,,,72.08187,M-H,-,1,0,60,,,
AG001_Glyoxylate,XIC,eTargetCompound,C2H2O3,,,ESI,5000,,,,75.00767,M+H,+,1,0,120,,,,,96.98962,M+Na,+,1,0,60,,,,,92.03422,M+NH4,+,1,0,60,,,,,72.9931,M-,-,1,12.07,60,,,
Glyoxylate,XIC,eTargetCompound,C2H2O3,,,ESI,5000,,0,,75.00767,M+H,+,1,0,120,,,,,96.98962,M+Na,+,1,0,60,,,,,92.03422,M+NH4,+,1,0,60,,,,,72.99312,M-H,-,1,0,60,,,
(R)-Lactaldehyde,XIC,eTargetCompound,C3H6O2,,,ESI,5000,,0,,75.04406,M+H,+,1,0,120,,,,,97.026,M+Na,+,1,0,60,,,,,92.07061,M+NH4,+,1,0,60,,,,,73.0295,M-H,-,1,0,60,,,
(S)-Lactaldehyde,XIC,eTargetCompound,C3H6O2,,,ESI,5000,,0,,75.04406,M+H,+,1,0,120,,,,,97.026,M+Na,+,1,0,60,,,,,92.07061,M+NH4,+,1,0,60,,,,,73.0295,M-H,-,1,0,60,,,
3-Hydroxypropanal,XIC,eTargetCompound,C3H6O2,,,ESI,5000,,0,,75.04406,M+H,+,1,0,120,,,,,97.026,M+Na,+,1,0,60,,,,,92.07061,M+NH4,+,1,0,60,,,,,73.0295,M-H,-,1,0,60,,,
Hydroxyacetone,XIC,eTargetCompound,C3H6O2,,,ESI,5000,,0,,75.04406,M+H,+,1,0,120,,,,,97.026,M+Na,+,1,0,60,,,,,92.07061,M+NH4,+,1,0,60,,,,,73.0295,M-H,-,1,0,60,,,
Propionic acid,XIC,eTargetCompound,C3H6O2,,,ESI,5000,,0,,75.04406,M+H,+,1,0,120,,,,,97.026,M+Na,+,1,0,60,,,,,92.07061,M+NH4,+,1,0,60,,,,,73.0295,M-H,-,1,0,60,,,
1-Butanol,XIC,eTargetCompound,C4H10O,,,ESI,5000,,0,,75.08044,M+H,+,1,0,120,,,,,97.06239,M+Na,+,1,0,60,,,,,92.10699,M+NH4,+,1,0,60,,,,,73.06589,M-H,-,1,0,60,,,
Isobutyl alcohol,XIC,eTargetCompound,C4H10O,,,ESI,5000,,0,,75.08044,M+H,+,1,0,120,,,,,97.06239,M+Na,+,1,0,60,,,,,92.10699,M+NH4,+,1,0,60,,,,,73.06589,M-H,-,1,0,60,,,
"1,3-Diaminopropane",XIC,eTargetCompound,C3H10N2,,,ESI,5000,,0,,75.09167,M+H,+,1,0,120,,,,,97.07362,M+Na,+,1,0,60,,,,,92.11822,M+NH4,+,1,0,60,,,,,73.07712,M-H,-,1,0,60,,,
Glycine,XIC,eTargetCompound,C2H5NO2,,,ESI,5000,,0,,76.0393,M+H,+,1,0,120,,,,,98.02125,M+Na,+,1,0,60,,,,,93.06585,M+NH4,+,1,0,60,,,,,74.02475,M-H,-,1,0,60,,,
Nitroethane,XIC,eTargetCompound,C2H5NO2,,,ESI,5000,,0,,76.0393,M+H,+,1,0,120,,,,,98.02125,M+Na,+,1,0,60,,,,,93.06585,M+NH4,+,1,0,60,,,,,74.02475,M-H,-,1,0,60,,,
Semicarbazide,XIC,eTargetCompound,CH5N3O,,,ESI,5000,,0,,76.05054,M+H,+,1,0,120,,,,,98.03248,M+Na,+,1,0,60,,,,,93.07709,M+NH4,+,1,0,60,,,,,74.03599,M-H,-,1,0,60,,,
(R)-1-Aminopropan-2-ol,XIC,eTargetCompound,C3H9NO,,,ESI,5000,,0,,76.07569,M+H,+,1,0,120,,,,,98.05764,M+Na,+,1,0,60,,,,,93.10224,M+NH4,+,1,0,60,,,,,74.06114,M-H,-,1,0,60,,,
Trimethylamine N-oxide,XIC,eTargetCompound,C3H9NO,,,ESI,5000,,0,,76.07569,M+H,+,1,0,120,,,,,98.05764,M+Na,+,1,0,60,,,,,93.10224,M+NH4,+,1,0,60,,,,,74.06114,M-H,-,1,0,60,,,
Thioacetate,XIC,eTargetCompound,C2H4OS,,,ESI,5000,,0,,77.00556,M+H,+,1,0,120,,,,,98.98751,M+Na,+,1,0,60,,,,,94.03211,M+NH4,+,1,0,60,,,,,74.99101,M-H,-,1,0,60,,,
Thiourea,XIC,eTargetCompound,CH4N2S,,,ESI,5000,,0,,77.0168,M+H,+,1,0,120,,,,,98.99874,M+Na,+,1,0,60,,,,,94.04334,M+NH4,+,1,0,60,,,,,75.00224,M-H,-,1,0,60,,,
AG002_Glycolate,XIC,eTargetCompound,,,,ESI,5000,,,,,,,,,,,,,,,,,,,,,,,,,,,,,,,,,,75.0088,M-,-,1,8.58,60,,,
Trimethylsulfonium,XIC,eTargetCompound,C3H8S,,,ESI,5000,,0,,77.04195,M+H,+,1,0,120,,,,,99.02389,M+Na,+,1,0,60,,,,,94.0685,M+NH4,+,1,0,60,,,,,75.02739,M-H,-,1,0,60,,,
"(R)-Propane-1,2-diol",XIC,eTargetCompound,C3H8O2,,,ESI,5000,,0,,77.05971,M+H,+,1,0,120,,,,,99.04165,M+Na,+,1,0,60,,,,,94.08626,M+NH4,+,1,0,60,,,,,75.04515,M-H,-,1,0,60,,,
"Propane-1,2-diol",XIC,eTargetCompound,C3H8O2,,,ESI,5000,,0,,77.05971,M+H,+,1,0,120,,,,,99.04165,M+Na,+,1,0,60,,,,,94.08626,M+NH4,+,1,0,60,,,,,75.04515,M-H,-,1,0,60,,,
"Propane-1,3-diol",XIC,eTargetCompound,C3H8O2,,,ESI,5000,,0,,77.05971,M+H,+,1,0,120,,,,,99.04165,M+Na,+,1,0,60,,,,,94.08626,M+NH4,+,1,0,60,,,,,75.04515,M-H,-,1,0,60,,,
Cysteamine,XIC,eTargetCompound,C2H7NS,,,ESI,5000,,0,,78.0372,M+H,+,1,0,120,,,,,100.01914,M+Na,+,1,0,60,,,,,95.06375,M+NH4,+,1,0,60,,,,,76.02264,M-H,-,1,0,60,,,
Mercaptoethanol,XIC,eTargetCompound,C2H6OS,,,ESI,5000,,0,,79.02121,M+H,+,1,0,120,,,,,101.00316,M+Na,+,1,0,60,,,,,96.04776,M+NH4,+,1,0,60,,,,,77.00666,M-H,-,1,0,60,,,
Pyridine,XIC,eTargetCompound,C5H5N,,,ESI,5000,,0,,80.04948,M+H,+,1,0,120,,,,,102.03142,M+Na,+,1,0,60,,,,,97.07602,M+NH4,+,1,0,60,,,,,78.03492,M-H,-,1,0,60,,,
Pyrimidine,XIC,eTargetCompound,C4H4N2,,,ESI,5000,,0,,81.04472,M+H,+,1,0,120,,,,,103.02667,M+Na,+,1,0,60,,,,,98.07127,M+NH4,+,1,0,60,,,,,79.03017,M-H,-,1,0,60,,,
Sulfite,XIC,eTargetCompound,H2O3S,,,ESI,5000,,0,,82.97974,M+H,+,1,0,120,,,,,104.96169,M+Na,+,1,0,60,,,,,100.00629,M+NH4,+,1,0,60,,,,,80.96519,M-H,-,1,0,60,,,
Phosphonate,XIC,eTargetCompound,H3O3P,,,ESI,5000,,0,,82.98926,M+H,+,1,0,120,,,,,104.9712,M+Na,+,1,0,60,,,,,100.01581,M+NH4,+,1,0,60,,,,,80.9747,M-H,-,1,0,60,,,
5-Aminoimidazole,XIC,eTargetCompound,C3H5N3,,,ESI,5000,,0,,84.05562,M+H,+,1,0,120,,,,,106.03757,M+Na,+,1,0,60,,,,,101.08217,M+NH4,+,1,0,60,,,,,82.04107,M-H,-,1,0,60,,,
1-Methylpyrrolinium,XIC,eTargetCompound,C5H9N,,,ESI,5000,,0,,84.08078,M+H,+,1,0,120,,,,,106.06272,M+Na,+,1,0,60,,,,,101.10732,M+NH4,+,1,0,60,,,,,82.06622,M-H,-,1,0,60,,,
Piperideine,XIC,eTargetCompound,C5H9N,,,ESI,5000,,0,,84.08078,M+H,+,1,0,120,,,,,106.06272,M+Na,+,1,0,60,,,,,101.10732,M+NH4,+,1,0,60,,,,,82.06622,M-H,-,1,0,60,,,
4-Hydroxy-2-butynal,XIC,eTargetCompound,C4H4O2,,,ESI,5000,,0,,85.02841,M+H,+,1,0,120,,,,,107.01035,M+Na,+,1,0,60,,,,,102.05496,M+NH4,+,1,0,60,,,,,83.01385,M-H,-,1,0,60,,,
Imidazolone,XIC,eTargetCompound,C3H4N2O,,,ESI,5000,,0,,85.03964,M+H,+,1,0,120,,,,,107.02158,M+Na,+,1,0,60,,,,,102.06619,M+NH4,+,1,0,60,,,,,83.02509,M-H,-,1,0,60,,,
"3-Amino-1,2,4-triazole",XIC,eTargetCompound,C2H4N4,,,ESI,5000,,0,,85.05087,M+H,+,1,0,120,,,,,107.03282,M+Na,+,1,0,60,,,,,102.07742,M+NH4,+,1,0,60,,,,,83.03632,M-H,-,1,0,60,,,
3-Methylbut-2-enal,XIC,eTargetCompound,C5H8O,,,ESI,5000,,0,,85.06479,M+H,+,1,0,120,,,,,107.04674,M+Na,+,1,0,60,,,,,102.09134,M+NH4,+,1,0,60,,,,,83.05024,M-H,-,1,0,60,,,
Cyclopentanone,XIC,eTargetCompound,C5H8O,,,ESI,5000,,0,,85.06479,M+H,+,1,0,120,,,,,107.04674,M+Na,+,1,0,60,,,,,102.09134,M+NH4,+,1,0,60,,,,,83.05024,M-H,-,1,0,60,,,
Acetone cyanohydrin,XIC,eTargetCompound,C4H7NO,,,ESI,5000,,0,,86.06004,M+H,+,1,0,120,,,,,108.04199,M+Na,+,1,0,60,,,,,103.08659,M+NH4,+,1,0,60,,,,,84.04549,M-H,-,1,0,60,,,
Piperidine,XIC,eTargetCompound,C5H11N,,,ESI,5000,,0,,86.09643,M+H,+,1,0,120,,,,,108.07837,M+Na,+,1,0,60,,,,,103.12298,M+NH4,+,1,0,60,,,,,84.08187,M-H,-,1,0,60,,,
"1,4-Lactone",XIC,eTargetCompound,C4H6O2,,,ESI,5000,,0,,87.04406,M+H,+,1,0,120,,,,,109.026,M+Na,+,1,0,60,,,,,104.07061,M+NH4,+,1,0,60,,,,,85.0295,M-H,-,1,0,60,,,
"2,3-Butanedione (Diacetyl)",XIC,eTargetCompound,C4H6O2,,,ESI,5000,,0,,87.04406,M+H,+,1,0,120,,,,,109.026,M+Na,+,1,0,60,,,,,104.07061,M+NH4,+,1,0,60,,,,,85.0295,M-H,-,1,0,60,,,
2-Butenoate,XIC,eTargetCompound,C4H6O2,,,ESI,5000,,0,,87.04406,M+H,+,1,0,120,,,,,109.026,M+Na,+,1,0,60,,,,,104.07061,M+NH4,+,1,0,60,,,,,85.0295,M-H,-,1,0,60,,,
"2-Butyne-1,4-diol",XIC,eTargetCompound,C4H6O2,,,ESI,5000,,0,,87.04406,M+H,+,1,0,120,,,,,109.026,M+Na,+,1,0,60,,,,,104.07061,M+NH4,+,1,0,60,,,,,85.0295,M-H,-,1,0,60,,,
2-Methylbutanal,XIC,eTargetCompound,C5H10O,,,ESI,5000,,0,,87.08044,M+H,+,1,0,120,,,,,109.06239,M+Na,+,1,0,60,,,,,104.10699,M+NH4,+,1,0,60,,,,,85.06589,M-H,-,1,0,60,,,
3-Methylbutanal,XIC,eTargetCompound,C5H10O,,,ESI,5000,,0,,87.08044,M+H,+,1,0,120,,,,,109.06239,M+Na,+,1,0,60,,,,,104.10699,M+NH4,+,1,0,60,,,,,85.06589,M-H,-,1,0,60,,,
Cyclopentanol,XIC,eTargetCompound,C5H10O,,,ESI,5000,,0,,87.08044,M+H,+,1,0,120,,,,,109.06239,M+Na,+,1,0,60,,,,,104.10699,M+NH4,+,1,0,60,,,,,85.06589,M-H,-,1,0,60,,,
Pentan-2-one,XIC,eTargetCompound,C5H10O,,,ESI,5000,,0,,87.08044,M+H,+,1,0,120,,,,,109.06239,M+Na,+,1,0,60,,,,,104.10699,M+NH4,+,1,0,60,,,,,85.06589,M-H,-,1,0,60,,,
Prenol,XIC,eTargetCompound,C5H10O,,,ESI,5000,,0,,87.08044,M+H,+,1,0,120,,,,,109.06239,M+Na,+,1,0,60,,,,,104.10699,M+NH4,+,1,0,60,,,,,85.06589,M-H,-,1,0,60,,,
n-Hexane,XIC,eTargetCompound,C6H14,,,ESI,5000,,0,,87.11683,M+H,+,1,0,120,,,,,109.09877,M+Na,+,1,0,60,,,,,104.14338,M+NH4,+,1,0,60,,,,,85.10227,M-H,-,1,0,60,,,
2-Aminoacrylate,XIC,eTargetCompound,C3H5NO2,,,ESI,5000,,0,,88.0393,M+H,+,1,0,120,,,,,110.02125,M+Na,+,1,0,60,,,,,105.06585,M+NH4,+,1,0,60,,,,,86.02475,M-H,-,1,0,60,,,
2-Methylpropanal oxime,XIC,eTargetCompound,C4H9NO,,,ESI,5000,,0,,88.07569,M+H,+,1,0,120,,,,,110.05764,M+Na,+,1,0,60,,,,,105.10224,M+NH4,+,1,0,60,,,,,86.06114,M-H,-,1,0,60,,,
4-Aminobutanal,XIC,eTargetCompound,C4H9NO,,,ESI,5000,,0,,88.07569,M+H,+,1,0,120,,,,,110.05764,M+Na,+,1,0,60,,,,,105.10224,M+NH4,+,1,0,60,,,,,86.06114,M-H,-,1,0,60,,,
Morpholine,XIC,eTargetCompound,C4H9NO,,,ESI,5000,,0,,88.07569,M+H,+,1,0,120,,,,,110.05764,M+Na,+,1,0,60,,,,,105.10224,M+NH4,+,1,0,60,,,,,86.06114,M-H,-,1,0,60,,,
3-Hydroxypropenoate,XIC,eTargetCompound,C3H4O3,,,ESI,5000,,0,,89.02332,M+H,+,1,0,120,,,,,111.00527,M+Na,+,1,0,60,,,,,106.04987,M+NH4,+,1,0,60,,,,,87.00877,M-H,-,1,0,60,,,
3-Oxopropanoate,XIC,eTargetCompound,C3H4O3,,,ESI,5000,,0,,89.02332,M+H,+,1,0,120,,,,,111.00527,M+Na,+,1,0,60,,,,,106.04987,M+NH4,+,1,0,60,,,,,87.00877,M-H,-,1,0,60,,,
Pyruvic acid,XIC,eTargetCompound,C3H4O3,,,ESI,5000,,0,,89.02332,M+H,+,1,0,120,,,,,111.00527,M+Na,+,1,0,60,,,,,106.04987,M+NH4,+,1,0,60,,,,,87.00877,M-H,-,1,0,60,,,
AP001_Pyruvate,XIC,eTargetCompound,C3H4O3,,,ESI,5000,,0,,89.02332,M+H,+,1,0,120,,,,,111.00527,M+Na,+,1,0,60,,,,,106.04987,M+NH4,+,1,0,60,,,,,87.0088,M-,-,1,10.57,60,,,
(R)-Acetoin,XIC,eTargetCompound,C4H8O2,,,ESI,5000,,0,,89.05971,M+H,+,1,0,120,,,,,111.04165,M+Na,+,1,0,60,,,,,106.08626,M+NH4,+,1,0,60,,,,,87.04515,M-H,-,1,0,60,,,
(S)-Acetoin,XIC,eTargetCompound,C4H8O2,,,ESI,5000,,0,,89.05971,M+H,+,1,0,120,,,,,111.04165,M+Na,+,1,0,60,,,,,106.08626,M+NH4,+,1,0,60,,,,,87.04515,M-H,-,1,0,60,,,
"1,4-Dioxane",XIC,eTargetCompound,C4H8O2,,,ESI,5000,,0,,89.05971,M+H,+,1,0,120,,,,,111.04165,M+Na,+,1,0,60,,,,,106.08626,M+NH4,+,1,0,60,,,,,87.04515,M-H,-,1,0,60,,,
Butanoic acid,XIC,eTargetCompound,C4H8O2,,,ESI,5000,,0,,89.05971,M+H,+,1,0,120,,,,,111.04165,M+Na,+,1,0,60,,,,,106.08626,M+NH4,+,1,0,60,,,,,87.04515,M-H,-,1,0,60,,,
3-Methylbutanol,XIC,eTargetCompound,C5H12O,,,ESI,5000,,0,,89.09609,M+H,+,1,0,120,,,,,111.07804,M+Na,+,1,0,60,,,,,106.12264,M+NH4,+,1,0,60,,,,,87.08154,M-H,-,1,0,60,,,
"1,4-Diaminobutane; Putrescine",XIC,eTargetCompound,C4H12N2,,,ESI,5000,,0,,89.10732,M+H,+,1,0,120,,,,,111.08927,M+Na,+,1,0,60,,,,,106.13387,M+NH4,+,1,0,60,,,,,87.09277,M-H,-,1,0,60,,,
Oxamate,XIC,eTargetCompound,C2H3NO3,,,ESI,5000,,0,,90.01857,M+H,+,1,0,120,,,,,112.00051,M+Na,+,1,0,60,,,,,107.04512,M+NH4,+,1,0,60,,,,,88.00402,M-H,-,1,0,60,,,
AP001_13C1_Pyruvate,XIC,eTargetCompound,C3H4O3,,,ESI,5000,,0,,89.02332,M+H,+,1,0,120,,,,,112.00527,M+Na,+,1,0,60,,,,,107.04987,M+NH4,+,1,0,60,,,,,88.0121,M-,-,1,10.27,60,,,
Beta-Alanine,XIC,eTargetCompound,C3H7NO2,,,ESI,5000,,0,,90.05496,M+H,+,1,0,120,,,,,112.0369,M+Na,+,1,0,60,,,,,107.0815,M+NH4,+,1,0,60,,,,,88.0404,M-H,-,1,0,60,,,
D-Alanine,XIC,eTargetCompound,C3H7NO2,,,ESI,5000,,0,,90.05496,M+H,+,1,0,120,,,,,112.0369,M+Na,+,1,0,60,,,,,107.0815,M+NH4,+,1,0,60,,,,,88.0404,M-H,-,1,0,60,,,
L-Alanine,XIC,eTargetCompound,C3H7NO2,,,ESI,5000,,0,,90.05496,M+H,+,1,0,120,,,,,112.0369,M+Na,+,1,0,60,,,,,107.0815,M+NH4,+,1,0,60,,,,,88.0404,M-H,-,1,0,60,,,
Sarcosine,XIC,eTargetCompound,C3H7NO2,,,ESI,5000,,0,,90.05496,M+H,+,1,0,120,,,,,112.0369,M+Na,+,1,0,60,,,,,107.0815,M+NH4,+,1,0,60,,,,,88.0404,M-H,-,1,0,60,,,
Urethane; Ethyl carbamate,XIC,eTargetCompound,C3H7NO2,,,ESI,5000,,0,,90.05496,M+H,+,1,0,120,,,,,112.0369,M+Na,+,1,0,60,,,,,107.0815,M+NH4,+,1,0,60,,,,,88.0404,M-H,-,1,0,60,,,
Oxalic acid; Ethanedioic acid,XIC,eTargetCompound,C2H2O4,,,ESI,5000,,0,,91.00259,M+H,+,1,0,120,,,,,112.98453,M+Na,+,1,0,60,,,,,108.02913,M+NH4,+,1,0,60,,,,,88.98803,M-H,-,1,0,60,,,
Propanethial S-oxide,XIC,eTargetCompound,C3H6OS,,,ESI,5000,,0,,91.02121,M+H,+,1,0,120,,,,,113.00316,M+Na,+,1,0,60,,,,,108.04776,M+NH4,+,1,0,60,,,,,89.00666,M-H,-,1,0,60,,,
AL001_Lactate,XIC,eTargetCompound,C3H6O3,,,ESI,5000,,0,,91.03897,M+H,+,1,0,120,,,,,113.02092,M+Na,+,1,0,60,,,,,108.06552,M+NH4,+,1,0,60,,,,,89.0244,M-,-,1,8.41,120,,,
(R)-Lactate,XIC,eTargetCompound,C3H6O3,,,ESI,5000,,0,,91.03897,M+H,+,1,0,120,,,,,113.02092,M+Na,+,1,0,60,,,,,108.06552,M+NH4,+,1,0,60,,,,,89.02442,M-H,-,1,0,60,,,
(S)-Lactate,XIC,eTargetCompound,C3H6O3,,,ESI,5000,,0,,91.03897,M+H,+,1,0,120,,,,,113.02092,M+Na,+,1,0,60,,,,,108.06552,M+NH4,+,1,0,60,,,,,89.02442,M-H,-,1,0,60,,,
3-Hydroxypropanoate,XIC,eTargetCompound,C3H6O3,,,ESI,5000,,0,,91.03897,M+H,+,1,0,120,,,,,113.02092,M+Na,+,1,0,60,,,,,108.06552,M+NH4,+,1,0,60,,,,,89.02442,M-H,-,1,0,60,,,
D-Glyceraldehyde,XIC,eTargetCompound,C3H6O3,,,ESI,5000,,0,,91.03897,M+H,+,1,0,120,,,,,113.02092,M+Na,+,1,0,60,,,,,108.06552,M+NH4,+,1,0,60,,,,,89.02442,M-H,-,1,0,60,,,
Glycerone,XIC,eTargetCompound,C3H6O3,,,ESI,5000,,0,,91.03897,M+H,+,1,0,120,,,,,113.02092,M+Na,+,1,0,60,,,,,108.06552,M+NH4,+,1,0,60,,,,,89.02442,M-H,-,1,0,60,,,
Methylazoxymethanol,XIC,eTargetCompound,C2H6N2O2,,,ESI,5000,,0,,91.0502,M+H,+,1,0,120,,,,,113.03215,M+Na,+,1,0,60,,,,,108.07675,M+NH4,+,1,0,60,,,,,89.03565,M-H,-,1,0,60,,,
N-(Hydroxymethyl)urea,XIC,eTargetCompound,C2H6N2O2,,,ESI,5000,,0,,91.0502,M+H,+,1,0,120,,,,,113.03215,M+Na,+,1,0,60,,,,,108.07675,M+NH4,+,1,0,60,,,,,89.03565,M-H,-,1,0,60,,,
"(R,R)-Butane-2,3-diol",XIC,eTargetCompound,C4H10O2,,,ESI,5000,,0,,91.07536,M+H,+,1,0,120,,,,,113.0573,M+Na,+,1,0,60,,,,,108.10191,M+NH4,+,1,0,60,,,,,89.0608,M-H,-,1,0,60,,,
"(S,S)-Butane-2,3-diol",XIC,eTargetCompound,C4H10O2,,,ESI,5000,,0,,91.07536,M+H,+,1,0,120,,,,,113.0573,M+Na,+,1,0,60,,,,,108.10191,M+NH4,+,1,0,60,,,,,89.0608,M-H,-,1,0,60,,,
AP001_13C2_Pyruvate,XIC,eTargetCompound,C3H4O3,,,ESI,5000,,0,,89.02332,M+H,+,1,0,120,,,,,113.00527,M+Na,+,1,0,60,,,,,108.04987,M+NH4,+,1,0,60,,,,,90.0188,M-,-,1,32.32,30,,,
AP001_13C3_Pyruvate,XIC,eTargetCompound,C3H4O3,,,ESI,5000,,0,,89.02332,M+H,+,1,0,120,,,,,114.00527,M+Na,+,1,0,60,,,,,109.04987,M+NH4,+,1,0,60,,,,,90.0188,M-,-,1,9.73,30,,,
AL001_13C1_Lactate,XIC,eTargetCompound,C3H4O3,,,ESI,5000,,0,,91.03897,M+H,+,1,0,120,,,,,114.02092,M+Na,+,1,0,60,,,,,109.06552,M+NH4,+,1,0,60,,,,,90.0277,M-,-,1,8.41,50,,,
"3-Aminopropane-1,2-diol",XIC,eTargetCompound,C3H9NO2,,,ESI,5000,,0,,92.07061,M+H,+,1,0,120,,,,,114.05255,M+Na,+,1,0,60,,,,,109.09715,M+NH4,+,1,0,60,,,,,90.05605,M-H,-,1,0,60,,,
Thioglycolate,XIC,eTargetCompound,C2H4O2S,,,ESI,5000,,0,,93.00048,M+H,+,1,0,120,,,,,114.98242,M+Na,+,1,0,60,,,,,110.02703,M+NH4,+,1,0,60,,,,,90.98592,M-H,-,1,0,60,,,
AL001_13C2_Lactate,XIC,eTargetCompound,C3H6O3,,,ESI,5000,,0,,91.03897,M+H,+,1,0,120,,,,,115.02092,M+Na,+,1,0,60,,,,,110.06552,M+NH4,+,1,0,60,,,,,91.0311,M-,-,1,8.54,20,,,
Glycerol,XIC,eTargetCompound,C3H8O3,,,ESI,5000,,0,,93.05462,M+H,+,1,0,120,,,,,115.03657,M+Na,+,1,0,60,,,,,110.08117,M+NH4,+,1,0,60,,,,,91.04007,M-H,-,1,0,60,,,
AL001_13C3_Lactate,XIC,eTargetCompound,C3H6O3,,,ESI,5000,,0,,91.03897,M+H,+,1,0,120,,,,,116.02092,M+Na,+,1,0,60,,,,,111.06552,M+NH4,+,1,0,60,,,,,92.0344,M+,-,1,8.1,30,,,
N-Methylpyridinium,XIC,eTargetCompound,C6H7N,,,ESI,5000,,0,,94.06513,M+H,+,1,0,120,,,,,116.04707,M+Na,+,1,0,60,,,,,111.09167,M+NH4,+,1,0,60,,,,,92.05057,M-H,-,1,0,60,,,
Dimethyl disulfide,XIC,eTargetCompound,C2H6S2,,,ESI,5000,,0,,94.99837,M+H,+,1,0,120,,,,,116.98031,M+Na,+,1,0,60,,,,,112.02492,M+NH4,+,1,0,60,,,,,92.98381,M-H,-,1,0,60,,,
Sulfonylbismethane,XIC,eTargetCompound,C2H6O2S,,,ESI,5000,,0,,95.01613,M+H,+,1,0,120,,,,,116.99807,M+Na,+,1,0,60,,,,,112.04268,M+NH4,+,1,0,60,,,,,93.00157,M-H,-,1,0,60,,,
Phenol,XIC,eTargetCompound,C6H6O,,,ESI,5000,,0,,95.04914,M+H,+,1,0,120,,,,,117.03109,M+Na,+,1,0,60,,,,,112.07569,M+NH4,+,1,0,60,,,,,93.03459,M-H,-,1,0,60,,,
2-Hydroxypyridine,XIC,eTargetCompound,C5H5NO,,,ESI,5000,,0,,96.04439,M+H,+,1,0,120,,,,,118.02634,M+Na,+,1,0,60,,,,,113.07094,M+NH4,+,1,0,60,,,,,94.02984,M-H,-,1,0,60,,,
Methanesulfonic acid,XIC,eTargetCompound,CH4O3S,,,ESI,5000,,0,,96.99539,M+H,+,1,0,120,,,,,118.97734,M+Na,+,1,0,60,,,,,114.02194,M+NH4,+,1,0,60,,,,,94.98084,M-H,-,1,0,60,,,
Furfural; Furan-2-carbaldehyde,XIC,eTargetCompound,C5H4O2,,,ESI,5000,,0,,97.02841,M+H,+,1,0,120,,,,,119.01035,M+Na,+,1,0,60,,,,,114.05496,M+NH4,+,1,0,60,,,,,95.01385,M-H,-,1,0,60,,,
Cyclohex-2-enone,XIC,eTargetCompound,C6H8O,,,ESI,5000,,0,,97.06479,M+H,+,1,0,120,,,,,119.04674,M+Na,+,1,0,60,,,,,114.09134,M+NH4,+,1,0,60,,,,,95.05024,M-H,-,1,0,60,,,
Phosphoramidate,XIC,eTargetCompound,H4NO3P,,,ESI,5000,,0,,98.00016,M+H,+,1,0,120,,,,,119.9821,M+Na,+,1,0,60,,,,,115.02671,M+NH4,+,1,0,60,,,,,95.9856,M-H,-,1,0,60,,,
Maleimide,XIC,eTargetCompound,C4H3NO2,,,ESI,5000,,0,,98.02365,M+H,+,1,0,120,,,,,120.0056,M+Na,+,1,0,60,,,,,115.0502,M+NH4,+,1,0,60,,,,,96.0091,M-H,-,1,0,60,,,
Sulfate,XIC,eTargetCompound,H2O4S,,,ESI,5000,,0,,98.97466,M+H,+,1,0,120,,,,,120.9566,M+Na,+,1,0,60,,,,,116.0012,M+NH4,+,1,0,60,,,,,96.9601,M-H,-,1,0,60,,,
Orthophosphate,XIC,eTargetCompound,H3O4P,,,ESI,5000,,0,,98.98417,M+H,+,1,0,120,,,,,120.96612,M+Na,+,1,0,60,,,,,116.01072,M+NH4,+,1,0,60,,,,,96.96962,M-H,-,1,0,60,,,
[FA (6:1)] 2-hexenal,XIC,eTargetCompound,C6H10O,,,ESI,5000,,0,,99.08044,M+H,+,1,0,120,,,,,121.06239,M+Na,+,1,0,60,,,,,116.10699,M+NH4,+,1,0,60,,,,,97.06589,M-H,-,1,0,60,,,
3-Hexenal,XIC,eTargetCompound,C6H10O,,,ESI,5000,,0,,99.08044,M+H,+,1,0,120,,,,,121.06239,M+Na,+,1,0,60,,,,,116.10699,M+NH4,+,1,0,60,,,,,97.06589,M-H,-,1,0,60,,,
Hydantoin,XIC,eTargetCompound,C3H4N2O2,,,ESI,5000,,0,,101.03455,M+H,+,1,0,120,,,,,123.0165,M+Na,+,1,0,60,,,,,118.0611,M+NH4,+,1,0,60,,,,,99.02,M-H,-,1,0,60,,,
5-Valerolactone,XIC,eTargetCompound,C5H8O2,,,ESI,5000,,0,,101.05971,M+H,+,1,0,120,,,,,123.04165,M+Na,+,1,0,60,,,,,118.08626,M+NH4,+,1,0,60,,,,,99.04515,M-H,-,1,0,60,,,
glutaraldehyde,XIC,eTargetCompound,C5H8O2,,,ESI,5000,,0,,101.05971,M+H,+,1,0,120,,,,,123.04165,M+Na,+,1,0,60,,,,,118.08626,M+NH4,+,1,0,60,,,,,99.04515,M-H,-,1,0,60,,,
"Pentane-2,4-dione",XIC,eTargetCompound,C5H8O2,,,ESI,5000,,0,,101.05971,M+H,+,1,0,120,,,,,123.04165,M+Na,+,1,0,60,,,,,118.08626,M+NH4,+,1,0,60,,,,,99.04515,M-H,-,1,0,60,,,
"Tiglic acid; 2,3-Dimethylacrylate",XIC,eTargetCompound,C5H8O2,,,ESI,5000,,0,,101.05971,M+H,+,1,0,120,,,,,123.04165,M+Na,+,1,0,60,,,,,118.08626,M+NH4,+,1,0,60,,,,,99.04515,M-H,-,1,0,60,,,
[FA (6:0)] 3Z-hexenol,XIC,eTargetCompound,C6H12O,,,ESI,5000,,0,,101.09609,M+H,+,1,0,120,,,,,123.07804,M+Na,+,1,0,60,,,,,118.12264,M+NH4,+,1,0,60,,,,,99.08154,M-H,-,1,0,60,,,
4-Methylpentanal,XIC,eTargetCompound,C6H12O,,,ESI,5000,,0,,101.09609,M+H,+,1,0,120,,,,,123.07804,M+Na,+,1,0,60,,,,,118.12264,M+NH4,+,1,0,60,,,,,99.08154,M-H,-,1,0,60,,,
1-Aminocyclopropane-1-carboxylate,XIC,eTargetCompound,C4H7NO2,,,ESI,5000,,0,,102.05496,M+H,+,1,0,120,,,,,124.0369,M+Na,+,1,0,60,,,,,119.0815,M+NH4,+,1,0,60,,,,,100.0404,M-H,-,1,0,60,,,
2-Aminobutan-4-olide,XIC,eTargetCompound,C4H7NO2,,,ESI,5000,,0,,102.05496,M+H,+,1,0,120,,,,,124.0369,M+Na,+,1,0,60,,,,,119.0815,M+NH4,+,1,0,60,,,,,100.0404,M-H,-,1,0,60,,,
L-Azetidine 2-carboxylic acid,XIC,eTargetCompound,C4H7NO2,,,ESI,5000,,0,,102.05496,M+H,+,1,0,120,,,,,124.0369,M+Na,+,1,0,60,,,,,119.0815,M+NH4,+,1,0,60,,,,,100.0404,M-H,-,1,0,60,,,
2-Methylpropanal O-methyloxime,XIC,eTargetCompound,C5H11NO,,,ESI,5000,,0,,102.09134,M+H,+,1,0,120,,,,,124.07329,M+Na,+,1,0,60,,,,,119.11789,M+NH4,+,1,0,60,,,,,100.07679,M-H,-,1,0,60,,,
4-Methylaminobutanal,XIC,eTargetCompound,C5H11NO,,,ESI,5000,,0,,102.09134,M+H,+,1,0,120,,,,,124.07329,M+Na,+,1,0,60,,,,,119.11789,M+NH4,+,1,0,60,,,,,100.07679,M-H,-,1,0,60,,,
5-Aminopentanal,XIC,eTargetCompound,C5H11NO,,,ESI,5000,,0,,102.09134,M+H,+,1,0,120,,,,,124.07329,M+Na,+,1,0,60,,,,,119.11789,M+NH4,+,1,0,60,,,,,100.07679,M-H,-,1,0,60,,,
Betaine aldehyde,XIC,eTargetCompound,C5H11NO,,,ESI,5000,,0,,102.09134,M+H,+,1,0,120,,,,,124.07329,M+Na,+,1,0,60,,,,,119.11789,M+NH4,+,1,0,60,,,,,100.07679,M-H,-,1,0,60,,,
Pentanamide,XIC,eTargetCompound,C5H11NO,,,ESI,5000,,0,,102.09134,M+H,+,1,0,120,,,,,124.07329,M+Na,+,1,0,60,,,,,119.11789,M+NH4,+,1,0,60,,,,,100.07679,M-H,-,1,0,60,,,
Hexylamine,XIC,eTargetCompound,C6H15N,,,ESI,5000,,0,,102.12773,M+H,+,1,0,120,,,,,124.10967,M+Na,+,1,0,60,,,,,119.15428,M+NH4,+,1,0,60,,,,,100.11317,M-H,-,1,0,60,,,
Triethylamine,XIC,eTargetCompound,C6H15N,,,ESI,5000,,0,,102.12773,M+H,+,1,0,120,,,,,124.10967,M+Na,+,1,0,60,,,,,119.15428,M+NH4,+,1,0,60,,,,,100.11317,M-H,-,1,0,60,,,
AA005_Acetoacetate,XIC,eTargetCompound,C4H6O3,,,ESI,5000,,0,,103.03897,M+H,+,1,0,120,,,,,125.02092,M+Na,+,1,0,60,,,,,120.06552,M+NH4,+,1,0,60,,,,,101.0244,M-,-,1,11.65,45,,,
AO003_2-Oxobutyrate,XIC,eTargetCompound,C4H6O3,,,ESI,5000,,0,,103.03897,M+H,+,1,0,120,,,,,125.02092,M+Na,+,1,0,60,,,,,120.06552,M+NH4,+,1,0,60,,,,,101.0244,M-,-,1,11.65,60,,,
(S)-Methylmalonate semialdehyde,XIC,eTargetCompound,C4H6O3,,,ESI,5000,,0,,103.03897,M+H,+,1,0,120,,,,,125.02092,M+Na,+,1,0,60,,,,,120.06552,M+NH4,+,1,0,60,,,,,101.02442,M-H,-,1,0,60,,,
2-Ketobutyric acid,XIC,eTargetCompound,C4H6O3,,,ESI,5000,,0,,103.03897,M+H,+,1,0,120,,,,,125.02092,M+Na,+,1,0,60,,,,,120.06552,M+NH4,+,1,0,60,,,,,101.02442,M-H,-,1,0,60,,,
2-Methyl-3-oxopropanoate,XIC,eTargetCompound,C4H6O3,,,ESI,5000,,0,,103.03897,M+H,+,1,0,120,,,,,125.02092,M+Na,+,1,0,60,,,,,120.06552,M+NH4,+,1,0,60,,,,,101.02442,M-H,-,1,0,60,,,
Acetoacetate,XIC,eTargetCompound,C4H6O3,,,ESI,5000,,0,,103.03897,M+H,+,1,0,120,,,,,125.02092,M+Na,+,1,0,60,,,,,120.06552,M+NH4,+,1,0,60,,,,,101.02442,M-H,-,1,0,60,,,
Succinic acid semialdehyde,XIC,eTargetCompound,C4H6O3,,,ESI,5000,,0,,103.03897,M+H,+,1,0,120,,,,,125.02092,M+Na,+,1,0,60,,,,,120.06552,M+NH4,+,1,0,60,,,,,101.02442,M-H,-,1,0,60,,,
L-cycloserine,XIC,eTargetCompound,C3H6N2O2,,,ESI,5000,,0,,103.0502,M+H,+,1,0,120,,,,,125.03215,M+Na,+,1,0,60,,,,,120.07675,M+NH4,+,1,0,60,,,,,101.03565,M-H,-,1,0,60,,,
N-Formiminoglycine,XIC,eTargetCompound,C3H6N2O2,,,ESI,5000,,0,,103.0502,M+H,+,1,0,120,,,,,125.03215,M+Na,+,1,0,60,,,,,120.07675,M+NH4,+,1,0,60,,,,,101.03565,M-H,-,1,0,60,,,
3-Methylbutanoic acid,XIC,eTargetCompound,C5H10O2,,,ESI,5000,,0,,103.07536,M+H,+,1,0,120,,,,,125.0573,M+Na,+,1,0,60,,,,,120.10191,M+NH4,+,1,0,60,,,,,101.0608,M-H,-,1,0,60,,,
DL-2-Methylbutyric acid,XIC,eTargetCompound,C5H10O2,,,ESI,5000,,0,,103.07536,M+H,+,1,0,120,,,,,125.0573,M+Na,+,1,0,60,,,,,120.10191,M+NH4,+,1,0,60,,,,,101.0608,M-H,-,1,0,60,,,
Valeric acid; Pentanoic acid,XIC,eTargetCompound,C5H10O2,,,ESI,5000,,0,,103.07536,M+H,+,1,0,120,,,,,125.0573,M+Na,+,1,0,60,,,,,120.10191,M+NH4,+,1,0,60,,,,,101.0608,M-H,-,1,0,60,,,
Cadaverine,XIC,eTargetCompound,C5H14N2,,,ESI,5000,,0,,103.12298,M+H,+,1,0,120,,,,,125.10492,M+Na,+,1,0,60,,,,,120.14952,M+NH4,+,1,0,60,,,,,101.10842,M-H,-,1,0,60,,,
N-Methylputrescine,XIC,eTargetCompound,C5H14N2,,,ESI,5000,,0,,103.12298,M+H,+,1,0,120,,,,,125.10492,M+Na,+,1,0,60,,,,,120.14952,M+NH4,+,1,0,60,,,,,101.10842,M-H,-,1,0,60,,,
2-Aminomalonate semialdehyde,XIC,eTargetCompound,C3H5NO3,,,ESI,5000,,0,,104.03422,M+H,+,1,0,120,,,,,126.01616,M+Na,+,1,0,60,,,,,121.06077,M+NH4,+,1,0,60,,,,,102.01967,M-H,-,1,0,60,,,
Pyruvate oxime,XIC,eTargetCompound,C3H5NO3,,,ESI,5000,,0,,104.03422,M+H,+,1,0,120,,,,,126.01616,M+Na,+,1,0,60,,,,,121.06077,M+NH4,+,1,0,60,,,,,102.01967,M-H,-,1,0,60,,,
(R)-3-Amino-2-methylpropanoate,XIC,eTargetCompound,C4H9NO2,,,ESI,5000,,0,,104.07061,M+H,+,1,0,120,,,,,126.05255,M+Na,+,1,0,60,,,,,121.09715,M+NH4,+,1,0,60,,,,,102.05605,M-H,-,1,0,60,,,
[FA amino(4:0)] 2R-amino-butanoic acid,XIC,eTargetCompound,C4H9NO2,,,ESI,5000,,0,,104.07061,M+H,+,1,0,120,,,,,126.05255,M+Na,+,1,0,60,,,,,121.09715,M+NH4,+,1,0,60,,,,,102.05605,M-H,-,1,0,60,,,
2-Aminoisobutyric acid,XIC,eTargetCompound,C4H9NO2,,,ESI,5000,,0,,104.07061,M+H,+,1,0,120,,,,,126.05255,M+Na,+,1,0,60,,,,,121.09715,M+NH4,+,1,0,60,,,,,102.05605,M-H,-,1,0,60,,,
"D,L-3-Aminoisobutanoic acid",XIC,eTargetCompound,C4H9NO2,,,ESI,5000,,0,,104.07061,M+H,+,1,0,120,,,,,126.05255,M+Na,+,1,0,60,,,,,121.09715,M+NH4,+,1,0,60,,,,,102.05605,M-H,-,1,0,60,,,
Dimethylglycine,XIC,eTargetCompound,C4H9NO2,,,ESI,5000,,0,,104.07061,M+H,+,1,0,120,,,,,126.05255,M+Na,+,1,0,60,,,,,121.09715,M+NH4,+,1,0,60,,,,,102.05605,M-H,-,1,0,60,,,
Gamma-Aminobutyric acid (GABA),XIC,eTargetCompound,C4H9NO2,,,ESI,5000,,0,,104.07061,M+H,+,1,0,120,,,,,126.05255,M+Na,+,1,0,60,,,,,121.09715,M+NH4,+,1,0,60,,,,,102.05605,M-H,-,1,0,60,,,
L-3-Amino-isobutanoate,XIC,eTargetCompound,C4H9NO2,,,ESI,5000,,0,,104.07061,M+H,+,1,0,120,,,,,126.05255,M+Na,+,1,0,60,,,,,121.09715,M+NH4,+,1,0,60,,,,,102.05605,M-H,-,1,0,60,,,
L-Alpha-aminobutyric acid,XIC,eTargetCompound,C4H9NO2,,,ESI,5000,,0,,104.07061,M+H,+,1,0,120,,,,,126.05255,M+Na,+,1,0,60,,,,,121.09715,M+NH4,+,1,0,60,,,,,102.05605,M-H,-,1,0,60,,,
N-Ethylglycine,XIC,eTargetCompound,C4H9NO2,,,ESI,5000,,0,,104.07061,M+H,+,1,0,120,,,,,126.05255,M+Na,+,1,0,60,,,,,121.09715,M+NH4,+,1,0,60,,,,,102.05605,M-H,-,1,0,60,,,
N-methylalanine,XIC,eTargetCompound,C4H9NO2,,,ESI,5000,,0,,104.07061,M+H,+,1,0,120,,,,,126.05255,M+Na,+,1,0,60,,,,,121.09715,M+NH4,+,1,0,60,,,,,102.05605,M-H,-,1,0,60,,,
Choline,XIC,eTargetCompound,C5H13NO,,,ESI,5000,,0,,104.10699,M+H,+,1,0,120,,,,,126.08894,M+Na,+,1,0,60,,,,,121.13354,M+NH4,+,1,0,60,,,,,102.09244,M-H,-,1,0,60,,,
2-Hydroxy-3-oxopropanoate,XIC,eTargetCompound,C3H4O4,,,ESI,5000,,0,,105.01824,M+H,+,1,0,120,,,,,127.00018,M+Na,+,1,0,60,,,,,122.04478,M+NH4,+,1,0,60,,,,,103.00368,M-H,-,1,0,60,,,
Hydroxypyruvate,XIC,eTargetCompound,C3H4O4,,,ESI,5000,,0,,105.01824,M+H,+,1,0,120,,,,,127.00018,M+Na,+,1,0,60,,,,,122.04478,M+NH4,+,1,0,60,,,,,103.00368,M-H,-,1,0,60,,,
Malonic acid,XIC,eTargetCompound,C3H4O4,,,ESI,5000,,0,,105.01824,M+H,+,1,0,120,,,,,127.00018,M+Na,+,1,0,60,,,,,122.04478,M+NH4,+,1,0,60,,,,,103.00368,M-H,-,1,0,60,,,
Urea-1-carboxylate,XIC,eTargetCompound,C2H4N2O3,,,ESI,5000,,0,,105.02947,M+H,+,1,0,120,,,,,127.01141,M+Na,+,1,0,60,,,,,122.05602,M+NH4,+,1,0,60,,,,,103.01492,M-H,-,1,0,60,,,
tetrahydrothiophene 1-oxide,XIC,eTargetCompound,C4H8OS,,,ESI,5000,,0,,105.03686,M+H,+,1,0,120,,,,,127.01881,M+Na,+,1,0,60,,,,,122.06341,M+NH4,+,1,0,60,,,,,103.02231,M-H,-,1,0,60,,,
(R)-3-Hydroxybutanoate,XIC,eTargetCompound,C4H8O3,,,ESI,5000,,0,,105.05462,M+H,+,1,0,120,,,,,127.03657,M+Na,+,1,0,60,,,,,122.08117,M+NH4,+,1,0,60,,,,,103.04007,M-H,-,1,0,60,,,
(S)-3-Hydroxybutanoate,XIC,eTargetCompound,C4H8O3,,,ESI,5000,,0,,105.05462,M+H,+,1,0,120,,,,,127.03657,M+Na,+,1,0,60,,,,,122.08117,M+NH4,+,1,0,60,,,,,103.04007,M-H,-,1,0,60,,,
(S)-3-Hydroxyisobutyrate,XIC,eTargetCompound,C4H8O3,,,ESI,5000,,0,,105.05462,M+H,+,1,0,120,,,,,127.03657,M+Na,+,1,0,60,,,,,122.08117,M+NH4,+,1,0,60,,,,,103.04007,M-H,-,1,0,60,,,
2-Hydroxybutanoic acid,XIC,eTargetCompound,C4H8O3,,,ESI,5000,,0,,105.05462,M+H,+,1,0,120,,,,,127.03657,M+Na,+,1,0,60,,,,,122.08117,M+NH4,+,1,0,60,,,,,103.04007,M-H,-,1,0,60,,,
3-Hydroxybutyric acid,XIC,eTargetCompound,C4H8O3,,,ESI,5000,,0,,105.05462,M+H,+,1,0,120,,,,,127.03657,M+Na,+,1,0,60,,,,,122.08117,M+NH4,+,1,0,60,,,,,103.04007,M-H,-,1,0,60,,,
4-Hydroxybutanoic acid,XIC,eTargetCompound,C4H8O3,,,ESI,5000,,0,,105.05462,M+H,+,1,0,120,,,,,127.03657,M+Na,+,1,0,60,,,,,122.08117,M+NH4,+,1,0,60,,,,,103.04007,M-H,-,1,0,60,,,
AH001_β-Hydroxybutyrate,XIC,eTargetCompound,C4H8O3,,,ESI,5000,,0,,105.05462,M+H,+,1,0,120,,,,,127.03657,M+Na,+,1,0,60,,,,,122.08117,M+NH4,+,1,0,60,,,,,103.0401,M-,-,1,8.25,60,,,
"2,3-Diaminopropionic acid",XIC,eTargetCompound,C3H8N2O2,,,ESI,5000,,0,,105.06585,M+H,+,1,0,120,,,,,127.0478,M+Na,+,1,0,60,,,,,122.0924,M+NH4,+,1,0,60,,,,,103.0513,M-H,-,1,0,60,,,
D-Serine,XIC,eTargetCompound,C3H7NO3,,,ESI,5000,,0,,106.04987,M+H,+,1,0,120,,,,,128.03181,M+Na,+,1,0,60,,,,,123.07642,M+NH4,+,1,0,60,,,,,104.03532,M-H,-,1,0,60,,,
L-Serine,XIC,eTargetCompound,C3H7NO3,,,ESI,5000,,0,,106.04987,M+H,+,1,0,120,,,,,128.03181,M+Na,+,1,0,60,,,,,123.07642,M+NH4,+,1,0,60,,,,,104.03532,M-H,-,1,0,60,,,
3-Methylthiopropanamine,XIC,eTargetCompound,C4H11NS,,,ESI,5000,,0,,106.0685,M+H,+,1,0,120,,,,,128.05044,M+Na,+,1,0,60,,,,,123.09505,M+NH4,+,1,0,60,,,,,104.05394,M-H,-,1,0,60,,,
S-Methylthioglycolate,XIC,eTargetCompound,C3H6O2S,,,ESI,5000,,0,,107.01613,M+H,+,1,0,120,,,,,128.99807,M+Na,+,1,0,60,,,,,124.04268,M+NH4,+,1,0,60,,,,,105.00157,M-H,-,1,0,60,,,
AG009_D-Glyceric_acid,XIC,eTargetCompound,C3H6O4,,,ESI,5000,,0,,107.03389,M+H,+,1,0,120,,,,,129.01583,M+Na,+,1,0,60,,,,,124.06043,M+NH4,+,1,0,60,,,,,105.0193,M-,-,1,8.34,60,,,
"D-Glyceric acid; a,b-Hydroxypropionic acid",XIC,eTargetCompound,C3H6O4,,,ESI,5000,,0,,107.03389,M+H,+,1,0,120,,,,,129.01583,M+Na,+,1,0,60,,,,,124.06043,M+NH4,+,1,0,60,,,,,105.01933,M-H,-,1,0,60,,,
Benzaldehyde,XIC,eTargetCompound,C7H6O,,,ESI,5000,,0,,107.04914,M+H,+,1,0,120,,,,,129.03109,M+Na,+,1,0,60,,,,,124.07569,M+NH4,+,1,0,60,,,,,105.03459,M-H,-,1,0,60,,,
Pyridine-3-aldehyde,XIC,eTargetCompound,C6H5NO,,,ESI,5000,,0,,108.04439,M+H,+,1,0,120,,,,,130.02634,M+Na,+,1,0,60,,,,,125.07094,M+NH4,+,1,0,60,,,,,106.02984,M-H,-,1,0,60,,,
Benzylamine,XIC,eTargetCompound,C7H9N,,,ESI,5000,,0,,108.08078,M+H,+,1,0,120,,,,,130.06272,M+Na,+,1,0,60,,,,,125.10732,M+NH4,+,1,0,60,,,,,106.06622,M-H,-,1,0,60,,,
N-Methylaniline,XIC,eTargetCompound,C7H9N,,,ESI,5000,,0,,108.08078,M+H,+,1,0,120,,,,,130.06272,M+Na,+,1,0,60,,,,,125.10732,M+NH4,+,1,0,60,,,,,106.06622,M-H,-,1,0,60,,,
"1,2-Benzoquinone",XIC,eTargetCompound,C6H4O2,,,ESI,5000,,0,,109.02841,M+H,+,1,0,120,,,,,131.01035,M+Na,+,1,0,60,,,,,126.05496,M+NH4,+,1,0,60,,,,,107.01385,M-H,-,1,0,60,,,
Anisole,XIC,eTargetCompound,C7H8O,,,ESI,5000,,0,,109.06479,M+H,+,1,0,120,,,,,131.04674,M+Na,+,1,0,60,,,,,126.09134,M+NH4,+,1,0,60,,,,,107.05024,M-H,-,1,0,60,,,
p-Cresol,XIC,eTargetCompound,C7H8O,,,ESI,5000,,0,,109.06479,M+H,+,1,0,120,,,,,131.04674,M+Na,+,1,0,60,,,,,126.09134,M+NH4,+,1,0,60,,,,,107.05024,M-H,-,1,0,60,,,
"1,2-Diaminobenzene",XIC,eTargetCompound,C6H8N2,,,ESI,5000,,0,,109.07602,M+H,+,1,0,120,,,,,131.05797,M+Na,+,1,0,60,,,,,126.10257,M+NH4,+,1,0,60,,,,,107.06147,M-H,-,1,0,60,,,
Phenylenediamine,XIC,eTargetCompound,C6H8N2,,,ESI,5000,,0,,109.07602,M+H,+,1,0,120,,,,,131.05797,M+Na,+,1,0,60,,,,,126.10257,M+NH4,+,1,0,60,,,,,107.06147,M-H,-,1,0,60,,,
Phenylhydrazine,XIC,eTargetCompound,C6H8N2,,,ESI,5000,,0,,109.07602,M+H,+,1,0,120,,,,,131.05797,M+Na,+,1,0,60,,,,,126.10257,M+NH4,+,1,0,60,,,,,107.06147,M-H,-,1,0,60,,,
Hypotaurine,XIC,eTargetCompound,C2H7NO2S,,,ESI,5000,,0,,110.02703,M+H,+,1,0,120,,,,,132.00897,M+Na,+,1,0,60,,,,,127.05357,M+NH4,+,1,0,60,,,,,108.01247,M-H,-,1,0,60,,,
Benzosemiquinone,XIC,eTargetCompound,C6H5O2,,,ESI,5000,,0,,110.03623,M+H,+,1,0,120,,,,,132.01818,M+Na,+,1,0,60,,,,,127.06278,M+NH4,+,1,0,60,,,,,108.02168,M-H,-,1,0,60,,,
2-Aminophenol,XIC,eTargetCompound,C6H7NO,,,ESI,5000,,0,,110.06004,M+H,+,1,0,120,,,,,132.04199,M+Na,+,1,0,60,,,,,127.08659,M+NH4,+,1,0,60,,,,,108.04549,M-H,-,1,0,60,,,
Dimethyl selenide,XIC,eTargetCompound,C2H6Se,,,ESI,5000,,0,,110.97075,M+H,+,1,0,120,,,,,132.95269,M+Na,+,1,0,60,,,,,127.9973,M+NH4,+,1,0,60,,,,,108.9562,M-H,-,1,0,60,,,
phosphonoformaldehyde,XIC,eTargetCompound,CH3O4P,,,ESI,5000,,0,,110.98417,M+H,+,1,0,120,,,,,132.96612,M+Na,+,1,0,60,,,,,128.01072,M+NH4,+,1,0,60,,,,,108.96962,M-H,-,1,0,60,,,
"Catechol; 1,2-Dihydroxybenzene",XIC,eTargetCompound,C6H6O2,,,ESI,5000,,0,,111.04406,M+H,+,1,0,120,,,,,133.026,M+Na,+,1,0,60,,,,,128.07061,M+NH4,+,1,0,60,,,,,109.0295,M-H,-,1,0,60,,,
p-Benzenediol,XIC,eTargetCompound,C6H6O2,,,ESI,5000,,0,,111.04406,M+H,+,1,0,120,,,,,133.026,M+Na,+,1,0,60,,,,,128.07061,M+NH4,+,1,0,60,,,,,109.0295,M-H,-,1,0,60,,,
Imidazole-4-acetaldehyde,XIC,eTargetCompound,C5H6N2O,,,ESI,5000,,0,,111.05529,M+H,+,1,0,120,,,,,133.03723,M+Na,+,1,0,60,,,,,128.08184,M+NH4,+,1,0,60,,,,,109.04074,M-H,-,1,0,60,,,
N-Acetylimidazole,XIC,eTargetCompound,C5H6N2O,,,ESI,5000,,0,,111.05529,M+H,+,1,0,120,,,,,133.03723,M+Na,+,1,0,60,,,,,128.08184,M+NH4,+,1,0,60,,,,,109.04074,M-H,-,1,0,60,,,
AMPA,XIC,eTargetCompound,CH6NO3P,,,ESI,5000,,0,,112.01581,M+H,+,1,0,120,,,,,133.99775,M+Na,+,1,0,60,,,,,129.04236,M+NH4,+,1,0,60,,,,,110.00125,M-H,-,1,0,60,,,
"2,5-Dihydroxypyridine",XIC,eTargetCompound,C5H5NO2,,,ESI,5000,,0,,112.0393,M+H,+,1,0,120,,,,,134.02125,M+Na,+,1,0,60,,,,,129.06585,M+NH4,+,1,0,60,,,,,110.02475,M-H,-,1,0,60,,,
"2,6-Dihydroxypyridine",XIC,eTargetCompound,C5H5NO2,,,ESI,5000,,0,,112.0393,M+H,+,1,0,120,,,,,134.02125,M+Na,+,1,0,60,,,,,129.06585,M+NH4,+,1,0,60,,,,,110.02475,M-H,-,1,0,60,,,
"3,4-Dihydroxypyridine",XIC,eTargetCompound,C5H5NO2,,,ESI,5000,,0,,112.0393,M+H,+,1,0,120,,,,,134.02125,M+Na,+,1,0,60,,,,,129.06585,M+NH4,+,1,0,60,,,,,110.02475,M-H,-,1,0,60,,,
3-hydroxy-4h-pyrid-4-one,XIC,eTargetCompound,C5H5NO2,,,ESI,5000,,0,,112.0393,M+H,+,1,0,120,,,,,134.02125,M+Na,+,1,0,60,,,,,129.06585,M+NH4,+,1,0,60,,,,,110.02475,M-H,-,1,0,60,,,
Pyrrole-2-carboxylic acid,XIC,eTargetCompound,C5H5NO2,,,ESI,5000,,0,,112.0393,M+H,+,1,0,120,,,,,134.02125,M+Na,+,1,0,60,,,,,129.06585,M+NH4,+,1,0,60,,,,,110.02475,M-H,-,1,0,60,,,
Cytosine,XIC,eTargetCompound,C4H5N3O,,,ESI,5000,,0,,112.05054,M+H,+,1,0,120,,,,,134.03248,M+Na,+,1,0,60,,,,,129.07709,M+NH4,+,1,0,60,,,,,110.03599,M-H,-,1,0,60,,,
Histamine,XIC,eTargetCompound,C5H9N3,,,ESI,5000,,0,,112.08692,M+H,+,1,0,120,,,,,134.06887,M+Na,+,1,0,60,,,,,129.11347,M+NH4,+,1,0,60,,,,,110.07237,M-H,-,1,0,60,,,
Monomethyl sulfate,XIC,eTargetCompound,CH4O4S,,,ESI,5000,,0,,112.99031,M+H,+,1,0,120,,,,,134.97225,M+Na,+,1,0,60,,,,,130.01685,M+NH4,+,1,0,60,,,,,110.97575,M-H,-,1,0,60,,,
Hydroxymethylphosphonate,XIC,eTargetCompound,CH5O4P,,,ESI,5000,,0,,112.99982,M+H,+,1,0,120,,,,,134.98177,M+Na,+,1,0,60,,,,,130.02637,M+NH4,+,1,0,60,,,,,110.98527,M-H,-,1,0,60,,,
2-Furoate,XIC,eTargetCompound,C5H4O3,,,ESI,5000,,0,,113.02332,M+H,+,1,0,120,,,,,135.00527,M+Na,+,1,0,60,,,,,130.04987,M+NH4,+,1,0,60,,,,,111.00877,M-H,-,1,0,60,,,
"Uracil; 2,4-Dihydroxypyrimidine",XIC,eTargetCompound,C4H4N2O2,,,ESI,5000,,0,,113.03455,M+H,+,1,0,120,,,,,135.0165,M+Na,+,1,0,60,,,,,130.0611,M+NH4,+,1,0,60,,,,,111.02,M-H,-,1,0,60,,,
Arene diol,XIC,eTargetCompound,C6H8O2,,,ESI,5000,,0,,113.05971,M+H,+,1,0,120,,,,,135.04165,M+Na,+,1,0,60,,,,,130.08626,M+NH4,+,1,0,60,,,,,111.04515,M-H,-,1,0,60,,,
"Cyclohexane-1,3-dione",XIC,eTargetCompound,C6H8O2,,,ESI,5000,,0,,113.05971,M+H,+,1,0,120,,,,,135.04165,M+Na,+,1,0,60,,,,,130.08626,M+NH4,+,1,0,60,,,,,111.04515,M-H,-,1,0,60,,,
"trans-1,2-Dihydrobenzene-1,2-diol",XIC,eTargetCompound,C6H8O2,,,ESI,5000,,0,,113.05971,M+H,+,1,0,120,,,,,135.04165,M+Na,+,1,0,60,,,,,130.08626,M+NH4,+,1,0,60,,,,,111.04515,M-H,-,1,0,60,,,
(S)-1-Pyrroline-5-carboxylate,XIC,eTargetCompound,C5H7NO2,,,ESI,5000,,0,,114.05496,M+H,+,1,0,120,,,,,136.0369,M+Na,+,1,0,60,,,,,131.0815,M+NH4,+,1,0,60,,,,,112.0404,M-H,-,1,0,60,,,
1-Pyrroline-2-carboxylate,XIC,eTargetCompound,C5H7NO2,,,ESI,5000,,0,,114.05496,M+H,+,1,0,120,,,,,136.0369,M+Na,+,1,0,60,,,,,131.0815,M+NH4,+,1,0,60,,,,,112.0404,M-H,-,1,0,60,,,
"3,4-Dihydro-2H-Pyrrole-2-carboxylate",XIC,eTargetCompound,C5H7NO2,,,ESI,5000,,0,,114.05496,M+H,+,1,0,120,,,,,136.0369,M+Na,+,1,0,60,,,,,131.0815,M+NH4,+,1,0,60,,,,,112.0404,M-H,-,1,0,60,,,
Glutarimide,XIC,eTargetCompound,C5H7NO2,,,ESI,5000,,0,,114.05496,M+H,+,1,0,120,,,,,136.0369,M+Na,+,1,0,60,,,,,131.0815,M+NH4,+,1,0,60,,,,,112.0404,M-H,-,1,0,60,,,
Creatinine,XIC,eTargetCompound,C4H7N3O,,,ESI,5000,,0,,114.06619,M+H,+,1,0,120,,,,,136.04813,M+Na,+,1,0,60,,,,,131.09274,M+NH4,+,1,0,60,,,,,112.05164,M-H,-,1,0,60,,,
AT002_Thiosulfate,XIC,eTargetCompound,,,,None,0,,,,,,,,,,,,,,,,,,,,,,,,,,,,,,,,,,112.9372,M-,-,1,29.43,60,,,
Acetylenedicarboxylate,XIC,eTargetCompound,C4H2O4,,,ESI,5000,,0,,115.00259,M+H,+,1,0,120,,,,,136.98453,M+Na,+,1,0,60,,,,,132.02913,M+NH4,+,1,0,60,,,,,112.98803,M-H,-,1,0,60,,,
methimazole,XIC,eTargetCompound,C4H6N2S,,,ESI,5000,,0,,115.03245,M+H,+,1,0,120,,,,,137.01439,M+Na,+,1,0,60,,,,,132.05899,M+NH4,+,1,0,60,,,,,113.01789,M-H,-,1,0,60,,,
"2-Hydroxy-2,4-pentadienoate",XIC,eTargetCompound,C5H6O3,,,ESI,5000,,0,,115.03897,M+H,+,1,0,120,,,,,137.02092,M+Na,+,1,0,60,,,,,132.06552,M+NH4,+,1,0,60,,,,,113.02442,M-H,-,1,0,60,,,
"2,5-Dioxopiperazine",XIC,eTargetCompound,C4H6N2O2,,,ESI,5000,,0,,115.0502,M+H,+,1,0,120,,,,,137.03215,M+Na,+,1,0,60,,,,,132.07675,M+NH4,+,1,0,60,,,,,113.03565,M-H,-,1,0,60,,,
3-Cyano-L-alanine,XIC,eTargetCompound,C4H6N2O2,,,ESI,5000,,0,,115.0502,M+H,+,1,0,120,,,,,137.03215,M+Na,+,1,0,60,,,,,132.07675,M+NH4,+,1,0,60,,,,,113.03565,M-H,-,1,0,60,,,
"5,6-Dihydrouracil",XIC,eTargetCompound,C4H6N2O2,,,ESI,5000,,0,,115.0502,M+H,+,1,0,120,,,,,137.03215,M+Na,+,1,0,60,,,,,132.07675,M+NH4,+,1,0,60,,,,,113.03565,M-H,-,1,0,60,,,
N-Methylhydantoin,XIC,eTargetCompound,C4H6N2O2,,,ESI,5000,,0,,115.0502,M+H,+,1,0,120,,,,,137.03215,M+Na,+,1,0,60,,,,,132.07675,M+NH4,+,1,0,60,,,,,113.03565,M-H,-,1,0,60,,,
3-Hydroxycyclohexanone,XIC,eTargetCompound,C6H10O2,,,ESI,5000,,0,,115.07536,M+H,+,1,0,120,,,,,137.0573,M+Na,+,1,0,60,,,,,132.10191,M+NH4,+,1,0,60,,,,,113.0608,M-H,-,1,0,60,,,
Heptan-2-one,XIC,eTargetCompound,C7H14O,,,ESI,5000,,0,,115.11174,M+H,+,1,0,120,,,,,137.09369,M+Na,+,1,0,60,,,,,132.13829,M+NH4,+,1,0,60,,,,,113.09719,M-H,-,1,0,60,,,
Heptanal,XIC,eTargetCompound,C7H14O,,,ESI,5000,,0,,115.11174,M+H,+,1,0,120,,,,,137.09369,M+Na,+,1,0,60,,,,,132.13829,M+NH4,+,1,0,60,,,,,113.09719,M-H,-,1,0,60,,,
Maleamate,XIC,eTargetCompound,C4H5NO3,,,ESI,5000,,0,,116.03422,M+H,+,1,0,120,,,,,138.01616,M+Na,+,1,0,60,,,,,133.06077,M+NH4,+,1,0,60,,,,,114.01967,M-H,-,1,0,60,,,
D-Proline,XIC,eTargetCompound,C5H9NO2,,,ESI,5000,,0,,116.07061,M+H,+,1,0,120,,,,,138.05255,M+Na,+,1,0,60,,,,,133.09715,M+NH4,+,1,0,60,,,,,114.05605,M-H,-,1,0,60,,,
L-Proline,XIC,eTargetCompound,C5H9NO2,,,ESI,5000,,0,,116.07061,M+H,+,1,0,120,,,,,138.05255,M+Na,+,1,0,60,,,,,133.09715,M+NH4,+,1,0,60,,,,,114.05605,M-H,-,1,0,60,,,
Fumaric acid,XIC,eTargetCompound,C4H4O4,,,ESI,5000,,0,,117.01824,M+H,+,1,0,120,,,,,139.00018,M+Na,+,1,0,60,,,,,134.04478,M+NH4,+,1,0,60,,,,,115.00368,M-H,-,1,0,60,,,
Maleic acid,XIC,eTargetCompound,C4H4O4,,,ESI,5000,,0,,117.01824,M+H,+,1,0,120,,,,,139.00018,M+Na,+,1,0,60,,,,,134.04478,M+NH4,+,1,0,60,,,,,115.00368,M-H,-,1,0,60,,,
AF001_Fumarate,XIC,eTargetCompound,C4H4O4,,,ESI,5000,,0,,117.01824,M+H,+,1,0,120,,,,,138.05255,M+Na,+,1,0,60,,,,,134.04478,M+NH4,+,1,0,60,,,,,115.0037,M-,-,1,21.5,50,,,
ADT,XIC,eTargetCompound,C4H8N2S,,,ESI,5000,,0,,117.0481,M+H,+,1,0,120,,,,,139.03004,M+Na,+,1,0,60,,,,,134.07464,M+NH4,+,1,0,60,,,,,115.03354,M-H,-,1,0,60,,,
2-Oxovaleric acid,XIC,eTargetCompound,C5H8O3,,,ESI,5000,,0,,117.05462,M+H,+,1,0,120,,,,,139.03657,M+Na,+,1,0,60,,,,,134.08117,M+NH4,+,1,0,60,,,,,115.04007,M-H,-,1,0,60,,,
3-Methyl-2-oxobutanoic acid,XIC,eTargetCompound,C5H8O3,,,ESI,5000,,0,,117.05462,M+H,+,1,0,120,,,,,139.03657,M+Na,+,1,0,60,,,,,134.08117,M+NH4,+,1,0,60,,,,,115.04007,M-H,-,1,0,60,,,
3-Oxopentanoic acid,XIC,eTargetCompound,C5H8O3,,,ESI,5000,,0,,117.05462,M+H,+,1,0,120,,,,,139.03657,M+Na,+,1,0,60,,,,,134.08117,M+NH4,+,1,0,60,,,,,115.04007,M-H,-,1,0,60,,,
5-Oxopentanoate,XIC,eTargetCompound,C5H8O3,,,ESI,5000,,0,,117.05462,M+H,+,1,0,120,,,,,139.03657,M+Na,+,1,0,60,,,,,134.08117,M+NH4,+,1,0,60,,,,,115.04007,M-H,-,1,0,60,,,
Methyl acetoacetate,XIC,eTargetCompound,C5H8O3,,,ESI,5000,,0,,117.05462,M+H,+,1,0,120,,,,,139.03657,M+Na,+,1,0,60,,,,,134.08117,M+NH4,+,1,0,60,,,,,115.04007,M-H,-,1,0,60,,,
AM006_3-Methyl-2-oxobutanoate,XIC,eTargetCompound,C5H8O3,,,ESI,5000,,0,,117.05462,M+H,+,1,0,120,,,,,139.03657,M+Na,+,1,0,60,,,,,134.08117,M+NH4,+,1,0,60,,,,,115.0401,M-,-,1,12.76,60,,,
4-hydroxy-4-methyl-2-pentanone,XIC,eTargetCompound,C6H12O2,,,ESI,5000,,0,,117.09101,M+H,+,1,0,120,,,,,139.07295,M+Na,+,1,0,60,,,,,134.11756,M+NH4,+,1,0,60,,,,,115.07645,M-H,-,1,0,60,,,
4-Hydroxyhexan-3-one,XIC,eTargetCompound,C6H12O2,,,ESI,5000,,0,,117.09101,M+H,+,1,0,120,,,,,139.07295,M+Na,+,1,0,60,,,,,134.11756,M+NH4,+,1,0,60,,,,,115.07645,M-H,-,1,0,60,,,
Hexanoic acid,XIC,eTargetCompound,C6H12O2,,,ESI,5000,,0,,117.09101,M+H,+,1,0,120,,,,,139.07295,M+Na,+,1,0,60,,,,,134.11756,M+NH4,+,1,0,60,,,,,115.07645,M-H,-,1,0,60,,,
5-Aminopentanamide,XIC,eTargetCompound,C5H12N2O,,,ESI,5000,,0,,117.10224,M+H,+,1,0,120,,,,,139.08418,M+Na,+,1,0,60,,,,,134.12879,M+NH4,+,1,0,60,,,,,115.08769,M-H,-,1,0,60,,,
3-Nitroacrylate,XIC,eTargetCompound,C3H3NO4,,,ESI,5000,,0,,118.01348,M+H,+,1,0,120,,,,,139.99543,M+Na,+,1,0,60,,,,,135.04003,M+NH4,+,1,0,60,,,,,115.99893,M-H,-,1,0,60,,,
L-2-Amino-3-oxobutanoic acid,XIC,eTargetCompound,C4H7NO3,,,ESI,5000,,0,,118.04987,M+H,+,1,0,120,,,,,140.03181,M+Na,+,1,0,60,,,,,135.07642,M+NH4,+,1,0,60,,,,,116.03532,M-H,-,1,0,60,,,
L-Aspartate 4-semialdehyde,XIC,eTargetCompound,C4H7NO3,,,ESI,5000,,0,,118.04987,M+H,+,1,0,120,,,,,140.03181,M+Na,+,1,0,60,,,,,135.07642,M+NH4,+,1,0,60,,,,,116.03532,M-H,-,1,0,60,,,
N-Acetylglycine ,XIC,eTargetCompound,C4H7NO3,,,ESI,5000,,0,,118.04987,M+H,+,1,0,120,,,,,140.03181,M+Na,+,1,0,60,,,,,135.07642,M+NH4,+,1,0,60,,,,,116.03532,M-H,-,1,0,60,,,
Guanidineacetic acid; Guanidoacetic acid,XIC,eTargetCompound,C3H7N3O2,,,ESI,5000,,0,,118.0611,M+H,+,1,0,120,,,,,140.04305,M+Na,+,1,0,60,,,,,135.08765,M+NH4,+,1,0,60,,,,,116.04655,M-H,-,1,0,60,,,
Indole; 1-Benzazole,XIC,eTargetCompound,C8H7N,,,ESI,5000,,0,,118.06513,M+H,+,1,0,120,,,,,140.04707,M+Na,+,1,0,60,,,,,135.09167,M+NH4,+,1,0,60,,,,,116.05057,M-H,-,1,0,60,,,
[FA amino(5:0)] 2S-amino-pentanoic acid,XIC,eTargetCompound,C5H11NO2,,,ESI,5000,,0,,118.08626,M+H,+,1,0,120,,,,,140.0682,M+Na,+,1,0,60,,,,,135.1128,M+NH4,+,1,0,60,,,,,116.0717,M-H,-,1,0,60,,,
4-Methylaminobutyrate,XIC,eTargetCompound,C5H11NO2,,,ESI,5000,,0,,118.08626,M+H,+,1,0,120,,,,,140.0682,M+Na,+,1,0,60,,,,,135.1128,M+NH4,+,1,0,60,,,,,116.0717,M-H,-,1,0,60,,,
5-Aminovaleric acid,XIC,eTargetCompound,C5H11NO2,,,ESI,5000,,0,,118.08626,M+H,+,1,0,120,,,,,140.0682,M+Na,+,1,0,60,,,,,135.1128,M+NH4,+,1,0,60,,,,,116.0717,M-H,-,1,0,60,,,
Betaine,XIC,eTargetCompound,C5H11NO2,,,ESI,5000,,0,,118.08626,M+H,+,1,0,120,,,,,140.0682,M+Na,+,1,0,60,,,,,135.1128,M+NH4,+,1,0,60,,,,,116.0717,M-H,-,1,0,60,,,
D-Norvaline,XIC,eTargetCompound,C5H11NO2,,,ESI,5000,,0,,118.08626,M+H,+,1,0,120,,,,,140.0682,M+Na,+,1,0,60,,,,,135.1128,M+NH4,+,1,0,60,,,,,116.0717,M-H,-,1,0,60,,,
D-Valine,XIC,eTargetCompound,C5H11NO2,,,ESI,5000,,0,,118.08626,M+H,+,1,0,120,,,,,140.0682,M+Na,+,1,0,60,,,,,135.1128,M+NH4,+,1,0,60,,,,,116.0717,M-H,-,1,0,60,,,
L-Valine,XIC,eTargetCompound,C5H11NO2,,,ESI,5000,,0,,118.08626,M+H,+,1,0,120,,,,,140.0682,M+Na,+,1,0,60,,,,,135.1128,M+NH4,+,1,0,60,,,,,116.0717,M-H,-,1,0,60,,,
2-Methylcholine,XIC,eTargetCompound,C6H15NO,,,ESI,5000,,0,,118.12264,M+H,+,1,0,120,,,,,140.10459,M+Na,+,1,0,60,,,,,135.14919,M+NH4,+,1,0,60,,,,,116.10809,M-H,-,1,0,60,,,
Oxomalonate,XIC,eTargetCompound,C3H2O5,,,ESI,5000,,0,,118.9975,M+H,+,1,0,120,,,,,140.97944,M+Na,+,1,0,60,,,,,136.02405,M+NH4,+,1,0,60,,,,,116.98295,M-H,-,1,0,60,,,
AS001_Succinate,XIC,eTargetCompound,,,,None,0,,,,,,,,,,,,,,,,,,,,,,,,,,,,,,,,,,117.0193,M-,-,1,9.94,60,,,
"DL-Erythrono-1,4-lactone; Erythrono-1,4-lactone",XIC,eTargetCompound,C4H6O4,,,ESI,5000,,0,,119.03389,M+H,+,1,0,120,,,,,141.01583,M+Na,+,1,0,60,,,,,136.06043,M+NH4,+,1,0,60,,,,,117.01933,M-H,-,1,0,60,,,
"L-Threonic adic-1,4-Lactone",XIC,eTargetCompound,C4H6O4,,,ESI,5000,,0,,119.03389,M+H,+,1,0,120,,,,,141.01583,M+Na,+,1,0,60,,,,,136.06043,M+NH4,+,1,0,60,,,,,117.01933,M-H,-,1,0,60,,,
Methylmalonic acid,XIC,eTargetCompound,C4H6O4,,,ESI,5000,,0,,119.03389,M+H,+,1,0,120,,,,,141.01583,M+Na,+,1,0,60,,,,,136.06043,M+NH4,+,1,0,60,,,,,117.01933,M-H,-,1,0,60,,,
Succinic acid,XIC,eTargetCompound,C4H6O4,,,ESI,5000,,0,,119.03389,M+H,+,1,0,120,,,,,141.01583,M+Na,+,1,0,60,,,,,136.06043,M+NH4,+,1,0,60,,,,,117.01933,M-H,-,1,0,60,,,
Benzimidazole,XIC,eTargetCompound,C7H6N2,,,ESI,5000,,0,,119.06037,M+H,+,1,0,120,,,,,141.04232,M+Na,+,1,0,60,,,,,136.08692,M+NH4,+,1,0,60,,,,,117.04582,M-H,-,1,0,60,,,
2-Hydroxy 2-methylbutyric acid,XIC,eTargetCompound,C5H10O3,,,ESI,5000,,0,,119.07027,M+H,+,1,0,120,,,,,141.05222,M+Na,+,1,0,60,,,,,136.09682,M+NH4,+,1,0,60,,,,,117.05572,M-H,-,1,0,60,,,
2-Hydroxy-3-methylbutyric acid,XIC,eTargetCompound,C5H10O3,,,ESI,5000,,0,,119.07027,M+H,+,1,0,120,,,,,141.05222,M+Na,+,1,0,60,,,,,136.09682,M+NH4,+,1,0,60,,,,,117.05572,M-H,-,1,0,60,,,
2-Hydroxypentanoic acid,XIC,eTargetCompound,C5H10O3,,,ESI,5000,,0,,119.07027,M+H,+,1,0,120,,,,,141.05222,M+Na,+,1,0,60,,,,,136.09682,M+NH4,+,1,0,60,,,,,117.05572,M-H,-,1,0,60,,,
3-Hydroxy-2-methyl butanoic acid,XIC,eTargetCompound,C5H10O3,,,ESI,5000,,0,,119.07027,M+H,+,1,0,120,,,,,141.05222,M+Na,+,1,0,60,,,,,136.09682,M+NH4,+,1,0,60,,,,,117.05572,M-H,-,1,0,60,,,
3-Hydroxyisovaleric acid,XIC,eTargetCompound,C5H10O3,,,ESI,5000,,0,,119.07027,M+H,+,1,0,120,,,,,141.05222,M+Na,+,1,0,60,,,,,136.09682,M+NH4,+,1,0,60,,,,,117.05572,M-H,-,1,0,60,,,
3-Hydroxyvaleric acid,XIC,eTargetCompound,C5H10O3,,,ESI,5000,,0,,119.07027,M+H,+,1,0,120,,,,,141.05222,M+Na,+,1,0,60,,,,,136.09682,M+NH4,+,1,0,60,,,,,117.05572,M-H,-,1,0,60,,,
5-Hydroxypentanoate,XIC,eTargetCompound,C5H10O3,,,ESI,5000,,0,,119.07027,M+H,+,1,0,120,,,,,141.05222,M+Na,+,1,0,60,,,,,136.09682,M+NH4,+,1,0,60,,,,,117.05572,M-H,-,1,0,60,,,
"L-2,4 diaminobutyric acid",XIC,eTargetCompound,C4H10N2O2,,,ESI,5000,,0,,119.0815,M+H,+,1,0,120,,,,,141.06345,M+Na,+,1,0,60,,,,,136.10805,M+NH4,+,1,0,60,,,,,117.06695,M-H,-,1,0,60,,,
3-aci-Nitropropanoate,XIC,eTargetCompound,C3H5NO4,,,ESI,5000,,0,,120.02913,M+H,+,1,0,120,,,,,142.01108,M+Na,+,1,0,60,,,,,137.05568,M+NH4,+,1,0,60,,,,,118.01458,M-H,-,1,0,60,,,
Aminomalonate,XIC,eTargetCompound,C3H5NO4,,,ESI,5000,,0,,120.02913,M+H,+,1,0,120,,,,,142.01108,M+Na,+,1,0,60,,,,,137.05568,M+NH4,+,1,0,60,,,,,118.01458,M-H,-,1,0,60,,,
beta-Nitropropanoate,XIC,eTargetCompound,C3H5NO4,,,ESI,5000,,0,,120.02913,M+H,+,1,0,120,,,,,142.01108,M+Na,+,1,0,60,,,,,137.05568,M+NH4,+,1,0,60,,,,,118.01458,M-H,-,1,0,60,,,
S-Acetylthioethanolamine,XIC,eTargetCompound,C4H9NOS,,,ESI,5000,,0,,120.04776,M+H,+,1,0,120,,,,,142.02971,M+Na,+,1,0,60,,,,,137.07431,M+NH4,+,1,0,60,,,,,118.03321,M-H,-,1,0,60,,,
2-Methylserine,XIC,eTargetCompound,C4H9NO3,,,ESI,5000,,0,,120.06552,M+H,+,1,0,120,,,,,142.04746,M+Na,+,1,0,60,,,,,137.09207,M+NH4,+,1,0,60,,,,,118.05097,M-H,-,1,0,60,,,
D-Threonine,XIC,eTargetCompound,C4H9NO3,,,ESI,5000,,0,,120.06552,M+H,+,1,0,120,,,,,142.04746,M+Na,+,1,0,60,,,,,137.09207,M+NH4,+,1,0,60,,,,,118.05097,M-H,-,1,0,60,,,
L-Allothreonine,XIC,eTargetCompound,C4H9NO3,,,ESI,5000,,0,,120.06552,M+H,+,1,0,120,,,,,142.04746,M+Na,+,1,0,60,,,,,137.09207,M+NH4,+,1,0,60,,,,,118.05097,M-H,-,1,0,60,,,
L-Homoserine,XIC,eTargetCompound,C4H9NO3,,,ESI,5000,,0,,120.06552,M+H,+,1,0,120,,,,,142.04746,M+Na,+,1,0,60,,,,,137.09207,M+NH4,+,1,0,60,,,,,118.05097,M-H,-,1,0,60,,,
L-Threonine,XIC,eTargetCompound,C4H9NO3,,,ESI,5000,,0,,120.06552,M+H,+,1,0,120,,,,,142.04746,M+Na,+,1,0,60,,,,,137.09207,M+NH4,+,1,0,60,,,,,118.05097,M-H,-,1,0,60,,,
Mercaptopyruvate,XIC,eTargetCompound,C3H4O3S,,,ESI,5000,,0,,120.99539,M+H,+,1,0,120,,,,,142.97734,M+Na,+,1,0,60,,,,,138.02194,M+NH4,+,1,0,60,,,,,118.98084,M-H,-,1,0,60,,,
2-Hydroxymalonate,XIC,eTargetCompound,C3H4O5,,,ESI,5000,,0,,121.01315,M+H,+,1,0,120,,,,,142.99509,M+Na,+,1,0,60,,,,,138.0397,M+NH4,+,1,0,60,,,,,118.9986,M-H,-,1,0,60,,,
AM003_3-Methylthiopropionate,XIC,eTargetCompound,,,,None,0,,,,,,,,,,,,,,,,,,,,,,,,,,,,,,,,,,119.0172,M-,-,1,11.16,60,,,
3-(Methylthio)propionic acid,XIC,eTargetCompound,C4H8O2S,,,ESI,5000,,0,,121.03178,M+H,+,1,0,120,,,,,143.01372,M+Na,+,1,0,60,,,,,138.05833,M+NH4,+,1,0,60,,,,,119.01722,M-H,-,1,0,60,,,
Dimethylsulfonioacetate,XIC,eTargetCompound,C4H8O2S,,,ESI,5000,,0,,121.03178,M+H,+,1,0,120,,,,,143.01372,M+Na,+,1,0,60,,,,,138.05833,M+NH4,+,1,0,60,,,,,119.01722,M-H,-,1,0,60,,,
D-(-)-Erythrose; L-Threose,XIC,eTargetCompound,C4H8O4,,,ESI,5000,,0,,121.04954,M+H,+,1,0,120,,,,,143.03148,M+Na,+,1,0,60,,,,,138.07608,M+NH4,+,1,0,60,,,,,119.03498,M-H,-,1,0,60,,,
D-Erythrose,XIC,eTargetCompound,C4H8O4,,,ESI,5000,,0,,121.04954,M+H,+,1,0,120,,,,,143.03148,M+Na,+,1,0,60,,,,,138.07608,M+NH4,+,1,0,60,,,,,119.03498,M-H,-,1,0,60,,,
D-Erythrulose,XIC,eTargetCompound,C4H8O4,,,ESI,5000,,0,,121.04954,M+H,+,1,0,120,,,,,143.03148,M+Na,+,1,0,60,,,,,138.07608,M+NH4,+,1,0,60,,,,,119.03498,M-H,-,1,0,60,,,
D-Threose,XIC,eTargetCompound,C4H8O4,,,ESI,5000,,0,,121.04954,M+H,+,1,0,120,,,,,143.03148,M+Na,+,1,0,60,,,,,138.07608,M+NH4,+,1,0,60,,,,,119.03498,M-H,-,1,0,60,,,
L-Erythrulose,XIC,eTargetCompound,C4H8O4,,,ESI,5000,,0,,121.04954,M+H,+,1,0,120,,,,,143.03148,M+Na,+,1,0,60,,,,,138.07608,M+NH4,+,1,0,60,,,,,119.03498,M-H,-,1,0,60,,,
Purine,XIC,eTargetCompound,C5H4N4,,,ESI,5000,,0,,121.05087,M+H,+,1,0,120,,,,,143.03282,M+Na,+,1,0,60,,,,,138.07742,M+NH4,+,1,0,60,,,,,119.03632,M-H,-,1,0,60,,,
Phenylacetaldehyde,XIC,eTargetCompound,C8H8O,,,ESI,5000,,0,,121.06479,M+H,+,1,0,120,,,,,143.04674,M+Na,+,1,0,60,,,,,138.09134,M+NH4,+,1,0,60,,,,,119.05024,M-H,-,1,0,60,,,
"1,2,4-Trimethylbenzene",XIC,eTargetCompound,C9H12,,,ESI,5000,,0,,121.10118,M+H,+,1,0,120,,,,,143.08312,M+Na,+,1,0,60,,,,,138.12773,M+NH4,+,1,0,60,,,,,119.08662,M-H,-,1,0,60,,,
betaine aldehyde hydrate,XIC,eTargetCompound,C5H14NO2,,,ESI,5000,,0,,121.10973,M+H,+,1,0,120,,,,,143.09167,M+Na,+,1,0,60,,,,,138.13628,M+NH4,+,1,0,60,,,,,119.09518,M-H,-,1,0,60,,,
D-Cysteine,XIC,eTargetCompound,C3H7NO2S,,,ESI,5000,,0,,122.02703,M+H,+,1,0,120,,,,,144.00897,M+Na,+,1,0,60,,,,,139.05357,M+NH4,+,1,0,60,,,,,120.01247,M-H,-,1,0,60,,,
L-Cysteine,XIC,eTargetCompound,C3H7NO2S,,,ESI,5000,,0,,122.02703,M+H,+,1,0,120,,,,,144.00897,M+Na,+,1,0,60,,,,,139.05357,M+NH4,+,1,0,60,,,,,120.01247,M-H,-,1,0,60,,,
1-Phenylethylamine,XIC,eTargetCompound,C8H11N,,,ESI,5000,,0,,122.09643,M+H,+,1,0,120,,,,,144.07837,M+Na,+,1,0,60,,,,,139.12298,M+NH4,+,1,0,60,,,,,120.08187,M-H,-,1,0,60,,,
2-Phenylethylamine (PEA),XIC,eTargetCompound,C8H11N,,,ESI,5000,,0,,122.09643,M+H,+,1,0,120,,,,,144.07837,M+Na,+,1,0,60,,,,,139.12298,M+NH4,+,1,0,60,,,,,120.08187,M-H,-,1,0,60,,,
3-Mercaptolactate,XIC,eTargetCompound,C3H6O3S,,,ESI,5000,,0,,123.01104,M+H,+,1,0,120,,,,,144.99299,M+Na,+,1,0,60,,,,,140.03759,M+NH4,+,1,0,60,,,,,120.99649,M-H,-,1,0,60,,,
4-Hydroxybenzaldehyde,XIC,eTargetCompound,C7H6O2,,,ESI,5000,,0,,123.04406,M+H,+,1,0,120,,,,,145.026,M+Na,+,1,0,60,,,,,140.07061,M+NH4,+,1,0,60,,,,,121.0295,M-H,-,1,0,60,,,
Benzoate,XIC,eTargetCompound,C7H6O2,,,ESI,5000,,0,,123.04406,M+H,+,1,0,120,,,,,145.026,M+Na,+,1,0,60,,,,,140.07061,M+NH4,+,1,0,60,,,,,121.0295,M-H,-,1,0,60,,,
Tropolone,XIC,eTargetCompound,C7H6O2,,,ESI,5000,,0,,123.04406,M+H,+,1,0,120,,,,,145.026,M+Na,+,1,0,60,,,,,140.07061,M+NH4,+,1,0,60,,,,,121.0295,M-H,-,1,0,60,,,
Nicotinamide,XIC,eTargetCompound,C6H6N2O,,,ESI,5000,,0,,123.05529,M+H,+,1,0,120,,,,,145.03723,M+Na,+,1,0,60,,,,,140.08184,M+NH4,+,1,0,60,,,,,121.04074,M-H,-,1,0,60,,,
D-Threitol,XIC,eTargetCompound,C4H10O4,,,ESI,5000,,0,,123.06519,M+H,+,1,0,120,,,,,145.04713,M+Na,+,1,0,60,,,,,140.09173,M+NH4,+,1,0,60,,,,,121.05063,M-H,-,1,0,60,,,
Meso-erythritol; Erythritol,XIC,eTargetCompound,C4H10O4,,,ESI,5000,,0,,123.06519,M+H,+,1,0,120,,,,,145.04713,M+Na,+,1,0,60,,,,,140.09173,M+NH4,+,1,0,60,,,,,121.05063,M-H,-,1,0,60,,,
2-Phenylethanol,XIC,eTargetCompound,C8H10O,,,ESI,5000,,0,,123.08044,M+H,+,1,0,120,,,,,145.06239,M+Na,+,1,0,60,,,,,140.10699,M+NH4,+,1,0,60,,,,,121.06589,M-H,-,1,0,60,,,
4-Ethylphenol (4-EP),XIC,eTargetCompound,C8H10O,,,ESI,5000,,0,,123.08044,M+H,+,1,0,120,,,,,145.06239,M+Na,+,1,0,60,,,,,140.10699,M+NH4,+,1,0,60,,,,,121.06589,M-H,-,1,0,60,,,
3-Chloro-D-alanine,XIC,eTargetCompound,C3H6NO2Cl,,,ESI,5000,,0,,124.01598,M+H,+,1,0,120,,,,,145.99793,M+Na,+,1,0,60,,,,,141.04253,M+NH4,+,1,0,60,,,,,122.00143,M-H,-,1,0,60,,,
3-Chloro-L-alanine,XIC,eTargetCompound,C3H6NO2Cl,,,ESI,5000,,0,,124.01598,M+H,+,1,0,120,,,,,145.99793,M+Na,+,1,0,60,,,,,141.04253,M+NH4,+,1,0,60,,,,,122.00143,M-H,-,1,0,60,,,
Nicotinic acid,XIC,eTargetCompound,C6H5NO2,,,ESI,5000,,0,,124.0393,M+H,+,1,0,120,,,,,146.02125,M+Na,+,1,0,60,,,,,141.06585,M+NH4,+,1,0,60,,,,,122.02475,M-H,-,1,0,60,,,
Picolinic acid; 5-Aminopicolinic acid,XIC,eTargetCompound,C6H5NO2,,,ESI,5000,,0,,124.0393,M+H,+,1,0,120,,,,,146.02125,M+Na,+,1,0,60,,,,,141.06585,M+NH4,+,1,0,60,,,,,122.02475,M-H,-,1,0,60,,,
AN001_Nicotinic_Acid,XIC,eTargetCompound,,,,None,0,,,,,,,,,,,,,,,,,,,,,,,,,,,,,,,,,,122.0248,M-,-,1,21.1,60,,,
Pyrazinamide,XIC,eTargetCompound,C5H5N3O,,,ESI,5000,,0,,124.05054,M+H,+,1,0,120,,,,,146.03248,M+Na,+,1,0,60,,,,,141.07709,M+NH4,+,1,0,60,,,,,122.03599,M-H,-,1,0,60,,,
Sulfoacetaldehyde,XIC,eTargetCompound,C2H4O4S,,,ESI,5000,,0,,124.99031,M+H,+,1,0,120,,,,,146.97225,M+Na,+,1,0,60,,,,,142.01685,M+NH4,+,1,0,60,,,,,122.97575,M-H,-,1,0,60,,,
Phosphonoacetaldehyde,XIC,eTargetCompound,C2H5O4P,,,ESI,5000,,0,,124.99982,M+H,+,1,0,120,,,,,146.98177,M+Na,+,1,0,60,,,,,142.02637,M+NH4,+,1,0,60,,,,,122.98527,M-H,-,1,0,60,,,
"3-Methylcatechol;3-Methyl-1,2-benzenediol",XIC,eTargetCompound,C7H8O2,,,ESI,5000,,0,,125.05971,M+H,+,1,0,120,,,,,147.04165,M+Na,+,1,0,60,,,,,142.08626,M+NH4,+,1,0,60,,,,,123.04515,M-H,-,1,0,60,,,
"4-Methylcatechol; Toluene-3,4-diol",XIC,eTargetCompound,C7H8O2,,,ESI,5000,,0,,125.05971,M+H,+,1,0,120,,,,,147.04165,M+Na,+,1,0,60,,,,,142.08626,M+NH4,+,1,0,60,,,,,123.04515,M-H,-,1,0,60,,,
Guaiacol; 2-methoxyphenol,XIC,eTargetCompound,C7H8O2,,,ESI,5000,,0,,125.05971,M+H,+,1,0,120,,,,,147.04165,M+Na,+,1,0,60,,,,,142.08626,M+NH4,+,1,0,60,,,,,123.04515,M-H,-,1,0,60,,,
Orcinol,XIC,eTargetCompound,C7H8O2,,,ESI,5000,,0,,125.05971,M+H,+,1,0,120,,,,,147.04165,M+Na,+,1,0,60,,,,,142.08626,M+NH4,+,1,0,60,,,,,123.04515,M-H,-,1,0,60,,,
Methylimidazole acetaldehyde,XIC,eTargetCompound,C6H8N2O,,,ESI,5000,,0,,125.07094,M+H,+,1,0,120,,,,,147.05288,M+Na,+,1,0,60,,,,,142.09749,M+NH4,+,1,0,60,,,,,123.05639,M-H,-,1,0,60,,,
Taurine,XIC,eTargetCompound,C2H7NO3S,,,ESI,5000,,0,,126.02194,M+H,+,1,0,120,,,,,148.00389,M+Na,+,1,0,60,,,,,143.04849,M+NH4,+,1,0,60,,,,,124.00739,M-H,-,1,0,60,,,
2-aminoethylphosphonic acid ,XIC,eTargetCompound,C2H8NO3P,,,ESI,5000,,0,,126.03146,M+H,+,1,0,120,,,,,148.0134,M+Na,+,1,0,60,,,,,143.05801,M+NH4,+,1,0,60,,,,,124.0169,M-H,-,1,0,60,,,
3-Hydroxyaminophenol,XIC,eTargetCompound,C6H7NO2,,,ESI,5000,,0,,126.05496,M+H,+,1,0,120,,,,,148.0369,M+Na,+,1,0,60,,,,,143.0815,M+NH4,+,1,0,60,,,,,124.0404,M-H,-,1,0,60,,,
Aminohydroquinone,XIC,eTargetCompound,C6H7NO2,,,ESI,5000,,0,,126.05496,M+H,+,1,0,120,,,,,148.0369,M+Na,+,1,0,60,,,,,143.0815,M+NH4,+,1,0,60,,,,,124.0404,M-H,-,1,0,60,,,
N-Ethylmaleimide,XIC,eTargetCompound,C6H7NO2,,,ESI,5000,,0,,126.05496,M+H,+,1,0,120,,,,,148.0369,M+Na,+,1,0,60,,,,,143.0815,M+NH4,+,1,0,60,,,,,124.0404,M-H,-,1,0,60,,,
5-Methylcytosine,XIC,eTargetCompound,C5H7N3O,,,ESI,5000,,0,,126.06619,M+H,+,1,0,120,,,,,148.04813,M+Na,+,1,0,60,,,,,143.09274,M+NH4,+,1,0,60,,,,,124.05164,M-H,-,1,0,60,,,
2-methylhistamine,XIC,eTargetCompound,C6H11N3,,,ESI,5000,,0,,126.10257,M+H,+,1,0,120,,,,,148.08452,M+Na,+,1,0,60,,,,,143.12912,M+NH4,+,1,0,60,,,,,124.08802,M-H,-,1,0,60,,,
3-Methylhistamine,XIC,eTargetCompound,C6H11N3,,,ESI,5000,,0,,126.10257,M+H,+,1,0,120,,,,,148.08452,M+Na,+,1,0,60,,,,,143.12912,M+NH4,+,1,0,60,,,,,124.08802,M-H,-,1,0,60,,,
4-methylhistamine,XIC,eTargetCompound,C6H11N3,,,ESI,5000,,0,,126.10257,M+H,+,1,0,120,,,,,148.08452,M+Na,+,1,0,60,,,,,143.12912,M+NH4,+,1,0,60,,,,,124.08802,M-H,-,1,0,60,,,
N-Methylhistamine,XIC,eTargetCompound,C6H11N3,,,ESI,5000,,0,,126.10257,M+H,+,1,0,120,,,,,148.08452,M+Na,+,1,0,60,,,,,143.12912,M+NH4,+,1,0,60,,,,,124.08802,M-H,-,1,0,60,,,
gamma-Coniceine,XIC,eTargetCompound,C8H15N,,,ESI,5000,,0,,126.12773,M+H,+,1,0,120,,,,,148.10967,M+Na,+,1,0,60,,,,,143.15428,M+NH4,+,1,0,60,,,,,124.11317,M-H,-,1,0,60,,,
Formyl phosphate,XIC,eTargetCompound,CH3O5P,,,ESI,5000,,0,,126.97909,M+H,+,1,0,120,,,,,148.96103,M+Na,+,1,0,60,,,,,144.00564,M+NH4,+,1,0,60,,,,,124.96453,M-H,-,1,0,60,,,
Phosphonoformate,XIC,eTargetCompound,CH3O5P,,,ESI,5000,,0,,126.97909,M+H,+,1,0,120,,,,,148.96103,M+Na,+,1,0,60,,,,,144.00564,M+NH4,+,1,0,60,,,,,124.96453,M-H,-,1,0,60,,,
2-Hydroxyethanesulfonate,XIC,eTargetCompound,C2H6O4S,,,ESI,5000,,0,,127.00596,M+H,+,1,0,120,,,,,148.9879,M+Na,+,1,0,60,,,,,144.03251,M+NH4,+,1,0,60,,,,,124.9914,M-H,-,1,0,60,,,
2-Hydroxyethylphosphonate,XIC,eTargetCompound,C2H7O4P,,,ESI,5000,,0,,127.01547,M+H,+,1,0,120,,,,,148.99742,M+Na,+,1,0,60,,,,,144.04202,M+NH4,+,1,0,60,,,,,125.00092,M-H,-,1,0,60,,,
4-Chlorotoluene,XIC,eTargetCompound,C7H7Cl,,,ESI,5000,,0,,127.0309,M+H,+,1,0,120,,,,,149.01285,M+Na,+,1,0,60,,,,,144.05745,M+NH4,+,1,0,60,,,,,125.01635,M-H,-,1,0,60,,,
3-Hydroxy-2-methyl-4-pyrone,XIC,eTargetCompound,C6H6O3,,,ESI,5000,,0,,127.03897,M+H,+,1,0,120,,,,,149.02092,M+Na,+,1,0,60,,,,,144.06552,M+NH4,+,1,0,60,,,,,125.02442,M-H,-,1,0,60,,,
5-Hydroxymethyl-2-furaldehyde,XIC,eTargetCompound,C6H6O3,,,ESI,5000,,0,,127.03897,M+H,+,1,0,120,,,,,149.02092,M+Na,+,1,0,60,,,,,144.06552,M+NH4,+,1,0,60,,,,,125.02442,M-H,-,1,0,60,,,
Triacetate lactone,XIC,eTargetCompound,C6H6O3,,,ESI,5000,,0,,127.03897,M+H,+,1,0,120,,,,,149.02092,M+Na,+,1,0,60,,,,,144.06552,M+NH4,+,1,0,60,,,,,125.02442,M-H,-,1,0,60,,,
Imidazoleacetic acid,XIC,eTargetCompound,C5H6N2O2,,,ESI,5000,,0,,127.0502,M+H,+,1,0,120,,,,,149.03215,M+Na,+,1,0,60,,,,,144.07675,M+NH4,+,1,0,60,,,,,125.03565,M-H,-,1,0,60,,,
Thymine; 5-Methyluracil,XIC,eTargetCompound,C5H6N2O2,,,ESI,5000,,0,,127.0502,M+H,+,1,0,120,,,,,149.03215,M+Na,+,1,0,60,,,,,144.07675,M+NH4,+,1,0,60,,,,,125.03565,M-H,-,1,0,60,,,
5-Amino-4-imidazolecarboxyamide,XIC,eTargetCompound,C4H6N4O,,,ESI,5000,,0,,127.06144,M+H,+,1,0,120,,,,,149.04338,M+Na,+,1,0,60,,,,,144.08799,M+NH4,+,1,0,60,,,,,125.04688,M-H,-,1,0,60,,,
Sulcatone,XIC,eTargetCompound,C8H14O,,,ESI,5000,,0,,127.11174,M+H,+,1,0,120,,,,,149.09369,M+Na,+,1,0,60,,,,,144.13829,M+NH4,+,1,0,60,,,,,125.09719,M-H,-,1,0,60,,,
"2,3,6-Trihydroxypyridine",XIC,eTargetCompound,C5H5NO3,,,ESI,5000,,0,,128.03422,M+H,+,1,0,120,,,,,150.01616,M+Na,+,1,0,60,,,,,145.06077,M+NH4,+,1,0,60,,,,,126.01967,M-H,-,1,0,60,,,
5-Amino-4-imidazole carboxylate,XIC,eTargetCompound,C4H5N3O2,,,ESI,5000,,0,,128.04545,M+H,+,1,0,120,,,,,150.0274,M+Na,+,1,0,60,,,,,145.072,M+NH4,+,1,0,60,,,,,126.0309,M-H,-,1,0,60,,,
?-(Methylenecyclopropyl)glycine,XIC,eTargetCompound,C6H9NO2,,,ESI,5000,,0,,128.07061,M+H,+,1,0,120,,,,,150.05255,M+Na,+,1,0,60,,,,,145.09715,M+NH4,+,1,0,60,,,,,126.05605,M-H,-,1,0,60,,,
"2,3,4,5-Tetrahydropyridine-2-carboxylate",XIC,eTargetCompound,C6H9NO2,,,ESI,5000,,0,,128.07061,M+H,+,1,0,120,,,,,150.05255,M+Na,+,1,0,60,,,,,145.09715,M+NH4,+,1,0,60,,,,,126.05605,M-H,-,1,0,60,,,
delta1-Piperideine-2-carboxylate,XIC,eTargetCompound,C6H9NO2,,,ESI,5000,,0,,128.07061,M+H,+,1,0,120,,,,,150.05255,M+Na,+,1,0,60,,,,,145.09715,M+NH4,+,1,0,60,,,,,126.05605,M-H,-,1,0,60,,,
Coniine,XIC,eTargetCompound,C8H17N,,,ESI,5000,,0,,128.14338,M+H,+,1,0,120,,,,,150.12532,M+Na,+,1,0,60,,,,,145.16993,M+NH4,+,1,0,60,,,,,126.12882,M-H,-,1,0,60,,,
2-Chlorophenol,XIC,eTargetCompound,C6H5OCl,,,ESI,5000,,0,,129.01017,M+H,+,1,0,120,,,,,150.99211,M+Na,+,1,0,60,,,,,146.03672,M+NH4,+,1,0,60,,,,,126.99562,M-H,-,1,0,60,,,
3-Chlorophenol,XIC,eTargetCompound,C6H5OCl,,,ESI,5000,,0,,129.01017,M+H,+,1,0,120,,,,,150.99211,M+Na,+,1,0,60,,,,,146.03672,M+NH4,+,1,0,60,,,,,126.99562,M-H,-,1,0,60,,,
Barbiturate,XIC,eTargetCompound,C4H4N2O3,,,ESI,5000,,0,,129.02947,M+H,+,1,0,120,,,,,151.01141,M+Na,+,1,0,60,,,,,146.05602,M+NH4,+,1,0,60,,,,,127.01492,M-H,-,1,0,60,,,
(4E)-2-Oxohexenoic acid,XIC,eTargetCompound,C6H8O3,,,ESI,5000,,0,,129.05462,M+H,+,1,0,120,,,,,151.03657,M+Na,+,1,0,60,,,,,146.08117,M+NH4,+,1,0,60,,,,,127.04007,M-H,-,1,0,60,,,
"Dihydro-4,4-dimethyl-2,3-Furandione",XIC,eTargetCompound,C6H8O3,,,ESI,5000,,0,,129.05462,M+H,+,1,0,120,,,,,151.03657,M+Na,+,1,0,60,,,,,146.08117,M+NH4,+,1,0,60,,,,,127.04007,M-H,-,1,0,60,,,
Dihydrothymine,XIC,eTargetCompound,C5H8N2O2,,,ESI,5000,,0,,129.06585,M+H,+,1,0,120,,,,,151.0478,M+Na,+,1,0,60,,,,,146.0924,M+NH4,+,1,0,60,,,,,127.0513,M-H,-,1,0,60,,,
D-2-Amino-hexano-6-lactam,XIC,eTargetCompound,C6H12N2O,,,ESI,5000,,0,,129.10224,M+H,+,1,0,120,,,,,151.08418,M+Na,+,1,0,60,,,,,146.12879,M+NH4,+,1,0,60,,,,,127.08769,M-H,-,1,0,60,,,
"L-Lysine 1,6-lactam",XIC,eTargetCompound,C6H12N2O,,,ESI,5000,,0,,129.10224,M+H,+,1,0,120,,,,,151.08418,M+Na,+,1,0,60,,,,,146.12879,M+NH4,+,1,0,60,,,,,127.08769,M-H,-,1,0,60,,,
Octyl aldehyde,XIC,eTargetCompound,C8H16O,,,ESI,5000,,0,,129.12739,M+H,+,1,0,120,,,,,151.10934,M+Na,+,1,0,60,,,,,146.15394,M+NH4,+,1,0,60,,,,,127.11284,M-H,-,1,0,60,,,
Sulcatol,XIC,eTargetCompound,C8H16O,,,ESI,5000,,0,,129.12739,M+H,+,1,0,120,,,,,151.10934,M+Na,+,1,0,60,,,,,146.15394,M+NH4,+,1,0,60,,,,,127.11284,M-H,-,1,0,60,,,
1-Pyrroline-4-hydroxy-2-carboxylate,XIC,eTargetCompound,C5H7NO3,,,ESI,5000,,0,,130.04987,M+H,+,1,0,120,,,,,152.03181,M+Na,+,1,0,60,,,,,147.07642,M+NH4,+,1,0,60,,,,,128.03532,M-H,-,1,0,60,,,
4-oxo-proline,XIC,eTargetCompound,C5H7NO3,,,ESI,5000,,0,,130.04987,M+H,+,1,0,120,,,,,152.03181,M+Na,+,1,0,60,,,,,147.07642,M+NH4,+,1,0,60,,,,,128.03532,M-H,-,1,0,60,,,
4-Oxoproline,XIC,eTargetCompound,C5H7NO3,,,ESI,5000,,0,,130.04987,M+H,+,1,0,120,,,,,152.03181,M+Na,+,1,0,60,,,,,147.07642,M+NH4,+,1,0,60,,,,,128.03532,M-H,-,1,0,60,,,
5-Oxoproline,XIC,eTargetCompound,C5H7NO3,,,ESI,5000,,0,,130.04987,M+H,+,1,0,120,,,,,152.03181,M+Na,+,1,0,60,,,,,147.07642,M+NH4,+,1,0,60,,,,,128.03532,M-H,-,1,0,60,,,
D-Pyroglutamic acid; Pyrrolidonecarboxylic acid,XIC,eTargetCompound,C5H7NO3,,,ESI,5000,,0,,130.04987,M+H,+,1,0,120,,,,,152.03181,M+Na,+,1,0,60,,,,,147.07642,M+NH4,+,1,0,60,,,,,128.03532,M-H,-,1,0,60,,,
L-1-Pyrroline-3-hydroxy-5-carboxylate,XIC,eTargetCompound,C5H7NO3,,,ESI,5000,,0,,130.04987,M+H,+,1,0,120,,,,,152.03181,M+Na,+,1,0,60,,,,,147.07642,M+NH4,+,1,0,60,,,,,128.03532,M-H,-,1,0,60,,,
Isoquinoline,XIC,eTargetCompound,C9H7N,,,ESI,5000,,0,,130.06513,M+H,+,1,0,120,,,,,152.04707,M+Na,+,1,0,60,,,,,147.09167,M+NH4,+,1,0,60,,,,,128.05057,M-H,-,1,0,60,,,
Quinoline,XIC,eTargetCompound,C9H7N,,,ESI,5000,,0,,130.06513,M+H,+,1,0,120,,,,,152.04707,M+Na,+,1,0,60,,,,,147.09167,M+NH4,+,1,0,60,,,,,128.05057,M-H,-,1,0,60,,,
D-Pipecolic acid,XIC,eTargetCompound,C6H11NO2,,,ESI,5000,,0,,130.08626,M+H,+,1,0,120,,,,,152.0682,M+Na,+,1,0,60,,,,,147.1128,M+NH4,+,1,0,60,,,,,128.0717,M-H,-,1,0,60,,,
L-Pipecolate,XIC,eTargetCompound,C6H11NO2,,,ESI,5000,,0,,130.08626,M+H,+,1,0,120,,,,,152.0682,M+Na,+,1,0,60,,,,,147.1128,M+NH4,+,1,0,60,,,,,128.0717,M-H,-,1,0,60,,,
N4-Acetylaminobutanal,XIC,eTargetCompound,C6H11NO2,,,ESI,5000,,0,,130.08626,M+H,+,1,0,120,,,,,152.0682,M+Na,+,1,0,60,,,,,147.1128,M+NH4,+,1,0,60,,,,,128.0717,M-H,-,1,0,60,,,
4-Guanidinobutanal,XIC,eTargetCompound,C5H11N3O,,,ESI,5000,,0,,130.09749,M+H,+,1,0,120,,,,,152.07943,M+Na,+,1,0,60,,,,,147.12404,M+NH4,+,1,0,60,,,,,128.08294,M-H,-,1,0,60,,,
4-Trimethylammoniobutanal,XIC,eTargetCompound,C7H15NO,,,ESI,5000,,0,,130.12264,M+H,+,1,0,120,,,,,152.10459,M+Na,+,1,0,60,,,,,147.14919,M+NH4,+,1,0,60,,,,,128.10809,M-H,-,1,0,60,,,
N-Methylhexanamide,XIC,eTargetCompound,C7H15NO,,,ESI,5000,,0,,130.12264,M+H,+,1,0,120,,,,,152.10459,M+Na,+,1,0,60,,,,,147.14919,M+NH4,+,1,0,60,,,,,128.10809,M-H,-,1,0,60,,,
(E)-Glutaconate,XIC,eTargetCompound,C5H6O4,,,ESI,5000,,0,,131.03389,M+H,+,1,0,120,,,,,153.01583,M+Na,+,1,0,60,,,,,148.06043,M+NH4,+,1,0,60,,,,,129.01933,M-H,-,1,0,60,,,
"2,5-Dioxopentanoate",XIC,eTargetCompound,C5H6O4,,,ESI,5000,,0,,131.03389,M+H,+,1,0,120,,,,,153.01583,M+Na,+,1,0,60,,,,,148.06043,M+NH4,+,1,0,60,,,,,129.01933,M-H,-,1,0,60,,,
"4,5-Dioxopentanoate",XIC,eTargetCompound,C5H6O4,,,ESI,5000,,0,,131.03389,M+H,+,1,0,120,,,,,153.01583,M+Na,+,1,0,60,,,,,148.06043,M+NH4,+,1,0,60,,,,,129.01933,M-H,-,1,0,60,,,
Acetylpyruvate,XIC,eTargetCompound,C5H6O4,,,ESI,5000,,0,,131.03389,M+H,+,1,0,120,,,,,153.01583,M+Na,+,1,0,60,,,,,148.06043,M+NH4,+,1,0,60,,,,,129.01933,M-H,-,1,0,60,,,
Citraconic acid,XIC,eTargetCompound,C5H6O4,,,ESI,5000,,0,,131.03389,M+H,+,1,0,120,,,,,153.01583,M+Na,+,1,0,60,,,,,148.06043,M+NH4,+,1,0,60,,,,,129.01933,M-H,-,1,0,60,,,
Glutaconic acid,XIC,eTargetCompound,C5H6O4,,,ESI,5000,,0,,131.03389,M+H,+,1,0,120,,,,,153.01583,M+Na,+,1,0,60,,,,,148.06043,M+NH4,+,1,0,60,,,,,129.01933,M-H,-,1,0,60,,,
Itaconic acid ,XIC,eTargetCompound,C5H6O4,,,ESI,5000,,0,,131.03389,M+H,+,1,0,120,,,,,153.01583,M+Na,+,1,0,60,,,,,148.06043,M+NH4,+,1,0,60,,,,,129.01933,M-H,-,1,0,60,,,
Mesaconic acid,XIC,eTargetCompound,C5H6O4,,,ESI,5000,,0,,131.03389,M+H,+,1,0,120,,,,,153.01583,M+Na,+,1,0,60,,,,,148.06043,M+NH4,+,1,0,60,,,,,129.01933,M-H,-,1,0,60,,,
AM004_3-Methyl-2-oxopentanoate,XIC,eTargetCompound,,,,None,0,,,,,,,,,,,,,,,,,,,,,,,,,,,,,,,,,,129.0557,M-,-,1,15.71,60,,,
(R)-Pantolactone,XIC,eTargetCompound,C6H10O3,,,ESI,5000,,0,,131.07027,M+H,+,1,0,120,,,,,153.05222,M+Na,+,1,0,60,,,,,148.09682,M+NH4,+,1,0,60,,,,,129.05572,M-H,-,1,0,60,,,
(S)-3-Methyl-2-oxopentanoic acid,XIC,eTargetCompound,C6H10O3,,,ESI,5000,,0,,131.07027,M+H,+,1,0,120,,,,,153.05222,M+Na,+,1,0,60,,,,,148.09682,M+NH4,+,1,0,60,,,,,129.05572,M-H,-,1,0,60,,,
[FA oxo(6:0)] 2-oxo-hexanoic acid,XIC,eTargetCompound,C6H10O3,,,ESI,5000,,0,,131.07027,M+H,+,1,0,120,,,,,153.05222,M+Na,+,1,0,60,,,,,148.09682,M+NH4,+,1,0,60,,,,,129.05572,M-H,-,1,0,60,,,
[FA oxo(6:0)] 3-oxo-hexanoic acid,XIC,eTargetCompound,C6H10O3,,,ESI,5000,,0,,131.07027,M+H,+,1,0,120,,,,,153.05222,M+Na,+,1,0,60,,,,,148.09682,M+NH4,+,1,0,60,,,,,129.05572,M-H,-,1,0,60,,,
[FA oxo(6:0)] 5-oxo-hexanoic acid,XIC,eTargetCompound,C6H10O3,,,ESI,5000,,0,,131.07027,M+H,+,1,0,120,,,,,153.05222,M+Na,+,1,0,60,,,,,148.09682,M+NH4,+,1,0,60,,,,,129.05572,M-H,-,1,0,60,,,
3-Oxo-4-methylpentanoic acid,XIC,eTargetCompound,C6H10O3,,,ESI,5000,,0,,131.07027,M+H,+,1,0,120,,,,,153.05222,M+Na,+,1,0,60,,,,,148.09682,M+NH4,+,1,0,60,,,,,129.05572,M-H,-,1,0,60,,,
4-Methyl-2-oxopentanoate,XIC,eTargetCompound,C6H10O3,,,ESI,5000,,0,,131.07027,M+H,+,1,0,120,,,,,153.05222,M+Na,+,1,0,60,,,,,148.09682,M+NH4,+,1,0,60,,,,,129.05572,M-H,-,1,0,60,,,
6-Hydroxyhexan-6-olide,XIC,eTargetCompound,C6H10O3,,,ESI,5000,,0,,131.07027,M+H,+,1,0,120,,,,,153.05222,M+Na,+,1,0,60,,,,,148.09682,M+NH4,+,1,0,60,,,,,129.05572,M-H,-,1,0,60,,,
Ethyl 3-oxobutanoate,XIC,eTargetCompound,C6H10O3,,,ESI,5000,,0,,131.07027,M+H,+,1,0,120,,,,,153.05222,M+Na,+,1,0,60,,,,,148.09682,M+NH4,+,1,0,60,,,,,129.05572,M-H,-,1,0,60,,,
Mevalonolactone; Divalonic acid,XIC,eTargetCompound,C6H10O3,,,ESI,5000,,0,,131.07027,M+H,+,1,0,120,,,,,153.05222,M+Na,+,1,0,60,,,,,148.09682,M+NH4,+,1,0,60,,,,,129.05572,M-H,-,1,0,60,,,
Leucinamide,XIC,eTargetCompound,C6H14N2O,,,ESI,5000,,0,,131.11789,M+H,+,1,0,120,,,,,153.09983,M+Na,+,1,0,60,,,,,148.14444,M+NH4,+,1,0,60,,,,,129.10334,M-H,-,1,0,60,,,
N-Acetylputrescine,XIC,eTargetCompound,C6H14N2O,,,ESI,5000,,0,,131.11789,M+H,+,1,0,120,,,,,153.09983,M+Na,+,1,0,60,,,,,148.14444,M+NH4,+,1,0,60,,,,,129.10334,M-H,-,1,0,60,,,
Agmatine,XIC,eTargetCompound,C5H14N4,,,ESI,5000,,0,,131.12912,M+H,+,1,0,120,,,,,153.11107,M+Na,+,1,0,60,,,,,148.15567,M+NH4,+,1,0,60,,,,,129.11457,M-H,-,1,0,60,,,
1-Octanol,XIC,eTargetCompound,C8H18O,,,ESI,5000,,0,,131.14304,M+H,+,1,0,120,,,,,153.12499,M+Na,+,1,0,60,,,,,148.16959,M+NH4,+,1,0,60,,,,,129.12849,M-H,-,1,0,60,,,
2-Ethylhexan-1-ol,XIC,eTargetCompound,C8H18O,,,ESI,5000,,0,,131.14304,M+H,+,1,0,120,,,,,153.12499,M+Na,+,1,0,60,,,,,148.16959,M+NH4,+,1,0,60,,,,,129.12849,M-H,-,1,0,60,,,
2-Oxosuccinamate,XIC,eTargetCompound,C4H5NO4,,,ESI,5000,,0,,132.02913,M+H,+,1,0,120,,,,,154.01108,M+Na,+,1,0,60,,,,,149.05568,M+NH4,+,1,0,60,,,,,130.01458,M-H,-,1,0,60,,,
Iminoaspartate,XIC,eTargetCompound,C4H5NO4,,,ESI,5000,,0,,132.02913,M+H,+,1,0,120,,,,,154.01108,M+Na,+,1,0,60,,,,,149.05568,M+NH4,+,1,0,60,,,,,130.01458,M-H,-,1,0,60,,,
(S)-4-Amino-5-oxopentanoate,XIC,eTargetCompound,C5H9NO3,,,ESI,5000,,0,,132.06552,M+H,+,1,0,120,,,,,154.04746,M+Na,+,1,0,60,,,,,149.09207,M+NH4,+,1,0,60,,,,,130.05097,M-H,-,1,0,60,,,
2-Amino-4-oxopentanoic acid,XIC,eTargetCompound,C5H9NO3,,,ESI,5000,,0,,132.06552,M+H,+,1,0,120,,,,,154.04746,M+Na,+,1,0,60,,,,,149.09207,M+NH4,+,1,0,60,,,,,130.05097,M-H,-,1,0,60,,,
3-Hydroxy-L-proline,XIC,eTargetCompound,C5H9NO3,,,ESI,5000,,0,,132.06552,M+H,+,1,0,120,,,,,154.04746,M+Na,+,1,0,60,,,,,149.09207,M+NH4,+,1,0,60,,,,,130.05097,M-H,-,1,0,60,,,
4-Hydroxyproline,XIC,eTargetCompound,C5H9NO3,,,ESI,5000,,0,,132.06552,M+H,+,1,0,120,,,,,154.04746,M+Na,+,1,0,60,,,,,149.09207,M+NH4,+,1,0,60,,,,,130.05097,M-H,-,1,0,60,,,
5-Amino-2-oxopentanoic acid,XIC,eTargetCompound,C5H9NO3,,,ESI,5000,,0,,132.06552,M+H,+,1,0,120,,,,,154.04746,M+Na,+,1,0,60,,,,,149.09207,M+NH4,+,1,0,60,,,,,130.05097,M-H,-,1,0,60,,,
5-Aminolevulinate,XIC,eTargetCompound,C5H9NO3,,,ESI,5000,,0,,132.06552,M+H,+,1,0,120,,,,,154.04746,M+Na,+,1,0,60,,,,,149.09207,M+NH4,+,1,0,60,,,,,130.05097,M-H,-,1,0,60,,,
cis-4-Hydroxy-D-proline,XIC,eTargetCompound,C5H9NO3,,,ESI,5000,,0,,132.06552,M+H,+,1,0,120,,,,,154.04746,M+Na,+,1,0,60,,,,,149.09207,M+NH4,+,1,0,60,,,,,130.05097,M-H,-,1,0,60,,,
cis-4-Hydroxy-L-proline,XIC,eTargetCompound,C5H9NO3,,,ESI,5000,,0,,132.06552,M+H,+,1,0,120,,,,,154.04746,M+Na,+,1,0,60,,,,,149.09207,M+NH4,+,1,0,60,,,,,130.05097,M-H,-,1,0,60,,,
L-Glutamate 5-semialdehyde,XIC,eTargetCompound,C5H9NO3,,,ESI,5000,,0,,132.06552,M+H,+,1,0,120,,,,,154.04746,M+Na,+,1,0,60,,,,,149.09207,M+NH4,+,1,0,60,,,,,130.05097,M-H,-,1,0,60,,,
N-Acetyl-beta-alanine,XIC,eTargetCompound,C5H9NO3,,,ESI,5000,,0,,132.06552,M+H,+,1,0,120,,,,,154.04746,M+Na,+,1,0,60,,,,,149.09207,M+NH4,+,1,0,60,,,,,130.05097,M-H,-,1,0,60,,,
N-Acetyl-DL-Serine,XIC,eTargetCompound,C5H9NO3,,,ESI,5000,,0,,132.06552,M+H,+,1,0,120,,,,,154.04746,M+Na,+,1,0,60,,,,,149.09207,M+NH4,+,1,0,60,,,,,130.05097,M-H,-,1,0,60,,,
N-Acetyl-L-alanine,XIC,eTargetCompound,C5H9NO3,,,ESI,5000,,0,,132.06552,M+H,+,1,0,120,,,,,154.04746,M+Na,+,1,0,60,,,,,149.09207,M+NH4,+,1,0,60,,,,,130.05097,M-H,-,1,0,60,,,
trans-L-3-Hydroxyproline,XIC,eTargetCompound,C5H9NO3,,,ESI,5000,,0,,132.06552,M+H,+,1,0,120,,,,,154.04746,M+Na,+,1,0,60,,,,,149.09207,M+NH4,+,1,0,60,,,,,130.05097,M-H,-,1,0,60,,,
3-Guanidinopropanoate,XIC,eTargetCompound,C4H9N3O2,,,ESI,5000,,0,,132.07675,M+H,+,1,0,120,,,,,154.0587,M+Na,+,1,0,60,,,,,149.1033,M+NH4,+,1,0,60,,,,,130.0622,M-H,-,1,0,60,,,
Creatine,XIC,eTargetCompound,C4H9N3O2,,,ESI,5000,,0,,132.07675,M+H,+,1,0,120,,,,,154.0587,M+Na,+,1,0,60,,,,,149.1033,M+NH4,+,1,0,60,,,,,130.0622,M-H,-,1,0,60,,,
3-Methylindole,XIC,eTargetCompound,C9H9N,,,ESI,5000,,0,,132.08078,M+H,+,1,0,120,,,,,154.06272,M+Na,+,1,0,60,,,,,149.10732,M+NH4,+,1,0,60,,,,,130.06622,M-H,-,1,0,60,,,
Benzenepropanenitrile,XIC,eTargetCompound,C9H9N,,,ESI,5000,,0,,132.08078,M+H,+,1,0,120,,,,,154.06272,M+Na,+,1,0,60,,,,,149.10732,M+NH4,+,1,0,60,,,,,130.06622,M-H,-,1,0,60,,,
(3R)-beta-Leucine,XIC,eTargetCompound,C6H13NO2,,,ESI,5000,,0,,132.10191,M+H,+,1,0,120,,,,,154.08385,M+Na,+,1,0,60,,,,,149.12845,M+NH4,+,1,0,60,,,,,130.08735,M-H,-,1,0,60,,,
beta-Alaninebetaine,XIC,eTargetCompound,C6H13NO2,,,ESI,5000,,0,,132.10191,M+H,+,1,0,120,,,,,154.08385,M+Na,+,1,0,60,,,,,149.12845,M+NH4,+,1,0,60,,,,,130.08735,M-H,-,1,0,60,,,
Beta-Leucine,XIC,eTargetCompound,C6H13NO2,,,ESI,5000,,0,,132.10191,M+H,+,1,0,120,,,,,154.08385,M+Na,+,1,0,60,,,,,149.12845,M+NH4,+,1,0,60,,,,,130.08735,M-H,-,1,0,60,,,
D-Isoleucine,XIC,eTargetCompound,C6H13NO2,,,ESI,5000,,0,,132.10191,M+H,+,1,0,120,,,,,154.08385,M+Na,+,1,0,60,,,,,149.12845,M+NH4,+,1,0,60,,,,,130.08735,M-H,-,1,0,60,,,
D-Leucine,XIC,eTargetCompound,C6H13NO2,,,ESI,5000,,0,,132.10191,M+H,+,1,0,120,,,,,154.08385,M+Na,+,1,0,60,,,,,149.12845,M+NH4,+,1,0,60,,,,,130.08735,M-H,-,1,0,60,,,
L-Isoleucine,XIC,eTargetCompound,C6H13NO2,,,ESI,5000,,0,,132.10191,M+H,+,1,0,120,,,,,154.08385,M+Na,+,1,0,60,,,,,149.12845,M+NH4,+,1,0,60,,,,,130.08735,M-H,-,1,0,60,,,
L-Leucine,XIC,eTargetCompound,C6H13NO2,,,ESI,5000,,0,,132.10191,M+H,+,1,0,120,,,,,154.08385,M+Na,+,1,0,60,,,,,149.12845,M+NH4,+,1,0,60,,,,,130.08735,M-H,-,1,0,60,,,
L-Norleucine,XIC,eTargetCompound,C6H13NO2,,,ESI,5000,,0,,132.10191,M+H,+,1,0,120,,,,,154.08385,M+Na,+,1,0,60,,,,,149.12845,M+NH4,+,1,0,60,,,,,130.08735,M-H,-,1,0,60,,,
N-Carbamoylputrescine,XIC,eTargetCompound,C5H13N3O,,,ESI,5000,,0,,132.11314,M+H,+,1,0,120,,,,,154.09508,M+Na,+,1,0,60,,,,,149.13969,M+NH4,+,1,0,60,,,,,130.09859,M-H,-,1,0,60,,,
Bis(3-aminopropyl)amine,XIC,eTargetCompound,C6H17N3,,,ESI,5000,,0,,132.14952,M+H,+,1,0,120,,,,,154.13147,M+Na,+,1,0,60,,,,,149.17607,M+NH4,+,1,0,60,,,,,130.13497,M-H,-,1,0,60,,,
[FA hydroxy(4:1/2:0)] 2-hydroxy-2-butenedioic acid,XIC,eTargetCompound,C4H4O5,,,ESI,5000,,0,,133.01315,M+H,+,1,0,120,,,,,154.99509,M+Na,+,1,0,60,,,,,150.0397,M+NH4,+,1,0,60,,,,,130.9986,M-H,-,1,0,60,,,
Oxaloacetic acid ,XIC,eTargetCompound,C4H4O5,,,ESI,5000,,0,,133.01315,M+H,+,1,0,120,,,,,154.99509,M+Na,+,1,0,60,,,,,150.0397,M+NH4,+,1,0,60,,,,,130.9986,M-H,-,1,0,60,,,
"trans-2,3-Epoxysuccinate",XIC,eTargetCompound,C4H4O5,,,ESI,5000,,0,,133.01315,M+H,+,1,0,120,,,,,154.99509,M+Na,+,1,0,60,,,,,150.0397,M+NH4,+,1,0,60,,,,,130.9986,M-H,-,1,0,60,,,
Oxalureate,XIC,eTargetCompound,C3H4N2O4,,,ESI,5000,,0,,133.02438,M+H,+,1,0,120,,,,,155.00633,M+Na,+,1,0,60,,,,,150.05093,M+NH4,+,1,0,60,,,,,131.00983,M-H,-,1,0,60,,,
(S)-2-Acetolactate,XIC,eTargetCompound,C5H8O4,,,ESI,5000,,0,,133.04954,M+H,+,1,0,120,,,,,155.03148,M+Na,+,1,0,60,,,,,150.07608,M+NH4,+,1,0,60,,,,,131.03498,M-H,-,1,0,60,,,
"(S)-4,5-dihydroxypentan-2,3-dione",XIC,eTargetCompound,C5H8O4,,,ESI,5000,,0,,133.04954,M+H,+,1,0,120,,,,,155.03148,M+Na,+,1,0,60,,,,,150.07608,M+NH4,+,1,0,60,,,,,131.03498,M-H,-,1,0,60,,,
"[FA hydroxy,methyl,oxo(4:0)] 3-hydroxy-3-methyl-2-oxo-butanoic acid",XIC,eTargetCompound,C5H8O4,,,ESI,5000,,0,,133.04954,M+H,+,1,0,120,,,,,155.03148,M+Na,+,1,0,60,,,,,150.07608,M+NH4,+,1,0,60,,,,,131.03498,M-H,-,1,0,60,,,
2-(Hydroxymethyl)-4-oxobutanoate,XIC,eTargetCompound,C5H8O4,,,ESI,5000,,0,,133.04954,M+H,+,1,0,120,,,,,155.03148,M+Na,+,1,0,60,,,,,150.07608,M+NH4,+,1,0,60,,,,,131.03498,M-H,-,1,0,60,,,
2-Acetolactate,XIC,eTargetCompound,C5H8O4,,,ESI,5000,,0,,133.04954,M+H,+,1,0,120,,,,,155.03148,M+Na,+,1,0,60,,,,,150.07608,M+NH4,+,1,0,60,,,,,131.03498,M-H,-,1,0,60,,,
4-Hydroxy-2-oxopentanoate,XIC,eTargetCompound,C5H8O4,,,ESI,5000,,0,,133.04954,M+H,+,1,0,120,,,,,155.03148,M+Na,+,1,0,60,,,,,150.07608,M+NH4,+,1,0,60,,,,,131.03498,M-H,-,1,0,60,,,
Deoxyribonolactone,XIC,eTargetCompound,C5H8O4,,,ESI,5000,,0,,133.04954,M+H,+,1,0,120,,,,,155.03148,M+Na,+,1,0,60,,,,,150.07608,M+NH4,+,1,0,60,,,,,131.03498,M-H,-,1,0,60,,,
Ethyl malonate,XIC,eTargetCompound,C5H8O4,,,ESI,5000,,0,,133.04954,M+H,+,1,0,120,,,,,155.03148,M+Na,+,1,0,60,,,,,150.07608,M+NH4,+,1,0,60,,,,,131.03498,M-H,-,1,0,60,,,
Glutaric acid,XIC,eTargetCompound,C5H8O4,,,ESI,5000,,0,,133.04954,M+H,+,1,0,120,,,,,155.03148,M+Na,+,1,0,60,,,,,150.07608,M+NH4,+,1,0,60,,,,,131.03498,M-H,-,1,0,60,,,
Methylsuccinic acid,XIC,eTargetCompound,C5H8O4,,,ESI,5000,,0,,133.04954,M+H,+,1,0,120,,,,,155.03148,M+Na,+,1,0,60,,,,,150.07608,M+NH4,+,1,0,60,,,,,131.03498,M-H,-,1,0,60,,,
Pteridine,XIC,eTargetCompound,C6H4N4,,,ESI,5000,,0,,133.05087,M+H,+,1,0,120,,,,,155.03282,M+Na,+,1,0,60,,,,,150.07742,M+NH4,+,1,0,60,,,,,131.03632,M-H,-,1,0,60,,,
D-Asparagine,XIC,eTargetCompound,C4H8N2O3,,,ESI,5000,,0,,133.06077,M+H,+,1,0,120,,,,,155.04271,M+Na,+,1,0,60,,,,,150.08732,M+NH4,+,1,0,60,,,,,131.04622,M-H,-,1,0,60,,,
Gly-Gly (Glycylglycylglycine),XIC,eTargetCompound,C4H8N2O3,,,ESI,5000,,0,,133.06077,M+H,+,1,0,120,,,,,155.04271,M+Na,+,1,0,60,,,,,150.08732,M+NH4,+,1,0,60,,,,,131.04622,M-H,-,1,0,60,,,
L-Asparagine,XIC,eTargetCompound,C4H8N2O3,,,ESI,5000,,0,,133.06077,M+H,+,1,0,120,,,,,155.04271,M+Na,+,1,0,60,,,,,150.08732,M+NH4,+,1,0,60,,,,,131.04622,M-H,-,1,0,60,,,
N-Carbamoylsarcosine,XIC,eTargetCompound,C4H8N2O3,,,ESI,5000,,0,,133.06077,M+H,+,1,0,120,,,,,155.04271,M+Na,+,1,0,60,,,,,150.08732,M+NH4,+,1,0,60,,,,,131.04622,M-H,-,1,0,60,,,
Ureidopropionic acid,XIC,eTargetCompound,C4H8N2O3,,,ESI,5000,,0,,133.06077,M+H,+,1,0,120,,,,,155.04271,M+Na,+,1,0,60,,,,,150.08732,M+NH4,+,1,0,60,,,,,131.04622,M-H,-,1,0,60,,,
Methylenediurea,XIC,eTargetCompound,C3H8N4O2,,,ESI,5000,,0,,133.072,M+H,+,1,0,120,,,,,155.05395,M+Na,+,1,0,60,,,,,150.09855,M+NH4,+,1,0,60,,,,,131.05745,M-H,-,1,0,60,,,
2-hydroxycaproic acid,XIC,eTargetCompound,C6H12O3,,,ESI,5000,,0,,133.08592,M+H,+,1,0,120,,,,,155.06787,M+Na,+,1,0,60,,,,,150.11247,M+NH4,+,1,0,60,,,,,131.07137,M-H,-,1,0,60,,,
6-Hydroxycaproic acid,XIC,eTargetCompound,C6H12O3,,,ESI,5000,,0,,133.08592,M+H,+,1,0,120,,,,,155.06787,M+Na,+,1,0,60,,,,,150.11247,M+NH4,+,1,0,60,,,,,131.07137,M-H,-,1,0,60,,,
D-2-Hydroxyisocaproate,XIC,eTargetCompound,C6H12O3,,,ESI,5000,,0,,133.08592,M+H,+,1,0,120,,,,,155.06787,M+Na,+,1,0,60,,,,,150.11247,M+NH4,+,1,0,60,,,,,131.07137,M-H,-,1,0,60,,,
"(2R,4S)-2,4-Diaminopentanoate",XIC,eTargetCompound,C5H12N2O2,,,ESI,5000,,0,,133.09715,M+H,+,1,0,120,,,,,155.0791,M+Na,+,1,0,60,,,,,150.1237,M+NH4,+,1,0,60,,,,,131.0826,M-H,-,1,0,60,,,
D-Ornithine,XIC,eTargetCompound,C5H12N2O2,,,ESI,5000,,0,,133.09715,M+H,+,1,0,120,,,,,155.0791,M+Na,+,1,0,60,,,,,150.1237,M+NH4,+,1,0,60,,,,,131.0826,M-H,-,1,0,60,,,
"Ornithine, L-Ornithine",XIC,eTargetCompound,C5H12N2O2,,,ESI,5000,,0,,133.09715,M+H,+,1,0,120,,,,,155.0791,M+Na,+,1,0,60,,,,,150.1237,M+NH4,+,1,0,60,,,,,131.0826,M-H,-,1,0,60,,,
D-Aspartate,XIC,eTargetCompound,C4H7NO4,,,ESI,5000,,0,,134.04478,M+H,+,1,0,120,,,,,156.02673,M+Na,+,1,0,60,,,,,151.07133,M+NH4,+,1,0,60,,,,,132.03023,M-H,-,1,0,60,,,
L-Aspartic acid,XIC,eTargetCompound,C4H7NO4,,,ESI,5000,,0,,134.04478,M+H,+,1,0,120,,,,,156.02673,M+Na,+,1,0,60,,,,,151.07133,M+NH4,+,1,0,60,,,,,132.03023,M-H,-,1,0,60,,,
Ureidoglycine,XIC,eTargetCompound,C3H7N3O3,,,ESI,5000,,0,,134.05602,M+H,+,1,0,120,,,,,156.03796,M+Na,+,1,0,60,,,,,151.08257,M+NH4,+,1,0,60,,,,,132.04146,M-H,-,1,0,60,,,
2-Oxindole,XIC,eTargetCompound,C8H7NO,,,ESI,5000,,0,,134.06004,M+H,+,1,0,120,,,,,156.04199,M+Na,+,1,0,60,,,,,151.08659,M+NH4,+,1,0,60,,,,,132.04549,M-H,-,1,0,60,,,
4-Hydroxyphenylacetonitrile,XIC,eTargetCompound,C8H7NO,,,ESI,5000,,0,,134.06004,M+H,+,1,0,120,,,,,156.04199,M+Na,+,1,0,60,,,,,151.08659,M+NH4,+,1,0,60,,,,,132.04549,M-H,-,1,0,60,,,
Indolin-2-one,XIC,eTargetCompound,C8H7NO,,,ESI,5000,,0,,134.06004,M+H,+,1,0,120,,,,,156.04199,M+Na,+,1,0,60,,,,,151.08659,M+NH4,+,1,0,60,,,,,132.04549,M-H,-,1,0,60,,,
Mandelonitrile,XIC,eTargetCompound,C8H7NO,,,ESI,5000,,0,,134.06004,M+H,+,1,0,120,,,,,156.04199,M+Na,+,1,0,60,,,,,151.08659,M+NH4,+,1,0,60,,,,,132.04549,M-H,-,1,0,60,,,
4-methylthiobutanaldoxime,XIC,eTargetCompound,C5H11NOS,,,ESI,5000,,0,,134.06341,M+H,+,1,0,120,,,,,156.04536,M+Na,+,1,0,60,,,,,151.08996,M+NH4,+,1,0,60,,,,,132.04886,M-H,-,1,0,60,,,
AM001_Malate,XIC,eTargetCompound,,,,None,0,,,,,,,,,,,,,,,,,,,,,,,,,,,,,,,,,,133.0142,M-,-,1,17.41,60,,,
(R)-Malate,XIC,eTargetCompound,C4H6O5,,,ESI,5000,,0,,135.0288,M+H,+,1,0,120,,,,,157.01074,M+Na,+,1,0,60,,,,,152.05535,M+NH4,+,1,0,60,,,,,133.01425,M-H,-,1,0,60,,,
3-Dehydro-L-threonate,XIC,eTargetCompound,C4H6O5,,,ESI,5000,,0,,135.0288,M+H,+,1,0,120,,,,,157.01074,M+Na,+,1,0,60,,,,,152.05535,M+NH4,+,1,0,60,,,,,133.01425,M-H,-,1,0,60,,,
L-Malic acid,XIC,eTargetCompound,C4H6O5,,,ESI,5000,,0,,135.0288,M+H,+,1,0,120,,,,,157.01074,M+Na,+,1,0,60,,,,,152.05535,M+NH4,+,1,0,60,,,,,133.01425,M-H,-,1,0,60,,,
(-)-Ureidoglycolate,XIC,eTargetCompound,C3H6N2O4,,,ESI,5000,,0,,135.04003,M+H,+,1,0,120,,,,,157.02198,M+Na,+,1,0,60,,,,,152.06658,M+NH4,+,1,0,60,,,,,133.02548,M-H,-,1,0,60,,,
"S,S-Dimethyl-beta-propiothetin",XIC,eTargetCompound,C5H10O2S,,,ESI,5000,,0,,135.04743,M+H,+,1,0,120,,,,,157.02937,M+Na,+,1,0,60,,,,,152.07398,M+NH4,+,1,0,60,,,,,133.03287,M-H,-,1,0,60,,,
"(R)-2,3-Dihydroxy-3-methylbutanoate",XIC,eTargetCompound,C5H10O4,,,ESI,5000,,0,,135.06519,M+H,+,1,0,120,,,,,157.04713,M+Na,+,1,0,60,,,,,152.09173,M+NH4,+,1,0,60,,,,,133.05063,M-H,-,1,0,60,,,
1-Deoxy-D-xylulose,XIC,eTargetCompound,C5H10O4,,,ESI,5000,,0,,135.06519,M+H,+,1,0,120,,,,,157.04713,M+Na,+,1,0,60,,,,,152.09173,M+NH4,+,1,0,60,,,,,133.05063,M-H,-,1,0,60,,,
2-Deoxy-D-ribose; Deoxyribose,XIC,eTargetCompound,C5H10O4,,,ESI,5000,,0,,135.06519,M+H,+,1,0,120,,,,,157.04713,M+Na,+,1,0,60,,,,,152.09173,M+NH4,+,1,0,60,,,,,133.05063,M-H,-,1,0,60,,,
Dihydropteridine,XIC,eTargetCompound,C6H6N4,,,ESI,5000,,0,,135.06652,M+H,+,1,0,120,,,,,157.04847,M+Na,+,1,0,60,,,,,152.09307,M+NH4,+,1,0,60,,,,,133.05197,M-H,-,1,0,60,,,
L-Canaline,XIC,eTargetCompound,C4H10N2O3,,,ESI,5000,,0,,135.07642,M+H,+,1,0,120,,,,,157.05836,M+Na,+,1,0,60,,,,,152.10297,M+NH4,+,1,0,60,,,,,133.06187,M-H,-,1,0,60,,,
chavicol,XIC,eTargetCompound,C9H10O,,,ESI,5000,,0,,135.08044,M+H,+,1,0,120,,,,,157.06239,M+Na,+,1,0,60,,,,,152.10699,M+NH4,+,1,0,60,,,,,133.06589,M-H,-,1,0,60,,,
Cinnamyl alcohol,XIC,eTargetCompound,C9H10O,,,ESI,5000,,0,,135.08044,M+H,+,1,0,120,,,,,157.06239,M+Na,+,1,0,60,,,,,152.10699,M+NH4,+,1,0,60,,,,,133.06589,M-H,-,1,0,60,,,
Indan-1-ol,XIC,eTargetCompound,C9H10O,,,ESI,5000,,0,,135.08044,M+H,+,1,0,120,,,,,157.06239,M+Na,+,1,0,60,,,,,152.10699,M+NH4,+,1,0,60,,,,,133.06589,M-H,-,1,0,60,,,
Phenylacetone,XIC,eTargetCompound,C9H10O,,,ESI,5000,,0,,135.08044,M+H,+,1,0,120,,,,,157.06239,M+Na,+,1,0,60,,,,,152.10699,M+NH4,+,1,0,60,,,,,133.06589,M-H,-,1,0,60,,,
Homocysteine,XIC,eTargetCompound,C4H9NO2S,,,ESI,5000,,0,,136.04268,M+H,+,1,0,120,,,,,158.02462,M+Na,+,1,0,60,,,,,153.06922,M+NH4,+,1,0,60,,,,,134.02812,M-H,-,1,0,60,,,
L-Homocysteine,XIC,eTargetCompound,C4H9NO2S,,,ESI,5000,,0,,136.04268,M+H,+,1,0,120,,,,,158.02462,M+Na,+,1,0,60,,,,,153.06922,M+NH4,+,1,0,60,,,,,134.02812,M-H,-,1,0,60,,,
2-Hydroxymethylserine,XIC,eTargetCompound,C4H9NO4,,,ESI,5000,,0,,136.06043,M+H,+,1,0,120,,,,,158.04238,M+Na,+,1,0,60,,,,,153.08698,M+NH4,+,1,0,60,,,,,134.04588,M-H,-,1,0,60,,,
4-Hydroxy-L-threonine,XIC,eTargetCompound,C4H9NO4,,,ESI,5000,,0,,136.06043,M+H,+,1,0,120,,,,,158.04238,M+Na,+,1,0,60,,,,,153.08698,M+NH4,+,1,0,60,,,,,134.04588,M-H,-,1,0,60,,,
Adenine,XIC,eTargetCompound,C5H5N5,,,ESI,5000,,0,,136.06177,M+H,+,1,0,120,,,,,158.04372,M+Na,+,1,0,60,,,,,153.08832,M+NH4,+,1,0,60,,,,,134.04722,M-H,-,1,0,60,,,
2?-Aminoacetophenone; O-Acetylaniline,XIC,eTargetCompound,C8H9NO,,,ESI,5000,,0,,136.07569,M+H,+,1,0,120,,,,,158.05764,M+Na,+,1,0,60,,,,,153.10224,M+NH4,+,1,0,60,,,,,134.06114,M-H,-,1,0,60,,,
2-Aminoacetophenone; O-Acetylaniline,XIC,eTargetCompound,C8H9NO,,,ESI,5000,,0,,136.07569,M+H,+,1,0,120,,,,,158.05764,M+Na,+,1,0,60,,,,,153.10224,M+NH4,+,1,0,60,,,,,134.06114,M-H,-,1,0,60,,,
2-Phenylacetamide,XIC,eTargetCompound,C8H9NO,,,ESI,5000,,0,,136.07569,M+H,+,1,0,120,,,,,158.05764,M+Na,+,1,0,60,,,,,153.10224,M+NH4,+,1,0,60,,,,,134.06114,M-H,-,1,0,60,,,
N-Benzylformamide,XIC,eTargetCompound,C8H9NO,,,ESI,5000,,0,,136.07569,M+H,+,1,0,120,,,,,158.05764,M+Na,+,1,0,60,,,,,153.10224,M+NH4,+,1,0,60,,,,,134.06114,M-H,-,1,0,60,,,
N-Phenylacetamide,XIC,eTargetCompound,C8H9NO,,,ESI,5000,,0,,136.07569,M+H,+,1,0,120,,,,,158.05764,M+Na,+,1,0,60,,,,,153.10224,M+NH4,+,1,0,60,,,,,134.06114,M-H,-,1,0,60,,,
S-Methyl-1-thio-D-glycerate,XIC,eTargetCompound,C4H8O3S,,,ESI,5000,,0,,137.02669,M+H,+,1,0,120,,,,,159.00864,M+Na,+,1,0,60,,,,,154.05324,M+NH4,+,1,0,60,,,,,135.01214,M-H,-,1,0,60,,,
L-Threonic acid ,XIC,eTargetCompound,C4H8O5,,,ESI,5000,,0,,137.04445,M+H,+,1,0,120,,,,,159.02639,M+Na,+,1,0,60,,,,,154.071,M+NH4,+,1,0,60,,,,,135.0299,M-H,-,1,0,60,,,
allopurinol,XIC,eTargetCompound,C5H4N4O,,,ESI,5000,,0,,137.04579,M+H,+,1,0,120,,,,,159.02773,M+Na,+,1,0,60,,,,,154.07234,M+NH4,+,1,0,60,,,,,135.03123,M-H,-,1,0,60,,,
Hypoxanthine,XIC,eTargetCompound,C5H4N4O,,,ESI,5000,,0,,137.04579,M+H,+,1,0,120,,,,,159.02773,M+Na,+,1,0,60,,,,,154.07234,M+NH4,+,1,0,60,,,,,135.03123,M-H,-,1,0,60,,,
3'-hydroxyacetophenone; 3-ACETYLPHENOL,XIC,eTargetCompound,C8H8O2,,,ESI,5000,,0,,137.05971,M+H,+,1,0,120,,,,,159.04165,M+Na,+,1,0,60,,,,,154.08626,M+NH4,+,1,0,60,,,,,135.04515,M-H,-,1,0,60,,,
4'-Hydroxyacetophenone; 3-ACETYLPHENOL,XIC,eTargetCompound,C8H8O2,,,ESI,5000,,0,,137.05971,M+H,+,1,0,120,,,,,159.04165,M+Na,+,1,0,60,,,,,154.08626,M+NH4,+,1,0,60,,,,,135.04515,M-H,-,1,0,60,,,
4-Hydroxyphenylacetaldehyde,XIC,eTargetCompound,C8H8O2,,,ESI,5000,,0,,137.05971,M+H,+,1,0,120,,,,,159.04165,M+Na,+,1,0,60,,,,,154.08626,M+NH4,+,1,0,60,,,,,135.04515,M-H,-,1,0,60,,,
4-Methylbenzoic acid; p-Toluic acid,XIC,eTargetCompound,C8H8O2,,,ESI,5000,,0,,137.05971,M+H,+,1,0,120,,,,,159.04165,M+Na,+,1,0,60,,,,,154.08626,M+NH4,+,1,0,60,,,,,135.04515,M-H,-,1,0,60,,,
Benzylformate,XIC,eTargetCompound,C8H8O2,,,ESI,5000,,0,,137.05971,M+H,+,1,0,120,,,,,159.04165,M+Na,+,1,0,60,,,,,154.08626,M+NH4,+,1,0,60,,,,,135.04515,M-H,-,1,0,60,,,
Phenyl acetate,XIC,eTargetCompound,C8H8O2,,,ESI,5000,,0,,137.05971,M+H,+,1,0,120,,,,,159.04165,M+Na,+,1,0,60,,,,,154.08626,M+NH4,+,1,0,60,,,,,135.04515,M-H,-,1,0,60,,,
Phenylacetic acid,XIC,eTargetCompound,C8H8O2,,,ESI,5000,,0,,137.05971,M+H,+,1,0,120,,,,,159.04165,M+Na,+,1,0,60,,,,,154.08626,M+NH4,+,1,0,60,,,,,135.04515,M-H,-,1,0,60,,,
2-Methylnicotinamide,XIC,eTargetCompound,C7H8N2O,,,ESI,5000,,0,,137.07094,M+H,+,1,0,120,,,,,159.05288,M+Na,+,1,0,60,,,,,154.09749,M+NH4,+,1,0,60,,,,,135.05639,M-H,-,1,0,60,,,
N-Methylnicotinamide,XIC,eTargetCompound,C7H8N2O,,,ESI,5000,,0,,137.07094,M+H,+,1,0,120,,,,,159.05288,M+Na,+,1,0,60,,,,,154.09749,M+NH4,+,1,0,60,,,,,135.05639,M-H,-,1,0,60,,,
D-Apiitol,XIC,eTargetCompound,C5H12O4,,,ESI,5000,,0,,137.08084,M+H,+,1,0,120,,,,,159.06278,M+Na,+,1,0,60,,,,,154.10738,M+NH4,+,1,0,60,,,,,135.06628,M-H,-,1,0,60,,,
Tetrahydropteridine,XIC,eTargetCompound,C6H8N4,,,ESI,5000,,0,,137.08217,M+H,+,1,0,120,,,,,159.06412,M+Na,+,1,0,60,,,,,154.10872,M+NH4,+,1,0,60,,,,,135.06762,M-H,-,1,0,60,,,
 (-)-beta-Pinene,XIC,eTargetCompound,C10H16,,,ESI,5000,,0,,137.13248,M+H,+,1,0,120,,,,,159.11442,M+Na,+,1,0,60,,,,,154.15903,M+NH4,+,1,0,60,,,,,135.11792,M-H,-,1,0,60,,,
 (-)-Limonene,XIC,eTargetCompound,C10H16,,,ESI,5000,,0,,137.13248,M+H,+,1,0,120,,,,,159.11442,M+Na,+,1,0,60,,,,,154.15903,M+NH4,+,1,0,60,,,,,135.11792,M-H,-,1,0,60,,,
 (+)-3-Carene,XIC,eTargetCompound,C10H16,,,ESI,5000,,0,,137.13248,M+H,+,1,0,120,,,,,159.11442,M+Na,+,1,0,60,,,,,154.15903,M+NH4,+,1,0,60,,,,,135.11792,M-H,-,1,0,60,,,
 (+)-beta-Phellandrene,XIC,eTargetCompound,C10H16,,,ESI,5000,,0,,137.13248,M+H,+,1,0,120,,,,,159.11442,M+Na,+,1,0,60,,,,,154.15903,M+NH4,+,1,0,60,,,,,135.11792,M-H,-,1,0,60,,,
 (+)-Comphene,XIC,eTargetCompound,C10H16,,,ESI,5000,,0,,137.13248,M+H,+,1,0,120,,,,,159.11442,M+Na,+,1,0,60,,,,,154.15903,M+NH4,+,1,0,60,,,,,135.11792,M-H,-,1,0,60,,,
 (+)-Limonene,XIC,eTargetCompound,C10H16,,,ESI,5000,,0,,137.13248,M+H,+,1,0,120,,,,,159.11442,M+Na,+,1,0,60,,,,,154.15903,M+NH4,+,1,0,60,,,,,135.11792,M-H,-,1,0,60,,,
 alpha-Terpinene,XIC,eTargetCompound,C10H16,,,ESI,5000,,0,,137.13248,M+H,+,1,0,120,,,,,159.11442,M+Na,+,1,0,60,,,,,154.15903,M+NH4,+,1,0,60,,,,,135.11792,M-H,-,1,0,60,,,
 beta-Pinene,XIC,eTargetCompound,C10H16,,,ESI,5000,,0,,137.13248,M+H,+,1,0,120,,,,,159.11442,M+Na,+,1,0,60,,,,,154.15903,M+NH4,+,1,0,60,,,,,135.11792,M-H,-,1,0,60,,,
 Myrcene,XIC,eTargetCompound,C10H16,,,ESI,5000,,0,,137.13248,M+H,+,1,0,120,,,,,159.11442,M+Na,+,1,0,60,,,,,154.15903,M+NH4,+,1,0,60,,,,,135.11792,M-H,-,1,0,60,,,
(-)-alpha-Pinene,XIC,eTargetCompound,C10H16,,,ESI,5000,,0,,137.13248,M+H,+,1,0,120,,,,,159.11442,M+Na,+,1,0,60,,,,,154.15903,M+NH4,+,1,0,60,,,,,135.11792,M-H,-,1,0,60,,,
(-)-beta-Phellandrene,XIC,eTargetCompound,C10H16,,,ESI,5000,,0,,137.13248,M+H,+,1,0,120,,,,,159.11442,M+Na,+,1,0,60,,,,,154.15903,M+NH4,+,1,0,60,,,,,135.11792,M-H,-,1,0,60,,,
(-)-Comphene,XIC,eTargetCompound,C10H16,,,ESI,5000,,0,,137.13248,M+H,+,1,0,120,,,,,159.11442,M+Na,+,1,0,60,,,,,154.15903,M+NH4,+,1,0,60,,,,,135.11792,M-H,-,1,0,60,,,
(+)-a-Pinene,XIC,eTargetCompound,C10H16,,,ESI,5000,,0,,137.13248,M+H,+,1,0,120,,,,,159.11442,M+Na,+,1,0,60,,,,,154.15903,M+NH4,+,1,0,60,,,,,135.11792,M-H,-,1,0,60,,,
(R)-(-)-alpha-Phellandrene,XIC,eTargetCompound,C10H16,,,ESI,5000,,0,,137.13248,M+H,+,1,0,120,,,,,159.11442,M+Na,+,1,0,60,,,,,154.15903,M+NH4,+,1,0,60,,,,,135.11792,M-H,-,1,0,60,,,
(S)-(+)-alpha-Phellandrene,XIC,eTargetCompound,C10H16,,,ESI,5000,,0,,137.13248,M+H,+,1,0,120,,,,,159.11442,M+Na,+,1,0,60,,,,,154.15903,M+NH4,+,1,0,60,,,,,135.11792,M-H,-,1,0,60,,,
"alpha-Carene, 3-Carene",XIC,eTargetCompound,C10H16,,,ESI,5000,,0,,137.13248,M+H,+,1,0,120,,,,,159.11442,M+Na,+,1,0,60,,,,,154.15903,M+NH4,+,1,0,60,,,,,135.11792,M-H,-,1,0,60,,,
alpha-Pinene,XIC,eTargetCompound,C10H16,,,ESI,5000,,0,,137.13248,M+H,+,1,0,120,,,,,159.11442,M+Na,+,1,0,60,,,,,154.15903,M+NH4,+,1,0,60,,,,,135.11792,M-H,-,1,0,60,,,
beta-Ocimene,XIC,eTargetCompound,C10H16,,,ESI,5000,,0,,137.13248,M+H,+,1,0,120,,,,,159.11442,M+Na,+,1,0,60,,,,,154.15903,M+NH4,+,1,0,60,,,,,135.11792,M-H,-,1,0,60,,,
gamma-Terpinene,XIC,eTargetCompound,C10H16,,,ESI,5000,,0,,137.13248,M+H,+,1,0,120,,,,,159.11442,M+Na,+,1,0,60,,,,,154.15903,M+NH4,+,1,0,60,,,,,135.11792,M-H,-,1,0,60,,,
sabinene,XIC,eTargetCompound,C10H16,,,ESI,5000,,0,,137.13248,M+H,+,1,0,120,,,,,159.11442,M+Na,+,1,0,60,,,,,154.15903,M+NH4,+,1,0,60,,,,,135.11792,M-H,-,1,0,60,,,
Terpinolene,XIC,eTargetCompound,C10H16,,,ESI,5000,,0,,137.13248,M+H,+,1,0,120,,,,,159.11442,M+Na,+,1,0,60,,,,,154.15903,M+NH4,+,1,0,60,,,,,135.11792,M-H,-,1,0,60,,,
3-Carboxy-1-methylpyridinium; N-Methylnicotinic acid,XIC,eTargetCompound,C7H7NO2,,,ESI,5000,,0,,138.05496,M+H,+,1,0,120,,,,,160.0369,M+Na,+,1,0,60,,,,,155.0815,M+NH4,+,1,0,60,,,,,136.0404,M-H,-,1,0,60,,,
3-Pyridylacetic acid,XIC,eTargetCompound,C7H7NO2,,,ESI,5000,,0,,138.05496,M+H,+,1,0,120,,,,,160.0369,M+Na,+,1,0,60,,,,,155.0815,M+NH4,+,1,0,60,,,,,136.0404,M-H,-,1,0,60,,,
4-Aminobenzoic acid,XIC,eTargetCompound,C7H7NO2,,,ESI,5000,,0,,138.05496,M+H,+,1,0,120,,,,,160.0369,M+Na,+,1,0,60,,,,,155.0815,M+NH4,+,1,0,60,,,,,136.0404,M-H,-,1,0,60,,,
N-Methylnicotinate,XIC,eTargetCompound,C7H7NO2,,,ESI,5000,,0,,138.05496,M+H,+,1,0,120,,,,,160.0369,M+Na,+,1,0,60,,,,,155.0815,M+NH4,+,1,0,60,,,,,136.0404,M-H,-,1,0,60,,,
1-Methylnicotinamide,XIC,eTargetCompound,C7H9N2O,,,ESI,5000,,0,,138.07876,M+H,+,1,0,120,,,,,160.06071,M+Na,+,1,0,60,,,,,155.10531,M+NH4,+,1,0,60,,,,,136.06421,M-H,-,1,0,60,,,
2-Hydroxyphenethylamine,XIC,eTargetCompound,C8H11NO,,,ESI,5000,,0,,138.09134,M+H,+,1,0,120,,,,,160.07329,M+Na,+,1,0,60,,,,,155.11789,M+NH4,+,1,0,60,,,,,136.07679,M-H,-,1,0,60,,,
"N,N-Dimethylaniline N-oxide",XIC,eTargetCompound,C8H11NO,,,ESI,5000,,0,,138.09134,M+H,+,1,0,120,,,,,160.07329,M+Na,+,1,0,60,,,,,155.11789,M+NH4,+,1,0,60,,,,,136.07679,M-H,-,1,0,60,,,
Tyramine,XIC,eTargetCompound,C8H11NO,,,ESI,5000,,0,,138.09134,M+H,+,1,0,120,,,,,160.07329,M+Na,+,1,0,60,,,,,155.11789,M+NH4,+,1,0,60,,,,,136.07679,M-H,-,1,0,60,,,
Phosphonomycin,XIC,eTargetCompound,C3H7O4P,,,ESI,5000,,0,,139.01547,M+H,+,1,0,120,,,,,160.99742,M+Na,+,1,0,60,,,,,156.04202,M+NH4,+,1,0,60,,,,,137.00092,M-H,-,1,0,60,,,
"2,5-Dihydroxybenzaldehyde",XIC,eTargetCompound,C7H6O3,,,ESI,5000,,0,,139.03897,M+H,+,1,0,120,,,,,161.02092,M+Na,+,1,0,60,,,,,156.06552,M+NH4,+,1,0,60,,,,,137.02442,M-H,-,1,0,60,,,
"3,4-Dihydroxybenzaldehyde",XIC,eTargetCompound,C7H6O3,,,ESI,5000,,0,,139.03897,M+H,+,1,0,120,,,,,161.02092,M+Na,+,1,0,60,,,,,156.06552,M+NH4,+,1,0,60,,,,,137.02442,M-H,-,1,0,60,,,
3-hydroxybenzoic acid,XIC,eTargetCompound,C7H6O3,,,ESI,5000,,0,,139.03897,M+H,+,1,0,120,,,,,161.02092,M+Na,+,1,0,60,,,,,156.06552,M+NH4,+,1,0,60,,,,,137.02442,M-H,-,1,0,60,,,
4-Hydroxybenzoate,XIC,eTargetCompound,C7H6O3,,,ESI,5000,,0,,139.03897,M+H,+,1,0,120,,,,,161.02092,M+Na,+,1,0,60,,,,,156.06552,M+NH4,+,1,0,60,,,,,137.02442,M-H,-,1,0,60,,,
Gentisate aldehyde,XIC,eTargetCompound,C7H6O3,,,ESI,5000,,0,,139.03897,M+H,+,1,0,120,,,,,161.02092,M+Na,+,1,0,60,,,,,156.06552,M+NH4,+,1,0,60,,,,,137.02442,M-H,-,1,0,60,,,
protocatechualdehyde,XIC,eTargetCompound,C7H6O3,,,ESI,5000,,0,,139.03897,M+H,+,1,0,120,,,,,161.02092,M+Na,+,1,0,60,,,,,156.06552,M+NH4,+,1,0,60,,,,,137.02442,M-H,-,1,0,60,,,
salicylic acid,XIC,eTargetCompound,C7H6O3,,,ESI,5000,,0,,139.03897,M+H,+,1,0,120,,,,,161.02092,M+Na,+,1,0,60,,,,,156.06552,M+NH4,+,1,0,60,,,,,137.02442,M-H,-,1,0,60,,,
4-Nitroaniline,XIC,eTargetCompound,C6H6N2O2,,,ESI,5000,,0,,139.0502,M+H,+,1,0,120,,,,,161.03215,M+Na,+,1,0,60,,,,,156.07675,M+NH4,+,1,0,60,,,,,137.03565,M-H,-,1,0,60,,,
Nicotinamide-N-oxide,XIC,eTargetCompound,C6H6N2O2,,,ESI,5000,,0,,139.0502,M+H,+,1,0,120,,,,,161.03215,M+Na,+,1,0,60,,,,,156.07675,M+NH4,+,1,0,60,,,,,137.03565,M-H,-,1,0,60,,,
Urocanic acid; 4-Imidazoleacrylic acid,XIC,eTargetCompound,C6H6N2O2,,,ESI,5000,,0,,139.0502,M+H,+,1,0,120,,,,,161.03215,M+Na,+,1,0,60,,,,,156.07675,M+NH4,+,1,0,60,,,,,137.03565,M-H,-,1,0,60,,,
2-(4-Hydroxyphenyl) ethanol (Tyrosol),XIC,eTargetCompound,C8H10O2,,,ESI,5000,,0,,139.07536,M+H,+,1,0,120,,,,,161.0573,M+Na,+,1,0,60,,,,,156.10191,M+NH4,+,1,0,60,,,,,137.0608,M-H,-,1,0,60,,,
4-Hydroxymethylphenylhydrazine,XIC,eTargetCompound,C7H10N2O,,,ESI,5000,,0,,139.08659,M+H,+,1,0,120,,,,,161.06853,M+Na,+,1,0,60,,,,,156.11314,M+NH4,+,1,0,60,,,,,137.07204,M-H,-,1,0,60,,,
"3,6-Nonadienal",XIC,eTargetCompound,C9H14O,,,ESI,5000,,0,,139.11174,M+H,+,1,0,120,,,,,161.09369,M+Na,+,1,0,60,,,,,156.13829,M+NH4,+,1,0,60,,,,,137.09719,M-H,-,1,0,60,,,
Isophorone,XIC,eTargetCompound,C9H14O,,,ESI,5000,,0,,139.11174,M+H,+,1,0,120,,,,,161.09369,M+Na,+,1,0,60,,,,,156.13829,M+NH4,+,1,0,60,,,,,137.09719,M-H,-,1,0,60,,,
3-Hydroxypicolinic acid,XIC,eTargetCompound,C6H5NO3,,,ESI,5000,,0,,140.03422,M+H,+,1,0,120,,,,,162.01616,M+Na,+,1,0,60,,,,,157.06077,M+NH4,+,1,0,60,,,,,138.01967,M-H,-,1,0,60,,,
3-Nitrophenol,XIC,eTargetCompound,C6H5NO3,,,ESI,5000,,0,,140.03422,M+H,+,1,0,120,,,,,162.01616,M+Na,+,1,0,60,,,,,157.06077,M+NH4,+,1,0,60,,,,,138.01967,M-H,-,1,0,60,,,
6-Hydroxynicotinic acid,XIC,eTargetCompound,C6H5NO3,,,ESI,5000,,0,,140.03422,M+H,+,1,0,120,,,,,162.01616,M+Na,+,1,0,60,,,,,157.06077,M+NH4,+,1,0,60,,,,,138.01967,M-H,-,1,0,60,,,
Gabaculine,XIC,eTargetCompound,C7H9NO2,,,ESI,5000,,0,,140.07061,M+H,+,1,0,120,,,,,162.05255,M+Na,+,1,0,60,,,,,157.09715,M+NH4,+,1,0,60,,,,,138.05605,M-H,-,1,0,60,,,
4-Amino-5-hydroxymethyl-2-methylpyrimidine,XIC,eTargetCompound,C6H9N3O,,,ESI,5000,,0,,140.08184,M+H,+,1,0,120,,,,,162.06378,M+Na,+,1,0,60,,,,,157.10839,M+NH4,+,1,0,60,,,,,138.06729,M-H,-,1,0,60,,,
L-Histidinal,XIC,eTargetCompound,C6H9N3O,,,ESI,5000,,0,,140.08184,M+H,+,1,0,120,,,,,162.06378,M+Na,+,1,0,60,,,,,157.10839,M+NH4,+,1,0,60,,,,,138.06729,M-H,-,1,0,60,,,
Tropinone,XIC,eTargetCompound,C8H13NO,,,ESI,5000,,0,,140.10699,M+H,+,1,0,120,,,,,162.08894,M+Na,+,1,0,60,,,,,157.13354,M+NH4,+,1,0,60,,,,,138.09244,M-H,-,1,0,60,,,
Sulfoacetate,XIC,eTargetCompound,C2H4O5S,,,ESI,5000,,0,,140.98522,M+H,+,1,0,120,,,,,162.96717,M+Na,+,1,0,60,,,,,158.01177,M+NH4,+,1,0,60,,,,,138.97067,M-H,-,1,0,60,,,
Acetyl phosphate,XIC,eTargetCompound,C2H5O5P,,,ESI,5000,,0,,140.99474,M+H,+,1,0,120,,,,,162.97668,M+Na,+,1,0,60,,,,,158.02129,M+NH4,+,1,0,60,,,,,138.98018,M-H,-,1,0,60,,,
Phosphonoacetate,XIC,eTargetCompound,C2H5O5P,,,ESI,5000,,0,,140.99474,M+H,+,1,0,120,,,,,162.97668,M+Na,+,1,0,60,,,,,158.02129,M+NH4,+,1,0,60,,,,,138.98018,M-H,-,1,0,60,,,
2-Hydroxypropylphosphonate,XIC,eTargetCompound,C3H9O4P,,,ESI,5000,,0,,141.03112,M+H,+,1,0,120,,,,,163.01307,M+Na,+,1,0,60,,,,,158.05767,M+NH4,+,1,0,60,,,,,139.01657,M-H,-,1,0,60,,,
"2,3,5-Trihydroxytoluene",XIC,eTargetCompound,C7H8O3,,,ESI,5000,,0,,141.05462,M+H,+,1,0,120,,,,,163.03657,M+Na,+,1,0,60,,,,,158.08117,M+NH4,+,1,0,60,,,,,139.04007,M-H,-,1,0,60,,,
2-Methoxyresorcinol,XIC,eTargetCompound,C7H8O3,,,ESI,5000,,0,,141.05462,M+H,+,1,0,120,,,,,163.03657,M+Na,+,1,0,60,,,,,158.08117,M+NH4,+,1,0,60,,,,,139.04007,M-H,-,1,0,60,,,
Methylimidazoleacetic acid,XIC,eTargetCompound,C6H8N2O2,,,ESI,5000,,0,,141.06585,M+H,+,1,0,120,,,,,163.0478,M+Na,+,1,0,60,,,,,158.0924,M+NH4,+,1,0,60,,,,,139.0513,M-H,-,1,0,60,,,
"2-Methyl-6-oxohepta-2,4-dienal",XIC,eTargetCompound,C8H12O2,,,ESI,5000,,0,,141.09101,M+H,+,1,0,120,,,,,163.07295,M+Na,+,1,0,60,,,,,158.11756,M+NH4,+,1,0,60,,,,,139.07645,M-H,-,1,0,60,,,
"7-hydroxy-6-methylhepta-3,5-dienal",XIC,eTargetCompound,C8H12O2,,,ESI,5000,,0,,141.09101,M+H,+,1,0,120,,,,,163.07295,M+Na,+,1,0,60,,,,,158.11756,M+NH4,+,1,0,60,,,,,139.07645,M-H,-,1,0,60,,,
Butylcyclohexane,XIC,eTargetCompound,C10H20,,,ESI,5000,,0,,141.16378,M+H,+,1,0,120,,,,,163.14572,M+Na,+,1,0,60,,,,,158.19033,M+NH4,+,1,0,60,,,,,139.14922,M-H,-,1,0,60,,,
Carbamoyl phosphate,XIC,eTargetCompound,CH4NO5P,,,ESI,5000,,0,,141.98999,M+H,+,1,0,120,,,,,163.97193,M+Na,+,1,0,60,,,,,159.01653,M+NH4,+,1,0,60,,,,,139.97543,M-H,-,1,0,60,,,
O-Phosphorylethanolamine ,XIC,eTargetCompound,C2H8NO4P,,,ESI,5000,,0,,142.02637,M+H,+,1,0,120,,,,,164.00832,M+Na,+,1,0,60,,,,,159.05292,M+NH4,+,1,0,60,,,,,140.01182,M-H,-,1,0,60,,,
Ethanolamine Phsophate,XIC,eTargetCompound,C2H8NO4P,,,ESI,0,,,,,,,,,,,,,,,,,,,,,,,,,,,,,,,,,,140.01182,M-H,-,1,0,30,,,
2-Aminomuconate semialdehyde,XIC,eTargetCompound,C6H7NO3,,,ESI,5000,,0,,142.04987,M+H,+,1,0,120,,,,,164.03181,M+Na,+,1,0,60,,,,,159.07642,M+NH4,+,1,0,60,,,,,140.03532,M-H,-,1,0,60,,,
"6-oxo-1,4,5,6-tetrahydronicotinate",XIC,eTargetCompound,C6H7NO3,,,ESI,5000,,0,,142.04987,M+H,+,1,0,120,,,,,164.03181,M+Na,+,1,0,60,,,,,159.07642,M+NH4,+,1,0,60,,,,,140.03532,M-H,-,1,0,60,,,
L-Hypoglycin,XIC,eTargetCompound,C7H11NO2,,,ESI,5000,,0,,142.08626,M+H,+,1,0,120,,,,,164.0682,M+Na,+,1,0,60,,,,,159.1128,M+NH4,+,1,0,60,,,,,140.0717,M-H,-,1,0,60,,,
L-Histidinol,XIC,eTargetCompound,C6H11N3O,,,ESI,5000,,0,,142.09749,M+H,+,1,0,120,,,,,164.07943,M+Na,+,1,0,60,,,,,159.12404,M+NH4,+,1,0,60,,,,,140.08294,M-H,-,1,0,60,,,
Crotono-betaine,XIC,eTargetCompound,C8H15NO,,,ESI,5000,,0,,142.12264,M+H,+,1,0,120,,,,,164.10459,M+Na,+,1,0,60,,,,,159.14919,M+NH4,+,1,0,60,,,,,140.10809,M-H,-,1,0,60,,,
Hygrine,XIC,eTargetCompound,C8H15NO,,,ESI,5000,,0,,142.12264,M+H,+,1,0,120,,,,,164.10459,M+Na,+,1,0,60,,,,,159.14919,M+NH4,+,1,0,60,,,,,140.10809,M-H,-,1,0,60,,,
Pseudotropine,XIC,eTargetCompound,C8H15NO,,,ESI,5000,,0,,142.12264,M+H,+,1,0,120,,,,,164.10459,M+Na,+,1,0,60,,,,,159.14919,M+NH4,+,1,0,60,,,,,140.10809,M-H,-,1,0,60,,,
Tropine,XIC,eTargetCompound,C8H15NO,,,ESI,5000,,0,,142.12264,M+H,+,1,0,120,,,,,164.10459,M+Na,+,1,0,60,,,,,159.14919,M+NH4,+,1,0,60,,,,,140.10809,M-H,-,1,0,60,,,
(+)-N-Methylconiine,XIC,eTargetCompound,C9H19N,,,ESI,5000,,0,,142.15903,M+H,+,1,0,120,,,,,164.14097,M+Na,+,1,0,60,,,,,159.18558,M+NH4,+,1,0,60,,,,,140.14447,M-H,-,1,0,60,,,
2-Mercaptoethanesulfonate,XIC,eTargetCompound,C2H6O3S2,,,ESI,5000,,0,,142.98311,M+H,+,1,0,120,,,,,164.96506,M+Na,+,1,0,60,,,,,160.00966,M+NH4,+,1,0,60,,,,,140.96856,M-H,-,1,0,60,,,
2-Chloro-4-methylphenol,XIC,eTargetCompound,C7H7OCl,,,ESI,5000,,0,,143.02582,M+H,+,1,0,120,,,,,165.00776,M+Na,+,1,0,60,,,,,160.05237,M+NH4,+,1,0,60,,,,,141.01127,M-H,-,1,0,60,,,
4-Chloro-2-methylphenol,XIC,eTargetCompound,C7H7OCl,,,ESI,5000,,0,,143.02582,M+H,+,1,0,120,,,,,165.00776,M+Na,+,1,0,60,,,,,160.05237,M+NH4,+,1,0,60,,,,,141.01127,M-H,-,1,0,60,,,
"1,2,3,5-Tetrahydroxybenzene",XIC,eTargetCompound,C6H6O4,,,ESI,5000,,0,,143.03389,M+H,+,1,0,120,,,,,165.01583,M+Na,+,1,0,60,,,,,160.06043,M+NH4,+,1,0,60,,,,,141.01933,M-H,-,1,0,60,,,
"2,5-Dihydro-5-oxofuran-2-acetate",XIC,eTargetCompound,C6H6O4,,,ESI,5000,,0,,143.03389,M+H,+,1,0,120,,,,,165.01583,M+Na,+,1,0,60,,,,,160.06043,M+NH4,+,1,0,60,,,,,141.01933,M-H,-,1,0,60,,,
"cis,cis-Muconic acid",XIC,eTargetCompound,C6H6O4,,,ESI,5000,,0,,143.03389,M+H,+,1,0,120,,,,,165.01583,M+Na,+,1,0,60,,,,,160.06043,M+NH4,+,1,0,60,,,,,141.01933,M-H,-,1,0,60,,,
Kojic acid; 5-Hydroxy-2-(hydroxymethyl)-4-pyrone,XIC,eTargetCompound,C6H6O4,,,ESI,5000,,0,,143.03389,M+H,+,1,0,120,,,,,165.01583,M+Na,+,1,0,60,,,,,160.06043,M+NH4,+,1,0,60,,,,,141.01933,M-H,-,1,0,60,,,
4-Imidazolone-5-acetate,XIC,eTargetCompound,C5H6N2O3,,,ESI,5000,,0,,143.04512,M+H,+,1,0,120,,,,,165.02706,M+Na,+,1,0,60,,,,,160.07167,M+NH4,+,1,0,60,,,,,141.03057,M-H,-,1,0,60,,,
5-Hydroxymethyluracil,XIC,eTargetCompound,C5H6N2O3,,,ESI,5000,,0,,143.04512,M+H,+,1,0,120,,,,,165.02706,M+Na,+,1,0,60,,,,,160.07167,M+NH4,+,1,0,60,,,,,141.03057,M-H,-,1,0,60,,,
5-methyl-barbiturate,XIC,eTargetCompound,C5H6N2O3,,,ESI,5000,,0,,143.04512,M+H,+,1,0,120,,,,,165.02706,M+Na,+,1,0,60,,,,,160.07167,M+NH4,+,1,0,60,,,,,141.03057,M-H,-,1,0,60,,,
4-Oxocyclohexanecarboxylate,XIC,eTargetCompound,C7H10O3,,,ESI,5000,,0,,143.07027,M+H,+,1,0,120,,,,,165.05222,M+Na,+,1,0,60,,,,,160.09682,M+NH4,+,1,0,60,,,,,141.05572,M-H,-,1,0,60,,,
Ectoine,XIC,eTargetCompound,C6H10N2O2,,,ESI,5000,,0,,143.0815,M+H,+,1,0,120,,,,,165.06345,M+Na,+,1,0,60,,,,,160.10805,M+NH4,+,1,0,60,,,,,141.06695,M-H,-,1,0,60,,,
5-(2-Hydroxyethyl)-4-methylthiazole,XIC,eTargetCompound,C6H9NOS,,,ESI,5000,,0,,144.04776,M+H,+,1,0,120,,,,,166.02971,M+Na,+,1,0,60,,,,,161.07431,M+NH4,+,1,0,60,,,,,142.03321,M-H,-,1,0,60,,,
Stachydrine,XIC,eTargetCompound,C7H13NO2,,,ESI,5000,,0,,144.10191,M+H,+,1,0,120,,,,,166.08385,M+Na,+,1,0,60,,,,,161.12845,M+NH4,+,1,0,60,,,,,142.08735,M-H,-,1,0,60,,,
valpromide,XIC,eTargetCompound,C8H17NO,,,ESI,5000,,0,,144.13829,M+H,+,1,0,120,,,,,166.12024,M+Na,+,1,0,60,,,,,161.16484,M+NH4,+,1,0,60,,,,,142.12374,M-H,-,1,0,60,,,
Dehydrospermidine,XIC,eTargetCompound,C7H17N3,,,ESI,5000,,0,,144.14952,M+H,+,1,0,120,,,,,166.13147,M+Na,+,1,0,60,,,,,161.17607,M+NH4,+,1,0,60,,,,,142.13497,M-H,-,1,0,60,,,
"2,3-Dimethylmaleate",XIC,eTargetCompound,C6H8O4,,,ESI,5000,,0,,145.04954,M+H,+,1,0,120,,,,,167.03148,M+Na,+,1,0,60,,,,,162.07608,M+NH4,+,1,0,60,,,,,143.03498,M-H,-,1,0,60,,,
2-Methyleneglutarate,XIC,eTargetCompound,C6H8O4,,,ESI,5000,,0,,145.04954,M+H,+,1,0,120,,,,,167.03148,M+Na,+,1,0,60,,,,,162.07608,M+NH4,+,1,0,60,,,,,143.03498,M-H,-,1,0,60,,,
Methylitaconate,XIC,eTargetCompound,C6H8O4,,,ESI,5000,,0,,145.04954,M+H,+,1,0,120,,,,,167.03148,M+Na,+,1,0,60,,,,,162.07608,M+NH4,+,1,0,60,,,,,143.03498,M-H,-,1,0,60,,,
Triacetate,XIC,eTargetCompound,C6H8O4,,,ESI,5000,,0,,145.04954,M+H,+,1,0,120,,,,,167.03148,M+Na,+,1,0,60,,,,,162.07608,M+NH4,+,1,0,60,,,,,143.03498,M-H,-,1,0,60,,,
7-oxoheptanoate,XIC,eTargetCompound,C7H12O3,,,ESI,5000,,0,,145.08592,M+H,+,1,0,120,,,,,167.06787,M+Na,+,1,0,60,,,,,162.11247,M+NH4,+,1,0,60,,,,,143.07137,M-H,-,1,0,60,,,
trans-4-Hydroxycyclohexanecarboxylate,XIC,eTargetCompound,C7H12O3,,,ESI,5000,,0,,145.08592,M+H,+,1,0,120,,,,,167.06787,M+Na,+,1,0,60,,,,,162.11247,M+NH4,+,1,0,60,,,,,143.07137,M-H,-,1,0,60,,,
L-isoglutamine,XIC,eTargetCompound,C6H12N2O2,,,ESI,5000,,0,,145.09715,M+H,+,1,0,120,,,,,167.0791,M+Na,+,1,0,60,,,,,162.1237,M+NH4,+,1,0,60,,,,,143.0826,M-H,-,1,0,60,,,
4-Guanidinobutanamide,XIC,eTargetCompound,C5H12N4O,,,ESI,5000,,0,,145.10839,M+H,+,1,0,120,,,,,167.09033,M+Na,+,1,0,60,,,,,162.13494,M+NH4,+,1,0,60,,,,,143.09383,M-H,-,1,0,60,,,
Butyl butyrate,XIC,eTargetCompound,C8H16O2,,,ESI,5000,,0,,145.12231,M+H,+,1,0,120,,,,,167.10425,M+Na,+,1,0,60,,,,,162.14886,M+NH4,+,1,0,60,,,,,143.10775,M-H,-,1,0,60,,,
Octanoic acid,XIC,eTargetCompound,C8H16O2,,,ESI,5000,,0,,145.12231,M+H,+,1,0,120,,,,,167.10425,M+Na,+,1,0,60,,,,,162.14886,M+NH4,+,1,0,60,,,,,143.10775,M-H,-,1,0,60,,,
"3,4-Dehydrothiomorpholine-3-carboxylate",XIC,eTargetCompound,C5H7NO2S,,,ESI,5000,,0,,146.02703,M+H,+,1,0,120,,,,,168.00897,M+Na,+,1,0,60,,,,,163.05357,M+NH4,+,1,0,60,,,,,144.01247,M-H,-,1,0,60,,,
2-Oxoglutaramate,XIC,eTargetCompound,C5H7NO4,,,ESI,5000,,0,,146.04478,M+H,+,1,0,120,,,,,168.02673,M+Na,+,1,0,60,,,,,163.07133,M+NH4,+,1,0,60,,,,,144.03023,M-H,-,1,0,60,,,
4-Oxoglutaramate,XIC,eTargetCompound,C5H7NO4,,,ESI,5000,,0,,146.04478,M+H,+,1,0,120,,,,,168.02673,M+Na,+,1,0,60,,,,,163.07133,M+NH4,+,1,0,60,,,,,144.03023,M-H,-,1,0,60,,,
1(2H)-Isoquinolinone,XIC,eTargetCompound,C9H7NO,,,ESI,5000,,0,,146.06004,M+H,+,1,0,120,,,,,168.04199,M+Na,+,1,0,60,,,,,163.08659,M+NH4,+,1,0,60,,,,,144.04549,M-H,-,1,0,60,,,
3-Methyleneoxindole,XIC,eTargetCompound,C9H7NO,,,ESI,5000,,0,,146.06004,M+H,+,1,0,120,,,,,168.04199,M+Na,+,1,0,60,,,,,163.08659,M+NH4,+,1,0,60,,,,,144.04549,M-H,-,1,0,60,,,
8-hydroxyquinoline,XIC,eTargetCompound,C9H7NO,,,ESI,5000,,0,,146.06004,M+H,+,1,0,120,,,,,168.04199,M+Na,+,1,0,60,,,,,163.08659,M+NH4,+,1,0,60,,,,,144.04549,M-H,-,1,0,60,,,
Indole-3-carboxaldehyde,XIC,eTargetCompound,C9H7NO,,,ESI,5000,,0,,146.06004,M+H,+,1,0,120,,,,,168.04199,M+Na,+,1,0,60,,,,,163.08659,M+NH4,+,1,0,60,,,,,144.04549,M-H,-,1,0,60,,,
quinolin-2(1H)-one,XIC,eTargetCompound,C9H7NO,,,ESI,5000,,0,,146.06004,M+H,+,1,0,120,,,,,168.04199,M+Na,+,1,0,60,,,,,163.08659,M+NH4,+,1,0,60,,,,,144.04549,M-H,-,1,0,60,,,
Quinolin-2-ol,XIC,eTargetCompound,C9H7NO,,,ESI,5000,,0,,146.06004,M+H,+,1,0,120,,,,,168.04199,M+Na,+,1,0,60,,,,,163.08659,M+NH4,+,1,0,60,,,,,144.04549,M-H,-,1,0,60,,,
Quinolin-4-ol,XIC,eTargetCompound,C9H7NO,,,ESI,5000,,0,,146.06004,M+H,+,1,0,120,,,,,168.04199,M+Na,+,1,0,60,,,,,163.08659,M+NH4,+,1,0,60,,,,,144.04549,M-H,-,1,0,60,,,
"[FA oxo,amino(6:0)] 3-oxo-5S-amino-hexanoic acid",XIC,eTargetCompound,C6H11NO3,,,ESI,5000,,0,,146.08117,M+H,+,1,0,120,,,,,168.06311,M+Na,+,1,0,60,,,,,163.10772,M+NH4,+,1,0,60,,,,,144.06662,M-H,-,1,0,60,,,
4-Acetamidobutanoate,XIC,eTargetCompound,C6H11NO3,,,ESI,5000,,0,,146.08117,M+H,+,1,0,120,,,,,168.06311,M+Na,+,1,0,60,,,,,163.10772,M+NH4,+,1,0,60,,,,,144.06662,M-H,-,1,0,60,,,
4-Acetamidobutanoic acid,XIC,eTargetCompound,C6H11NO3,,,ESI,5000,,0,,146.08117,M+H,+,1,0,120,,,,,168.06311,M+Na,+,1,0,60,,,,,163.10772,M+NH4,+,1,0,60,,,,,144.06662,M-H,-,1,0,60,,,
6-Amino-2-oxohexanoate,XIC,eTargetCompound,C6H11NO3,,,ESI,5000,,0,,146.08117,M+H,+,1,0,120,,,,,168.06311,M+Na,+,1,0,60,,,,,163.10772,M+NH4,+,1,0,60,,,,,144.06662,M-H,-,1,0,60,,,
Allysine,XIC,eTargetCompound,C6H11NO3,,,ESI,5000,,0,,146.08117,M+H,+,1,0,120,,,,,168.06311,M+Na,+,1,0,60,,,,,163.10772,M+NH4,+,1,0,60,,,,,144.06662,M-H,-,1,0,60,,,
Isobutyrylglycine,XIC,eTargetCompound,C6H11NO3,,,ESI,5000,,0,,146.08117,M+H,+,1,0,120,,,,,168.06311,M+Na,+,1,0,60,,,,,163.10772,M+NH4,+,1,0,60,,,,,144.06662,M-H,-,1,0,60,,,
L-2-Aminoadipate 6-semialdehyde,XIC,eTargetCompound,C6H11NO3,,,ESI,5000,,0,,146.08117,M+H,+,1,0,120,,,,,168.06311,M+Na,+,1,0,60,,,,,163.10772,M+NH4,+,1,0,60,,,,,144.06662,M-H,-,1,0,60,,,
4-Guanidinobutanoate,XIC,eTargetCompound,C5H11N3O2,,,ESI,5000,,0,,146.0924,M+H,+,1,0,120,,,,,168.07435,M+Na,+,1,0,60,,,,,163.11895,M+NH4,+,1,0,60,,,,,144.07785,M-H,-,1,0,60,,,
4-Guanidinobutyric acid,XIC,eTargetCompound,C5H11N3O2,,,ESI,5000,,0,,146.0924,M+H,+,1,0,120,,,,,168.07435,M+Na,+,1,0,60,,,,,163.11895,M+NH4,+,1,0,60,,,,,144.07785,M-H,-,1,0,60,,,
Fibrin,XIC,eTargetCompound,C5H11N3O2,,,ESI,5000,,0,,146.0924,M+H,+,1,0,120,,,,,168.07435,M+Na,+,1,0,60,,,,,163.11895,M+NH4,+,1,0,60,,,,,144.07785,M-H,-,1,0,60,,,
3-Dehydroxycarnitine,XIC,eTargetCompound,C7H15NO2,,,ESI,5000,,0,,146.11756,M+H,+,1,0,120,,,,,168.0995,M+Na,+,1,0,60,,,,,163.1441,M+NH4,+,1,0,60,,,,,144.103,M-H,-,1,0,60,,,
4-Trimethylammoniobutanoate,XIC,eTargetCompound,C7H15NO2,,,ESI,5000,,0,,146.11756,M+H,+,1,0,120,,,,,168.0995,M+Na,+,1,0,60,,,,,163.1441,M+NH4,+,1,0,60,,,,,144.103,M-H,-,1,0,60,,,
Spermidine,XIC,eTargetCompound,C7H19N3,,,ESI,5000,,0,,146.16517,M+H,+,1,0,120,,,,,168.14712,M+Na,+,1,0,60,,,,,163.19172,M+NH4,+,1,0,60,,,,,144.15062,M-H,-,1,0,60,,,
AO001_2-oxoglutarate,XIC,eTargetCompound,,,,None,0,,,,,,,,,,,,,,,,,,,,,,,,,,,,,,,,,,145.0142,M-,-,1,20.29,60,,,
"5-hydroxy-2,4-dioxopentanoate",XIC,eTargetCompound,C5H6O5,,,ESI,5000,,0,,147.0288,M+H,+,1,0,120,,,,,169.01074,M+Na,+,1,0,60,,,,,164.05535,M+NH4,+,1,0,60,,,,,145.01425,M-H,-,1,0,60,,,
D-erythro-Ascorbate,XIC,eTargetCompound,C5H6O5,,,ESI,5000,,0,,147.0288,M+H,+,1,0,120,,,,,169.01074,M+Na,+,1,0,60,,,,,164.05535,M+NH4,+,1,0,60,,,,,145.01425,M-H,-,1,0,60,,,
Methyloxaloacetate,XIC,eTargetCompound,C5H6O5,,,ESI,5000,,0,,147.0288,M+H,+,1,0,120,,,,,169.01074,M+Na,+,1,0,60,,,,,164.05535,M+NH4,+,1,0,60,,,,,145.01425,M-H,-,1,0,60,,,
Oxaloacetate 4-methyl ester,XIC,eTargetCompound,C5H6O5,,,ESI,5000,,0,,147.0288,M+H,+,1,0,120,,,,,169.01074,M+Na,+,1,0,60,,,,,164.05535,M+NH4,+,1,0,60,,,,,145.01425,M-H,-,1,0,60,,,
Oxoglutaric acid (a-Ketoglutaric acid),XIC,eTargetCompound,C5H6O5,,,ESI,5000,,0,,147.0288,M+H,+,1,0,120,,,,,169.01074,M+Na,+,1,0,60,,,,,164.05535,M+NH4,+,1,0,60,,,,,145.01425,M-H,-,1,0,60,,,
3-Oxo-3-ureidopropanoate,XIC,eTargetCompound,C4H6N2O4,,,ESI,5000,,0,,147.04003,M+H,+,1,0,120,,,,,169.02198,M+Na,+,1,0,60,,,,,164.06658,M+NH4,+,1,0,60,,,,,145.02548,M-H,-,1,0,60,,,
Coumarin,XIC,eTargetCompound,C9H6O2,,,ESI,5000,,0,,147.04406,M+H,+,1,0,120,,,,,169.026,M+Na,+,1,0,60,,,,,164.07061,M+NH4,+,1,0,60,,,,,145.0295,M-H,-,1,0,60,,,
Phenylpropiolic acid,XIC,eTargetCompound,C9H6O2,,,ESI,5000,,0,,147.04406,M+H,+,1,0,120,,,,,169.026,M+Na,+,1,0,60,,,,,164.07061,M+NH4,+,1,0,60,,,,,145.0295,M-H,-,1,0,60,,,
(R)-4-Dehydropantoate,XIC,eTargetCompound,C6H10O4,,,ESI,5000,,0,,147.06519,M+H,+,1,0,120,,,,,169.04713,M+Na,+,1,0,60,,,,,164.09173,M+NH4,+,1,0,60,,,,,145.05063,M-H,-,1,0,60,,,
(S)-2-Aceto-2-hydroxybutanoate,XIC,eTargetCompound,C6H10O4,,,ESI,5000,,0,,147.06519,M+H,+,1,0,120,,,,,169.04713,M+Na,+,1,0,60,,,,,164.09173,M+NH4,+,1,0,60,,,,,145.05063,M-H,-,1,0,60,,,
"[FA hydroxy,methyl,oxo(5:0)] 3-hydroxy-3-methyl-2-oxo-pentanoic acid",XIC,eTargetCompound,C6H10O4,,,ESI,5000,,0,,147.06519,M+H,+,1,0,120,,,,,169.04713,M+Na,+,1,0,60,,,,,164.09173,M+NH4,+,1,0,60,,,,,145.05063,M-H,-,1,0,60,,,
"2,2-Dimethylsuccinic acid",XIC,eTargetCompound,C6H10O4,,,ESI,5000,,0,,147.06519,M+H,+,1,0,120,,,,,169.04713,M+Na,+,1,0,60,,,,,164.09173,M+NH4,+,1,0,60,,,,,145.05063,M-H,-,1,0,60,,,
2-Dehydropantoate,XIC,eTargetCompound,C6H10O4,,,ESI,5000,,0,,147.06519,M+H,+,1,0,120,,,,,169.04713,M+Na,+,1,0,60,,,,,164.09173,M+NH4,+,1,0,60,,,,,145.05063,M-H,-,1,0,60,,,
2-Methylglutaric acid,XIC,eTargetCompound,C6H10O4,,,ESI,5000,,0,,147.06519,M+H,+,1,0,120,,,,,169.04713,M+Na,+,1,0,60,,,,,164.09173,M+NH4,+,1,0,60,,,,,145.05063,M-H,-,1,0,60,,,
Adipate,XIC,eTargetCompound,C6H10O4,,,ESI,5000,,0,,147.06519,M+H,+,1,0,120,,,,,169.04713,M+Na,+,1,0,60,,,,,164.09173,M+NH4,+,1,0,60,,,,,145.05063,M-H,-,1,0,60,,,
Methylglutaric acid (3-Methyl glutaric acid),XIC,eTargetCompound,C6H10O4,,,ESI,5000,,0,,147.06519,M+H,+,1,0,120,,,,,169.04713,M+Na,+,1,0,60,,,,,164.09173,M+NH4,+,1,0,60,,,,,145.05063,M-H,-,1,0,60,,,
Mevaldate,XIC,eTargetCompound,C6H10O4,,,ESI,5000,,0,,147.06519,M+H,+,1,0,120,,,,,169.04713,M+Na,+,1,0,60,,,,,164.09173,M+NH4,+,1,0,60,,,,,145.05063,M-H,-,1,0,60,,,
Monomethyl glutaric acid,XIC,eTargetCompound,C6H10O4,,,ESI,5000,,0,,147.06519,M+H,+,1,0,120,,,,,169.04713,M+Na,+,1,0,60,,,,,164.09173,M+NH4,+,1,0,60,,,,,145.05063,M-H,-,1,0,60,,,
3-Ureidoisobutyrate,XIC,eTargetCompound,C5H10N2O3,,,ESI,5000,,0,,147.07642,M+H,+,1,0,120,,,,,169.05836,M+Na,+,1,0,60,,,,,164.10297,M+NH4,+,1,0,60,,,,,145.06187,M-H,-,1,0,60,,,
D-Glutamine,XIC,eTargetCompound,C5H10N2O3,,,ESI,5000,,0,,147.07642,M+H,+,1,0,120,,,,,169.05836,M+Na,+,1,0,60,,,,,164.10297,M+NH4,+,1,0,60,,,,,145.06187,M-H,-,1,0,60,,,
L-Glutamine,XIC,eTargetCompound,C5H10N2O3,,,ESI,5000,,0,,147.07642,M+H,+,1,0,120,,,,,169.05836,M+Na,+,1,0,60,,,,,164.10297,M+NH4,+,1,0,60,,,,,145.06187,M-H,-,1,0,60,,,
Dimethylbenzimidazole,XIC,eTargetCompound,C9H10N2,,,ESI,5000,,0,,147.09167,M+H,+,1,0,120,,,,,169.07362,M+Na,+,1,0,60,,,,,164.11822,M+NH4,+,1,0,60,,,,,145.07712,M-H,-,1,0,60,,,
"(3S)-3,6-Diaminohexanoate",XIC,eTargetCompound,C6H14N2O2,,,ESI,5000,,0,,147.1128,M+H,+,1,0,120,,,,,169.09475,M+Na,+,1,0,60,,,,,164.13935,M+NH4,+,1,0,60,,,,,145.09825,M-H,-,1,0,60,,,
"(3S,5S)-3,5-Diaminohexanoate",XIC,eTargetCompound,C6H14N2O2,,,ESI,5000,,0,,147.1128,M+H,+,1,0,120,,,,,169.09475,M+Na,+,1,0,60,,,,,164.13935,M+NH4,+,1,0,60,,,,,145.09825,M-H,-,1,0,60,,,
"2,5-Diaminohexanoate",XIC,eTargetCompound,C6H14N2O2,,,ESI,5000,,0,,147.1128,M+H,+,1,0,120,,,,,169.09475,M+Na,+,1,0,60,,,,,164.13935,M+NH4,+,1,0,60,,,,,145.09825,M-H,-,1,0,60,,,
D-Lysine,XIC,eTargetCompound,C6H14N2O2,,,ESI,5000,,0,,147.1128,M+H,+,1,0,120,,,,,169.09475,M+Na,+,1,0,60,,,,,164.13935,M+NH4,+,1,0,60,,,,,145.09825,M-H,-,1,0,60,,,
L-Lysine,XIC,eTargetCompound,C6H14N2O2,,,ESI,5000,,0,,147.1128,M+H,+,1,0,120,,,,,169.09475,M+Na,+,1,0,60,,,,,164.13935,M+NH4,+,1,0,60,,,,,145.09825,M-H,-,1,0,60,,,
"Indole-5,6-quinone",XIC,eTargetCompound,C8H5NO2,,,ESI,5000,,0,,148.0393,M+H,+,1,0,120,,,,,170.02125,M+Na,+,1,0,60,,,,,165.06585,M+NH4,+,1,0,60,,,,,146.02475,M-H,-,1,0,60,,,
Isatin,XIC,eTargetCompound,C8H5NO2,,,ESI,5000,,0,,148.0393,M+H,+,1,0,120,,,,,170.02125,M+Na,+,1,0,60,,,,,165.06585,M+NH4,+,1,0,60,,,,,146.02475,M-H,-,1,0,60,,,
Thiomorpholine 3-carboxylate,XIC,eTargetCompound,C5H9NO2S,,,ESI,5000,,0,,148.04268,M+H,+,1,0,120,,,,,170.02462,M+Na,+,1,0,60,,,,,165.06922,M+NH4,+,1,0,60,,,,,146.02812,M-H,-,1,0,60,,,
D-Glutamate,XIC,eTargetCompound,C5H9NO4,,,ESI,5000,,0,,148.06043,M+H,+,1,0,120,,,,,170.04238,M+Na,+,1,0,60,,,,,165.08698,M+NH4,+,1,0,60,,,,,146.04588,M-H,-,1,0,60,,,
L-4-Hydroxyglutamate semialdehyde,XIC,eTargetCompound,C5H9NO4,,,ESI,5000,,0,,148.06043,M+H,+,1,0,120,,,,,170.04238,M+Na,+,1,0,60,,,,,165.08698,M+NH4,+,1,0,60,,,,,146.04588,M-H,-,1,0,60,,,
L-Glutamic acid,XIC,eTargetCompound,C5H9NO4,,,ESI,5000,,0,,148.06043,M+H,+,1,0,120,,,,,170.04238,M+Na,+,1,0,60,,,,,165.08698,M+NH4,+,1,0,60,,,,,146.04588,M-H,-,1,0,60,,,
L-threo-3-Methylaspartate,XIC,eTargetCompound,C5H9NO4,,,ESI,5000,,0,,148.06043,M+H,+,1,0,120,,,,,170.04238,M+Na,+,1,0,60,,,,,165.08698,M+NH4,+,1,0,60,,,,,146.04588,M-H,-,1,0,60,,,
N-(Carboxymethyl)-D-alanine,XIC,eTargetCompound,C5H9NO4,,,ESI,5000,,0,,148.06043,M+H,+,1,0,120,,,,,170.04238,M+Na,+,1,0,60,,,,,165.08698,M+NH4,+,1,0,60,,,,,146.04588,M-H,-,1,0,60,,,
N-Methyl-D-aspartic acid,XIC,eTargetCompound,C5H9NO4,,,ESI,5000,,0,,148.06043,M+H,+,1,0,120,,,,,170.04238,M+Na,+,1,0,60,,,,,165.08698,M+NH4,+,1,0,60,,,,,146.04588,M-H,-,1,0,60,,,
O-Acetyl-L-serine,XIC,eTargetCompound,C5H9NO4,,,ESI,5000,,0,,148.06043,M+H,+,1,0,120,,,,,170.04238,M+Na,+,1,0,60,,,,,165.08698,M+NH4,+,1,0,60,,,,,146.04588,M-H,-,1,0,60,,,
3-Methyloxindole,XIC,eTargetCompound,C9H9NO,,,ESI,5000,,0,,148.07569,M+H,+,1,0,120,,,,,170.05764,M+Na,+,1,0,60,,,,,165.10224,M+NH4,+,1,0,60,,,,,146.06114,M-H,-,1,0,60,,,
5-methylthiopentanaldoxime,XIC,eTargetCompound,C6H13NOS,,,ESI,5000,,0,,148.07906,M+H,+,1,0,120,,,,,170.06101,M+Na,+,1,0,60,,,,,165.10561,M+NH4,+,1,0,60,,,,,146.06451,M-H,-,1,0,60,,,
2-Hydroxy-3-oxosuccinate,XIC,eTargetCompound,C4H4O6,,,ESI,5000,,0,,149.00806,M+H,+,1,0,120,,,,,170.99001,M+Na,+,1,0,60,,,,,166.03461,M+NH4,+,1,0,60,,,,,146.99351,M-H,-,1,0,60,,,
Dihydroxyfumarate,XIC,eTargetCompound,C4H4O6,,,ESI,5000,,0,,149.00806,M+H,+,1,0,120,,,,,170.99001,M+Na,+,1,0,60,,,,,166.03461,M+NH4,+,1,0,60,,,,,146.99351,M-H,-,1,0,60,,,
AK001_2-Keto-4-methylthiobutyric_acid,XIC,eTargetCompound,,,,None,0,,,,,,,,,,,,,,,,,,,,,,,,,,,,,,,,,,147.0121,M-,-,1,13.17,30,,,
2-keto-4-methylthiobutyric acid (KMBA),XIC,eTargetCompound,C5H8O3S,,,ESI,5000,,0,,149.02669,M+H,+,1,0,120,,,,,171.00864,M+Na,+,1,0,60,,,,,166.05324,M+NH4,+,1,0,60,,,,,147.01214,M-H,-,1,0,60,,,
(R)-2-Hydroxyglutarate,XIC,eTargetCompound,C5H8O5,,,ESI,5000,,0,,149.04445,M+H,+,1,0,120,,,,,171.02639,M+Na,+,1,0,60,,,,,166.071,M+NH4,+,1,0,60,,,,,147.0299,M-H,-,1,0,60,,,
(S)-2-Hydroxyglutarate,XIC,eTargetCompound,C5H8O5,,,ESI,5000,,0,,149.04445,M+H,+,1,0,120,,,,,171.02639,M+Na,+,1,0,60,,,,,166.071,M+NH4,+,1,0,60,,,,,147.0299,M-H,-,1,0,60,,,
(S)-2-Methylmalate,XIC,eTargetCompound,C5H8O5,,,ESI,5000,,0,,149.04445,M+H,+,1,0,120,,,,,171.02639,M+Na,+,1,0,60,,,,,166.071,M+NH4,+,1,0,60,,,,,147.0299,M-H,-,1,0,60,,,
2-Dehydro-3-deoxy-D-xylonate,XIC,eTargetCompound,C5H8O5,,,ESI,5000,,0,,149.04445,M+H,+,1,0,120,,,,,171.02639,M+Na,+,1,0,60,,,,,166.071,M+NH4,+,1,0,60,,,,,147.0299,M-H,-,1,0,60,,,
2-Dehydro-3-deoxy-L-arabinonate,XIC,eTargetCompound,C5H8O5,,,ESI,5000,,0,,149.04445,M+H,+,1,0,120,,,,,171.02639,M+Na,+,1,0,60,,,,,166.071,M+NH4,+,1,0,60,,,,,147.0299,M-H,-,1,0,60,,,
Citramalate,XIC,eTargetCompound,C5H8O5,,,ESI,5000,,0,,149.04445,M+H,+,1,0,120,,,,,171.02639,M+Na,+,1,0,60,,,,,166.071,M+NH4,+,1,0,60,,,,,147.0299,M-H,-,1,0,60,,,
D-2-Hydroxyglutaric acid,XIC,eTargetCompound,C5H8O5,,,ESI,5000,,0,,149.04445,M+H,+,1,0,120,,,,,171.02639,M+Na,+,1,0,60,,,,,166.071,M+NH4,+,1,0,60,,,,,147.0299,M-H,-,1,0,60,,,
"D-Arabinono-1,4-lactone",XIC,eTargetCompound,C5H8O5,,,ESI,5000,,0,,149.04445,M+H,+,1,0,120,,,,,171.02639,M+Na,+,1,0,60,,,,,166.071,M+NH4,+,1,0,60,,,,,147.0299,M-H,-,1,0,60,,,
"D-Xylono-1,4-lactone",XIC,eTargetCompound,C5H8O5,,,ESI,5000,,0,,149.04445,M+H,+,1,0,120,,,,,171.02639,M+Na,+,1,0,60,,,,,166.071,M+NH4,+,1,0,60,,,,,147.0299,M-H,-,1,0,60,,,
D-Xylonolactone,XIC,eTargetCompound,C5H8O5,,,ESI,5000,,0,,149.04445,M+H,+,1,0,120,,,,,171.02639,M+Na,+,1,0,60,,,,,166.071,M+NH4,+,1,0,60,,,,,147.0299,M-H,-,1,0,60,,,
"L-Arabinono-1,4-lactone",XIC,eTargetCompound,C5H8O5,,,ESI,5000,,0,,149.04445,M+H,+,1,0,120,,,,,171.02639,M+Na,+,1,0,60,,,,,166.071,M+NH4,+,1,0,60,,,,,147.0299,M-H,-,1,0,60,,,
"L-Arabinono-1,5-lactone",XIC,eTargetCompound,C5H8O5,,,ESI,5000,,0,,149.04445,M+H,+,1,0,120,,,,,171.02639,M+Na,+,1,0,60,,,,,166.071,M+NH4,+,1,0,60,,,,,147.0299,M-H,-,1,0,60,,,
L-threo-3-Methylmalate,XIC,eTargetCompound,C5H8O5,,,ESI,5000,,0,,149.04445,M+H,+,1,0,120,,,,,171.02639,M+Na,+,1,0,60,,,,,166.071,M+NH4,+,1,0,60,,,,,147.0299,M-H,-,1,0,60,,,
"L-Xylono-1,4-lactone",XIC,eTargetCompound,C5H8O5,,,ESI,5000,,0,,149.04445,M+H,+,1,0,120,,,,,171.02639,M+Na,+,1,0,60,,,,,166.071,M+NH4,+,1,0,60,,,,,147.0299,M-H,-,1,0,60,,,
Ribonolactone,XIC,eTargetCompound,C5H8O5,,,ESI,5000,,0,,149.04445,M+H,+,1,0,120,,,,,171.02639,M+Na,+,1,0,60,,,,,166.071,M+NH4,+,1,0,60,,,,,147.0299,M-H,-,1,0,60,,,
AH004_2-Hydroxyglutaric_Acid,XIC,eTargetCompound,,,,None,0,,,,,,,,,,,,,,,,,,,,,,,,,,,,,,,,,,147.0299,M-,-,1,17,60,,,
L-Aspartylhydroxamate,XIC,eTargetCompound,C4H8N2O4,,,ESI,5000,,0,,149.05568,M+H,+,1,0,120,,,,,171.03763,M+Na,+,1,0,60,,,,,166.08223,M+NH4,+,1,0,60,,,,,147.04113,M-H,-,1,0,60,,,
O-Carbamoyl-L-serine,XIC,eTargetCompound,C4H8N2O4,,,ESI,5000,,0,,149.05568,M+H,+,1,0,120,,,,,171.03763,M+Na,+,1,0,60,,,,,166.08223,M+NH4,+,1,0,60,,,,,147.04113,M-H,-,1,0,60,,,
"1-phenylpropane-1,2-dione",XIC,eTargetCompound,C9H8O2,,,ESI,5000,,0,,149.05971,M+H,+,1,0,120,,,,,171.04165,M+Na,+,1,0,60,,,,,166.08626,M+NH4,+,1,0,60,,,,,147.04515,M-H,-,1,0,60,,,
4-Hydroxycinnamyl aldehyde,XIC,eTargetCompound,C9H8O2,,,ESI,5000,,0,,149.05971,M+H,+,1,0,120,,,,,171.04165,M+Na,+,1,0,60,,,,,166.08626,M+NH4,+,1,0,60,,,,,147.04515,M-H,-,1,0,60,,,
Trans-Cinnamic acid ,XIC,eTargetCompound,C9H8O2,,,ESI,5000,,0,,149.05971,M+H,+,1,0,120,,,,,171.04165,M+Na,+,1,0,60,,,,,166.08626,M+NH4,+,1,0,60,,,,,147.04515,M-H,-,1,0,60,,,
"(R)-2,3-Dihydroxy-3-methylpentanoate",XIC,eTargetCompound,C6H12O4,,,ESI,5000,,0,,149.08084,M+H,+,1,0,120,,,,,171.06278,M+Na,+,1,0,60,,,,,166.10738,M+NH4,+,1,0,60,,,,,147.06628,M-H,-,1,0,60,,,
(R)-Pantoate,XIC,eTargetCompound,C6H12O4,,,ESI,5000,,0,,149.08084,M+H,+,1,0,120,,,,,171.06278,M+Na,+,1,0,60,,,,,166.10738,M+NH4,+,1,0,60,,,,,147.06628,M-H,-,1,0,60,,,
Abequose,XIC,eTargetCompound,C6H12O4,,,ESI,5000,,0,,149.08084,M+H,+,1,0,120,,,,,171.06278,M+Na,+,1,0,60,,,,,166.10738,M+NH4,+,1,0,60,,,,,147.06628,M-H,-,1,0,60,,,
Mevalonic acid,XIC,eTargetCompound,C6H12O4,,,ESI,5000,,0,,149.08084,M+H,+,1,0,120,,,,,171.06278,M+Na,+,1,0,60,,,,,166.10738,M+NH4,+,1,0,60,,,,,147.06628,M-H,-,1,0,60,,,
AM002_Mevalonate,XIC,eTargetCompound,,,,None,0,,,,,,,,,,,,,,,,,,,,,,,,,,,,,,,,,,147.0663,M-,-,1,8.21,60,,,
Cuminaldehyde,XIC,eTargetCompound,C10H12O,,,ESI,5000,,0,,149.09609,M+H,+,1,0,120,,,,,171.07804,M+Na,+,1,0,60,,,,,166.12264,M+NH4,+,1,0,60,,,,,147.08154,M-H,-,1,0,60,,,
Estragole,XIC,eTargetCompound,C10H12O,,,ESI,5000,,0,,149.09609,M+H,+,1,0,120,,,,,171.07804,M+Na,+,1,0,60,,,,,166.12264,M+NH4,+,1,0,60,,,,,147.08154,M-H,-,1,0,60,,,
Trans-Anethole,XIC,eTargetCompound,C10H12O,,,ESI,5000,,0,,149.09609,M+H,+,1,0,120,,,,,171.07804,M+Na,+,1,0,60,,,,,166.12264,M+NH4,+,1,0,60,,,,,147.08154,M-H,-,1,0,60,,,
Nornicotine; L-Nor-nicotine,XIC,eTargetCompound,C9H12N2,,,ESI,5000,,0,,149.10732,M+H,+,1,0,120,,,,,171.08927,M+Na,+,1,0,60,,,,,166.13387,M+NH4,+,1,0,60,,,,,147.09277,M-H,-,1,0,60,,,
L-2-Amino-4-chloropent-4-enoate,XIC,eTargetCompound,C5H8NO2Cl,,,ESI,5000,,0,,150.03163,M+H,+,1,0,120,,,,,172.01358,M+Na,+,1,0,60,,,,,167.05818,M+NH4,+,1,0,60,,,,,148.01708,M-H,-,1,0,60,,,
Benzyl isothiocyanate,XIC,eTargetCompound,C8H7NS,,,ESI,5000,,0,,150.0372,M+H,+,1,0,120,,,,,172.01914,M+Na,+,1,0,60,,,,,167.06375,M+NH4,+,1,0,60,,,,,148.02264,M-H,-,1,0,60,,,
Benzyl thiocyanate,XIC,eTargetCompound,C8H7NS,,,ESI,5000,,0,,150.0372,M+H,+,1,0,120,,,,,172.01914,M+Na,+,1,0,60,,,,,167.06375,M+NH4,+,1,0,60,,,,,148.02264,M-H,-,1,0,60,,,
erythro-3-Hydroxy-L-aspartate,XIC,eTargetCompound,C4H7NO5,,,ESI,5000,,0,,150.0397,M+H,+,1,0,120,,,,,172.02164,M+Na,+,1,0,60,,,,,167.06625,M+NH4,+,1,0,60,,,,,148.02515,M-H,-,1,0,60,,,
threo-3-Hydroxy-L-aspartate,XIC,eTargetCompound,C4H7NO5,,,ESI,5000,,0,,150.0397,M+H,+,1,0,120,,,,,172.02164,M+Na,+,1,0,60,,,,,167.06625,M+NH4,+,1,0,60,,,,,148.02515,M-H,-,1,0,60,,,
(S)-4-Hydroxymandelonitrile,XIC,eTargetCompound,C8H7NO2,,,ESI,5000,,0,,150.05496,M+H,+,1,0,120,,,,,172.0369,M+Na,+,1,0,60,,,,,167.0815,M+NH4,+,1,0,60,,,,,148.0404,M-H,-,1,0,60,,,
"2,3-Dihydroxyindole",XIC,eTargetCompound,C8H7NO2,,,ESI,5000,,0,,150.05496,M+H,+,1,0,120,,,,,172.0369,M+Na,+,1,0,60,,,,,167.0815,M+NH4,+,1,0,60,,,,,148.0404,M-H,-,1,0,60,,,
2-Formylaminobenzaldehyde,XIC,eTargetCompound,C8H7NO2,,,ESI,5000,,0,,150.05496,M+H,+,1,0,120,,,,,172.0369,M+Na,+,1,0,60,,,,,167.0815,M+NH4,+,1,0,60,,,,,148.0404,M-H,-,1,0,60,,,
3-Hydroxyindolin-2-one,XIC,eTargetCompound,C8H7NO2,,,ESI,5000,,0,,150.05496,M+H,+,1,0,120,,,,,172.0369,M+Na,+,1,0,60,,,,,167.0815,M+NH4,+,1,0,60,,,,,148.0404,M-H,-,1,0,60,,,
"5,6-Dihydroxyindole",XIC,eTargetCompound,C8H7NO2,,,ESI,5000,,0,,150.05496,M+H,+,1,0,120,,,,,172.0369,M+Na,+,1,0,60,,,,,167.0815,M+NH4,+,1,0,60,,,,,148.0404,M-H,-,1,0,60,,,
D-Methionine,XIC,eTargetCompound,C5H11NO2S,,,ESI,5000,,0,,150.05833,M+H,+,1,0,120,,,,,172.04027,M+Na,+,1,0,60,,,,,167.08487,M+NH4,+,1,0,60,,,,,148.04377,M-H,-,1,0,60,,,
L-(-)-Methionine,XIC,eTargetCompound,C5H11NO2S,,,ESI,5000,,0,,150.05833,M+H,+,1,0,120,,,,,172.04027,M+Na,+,1,0,60,,,,,167.08487,M+NH4,+,1,0,60,,,,,148.04377,M-H,-,1,0,60,,,
Methionine,XIC,eTargetCompound,C5H11NO2S,,,ESI,5000,,0,,150.05833,M+H,+,1,0,120,,,,,172.04027,M+Na,+,1,0,60,,,,,167.08487,M+NH4,+,1,0,60,,,,,148.04377,M-H,-,1,0,60,,,
1-Methyladenine,XIC,eTargetCompound,C6H7N5,,,ESI,5000,,0,,150.07742,M+H,+,1,0,120,,,,,172.05937,M+Na,+,1,0,60,,,,,167.10397,M+NH4,+,1,0,60,,,,,148.06287,M-H,-,1,0,60,,,
3-Methyladenine,XIC,eTargetCompound,C6H7N5,,,ESI,5000,,0,,150.07742,M+H,+,1,0,120,,,,,172.05937,M+Na,+,1,0,60,,,,,167.10397,M+NH4,+,1,0,60,,,,,148.06287,M-H,-,1,0,60,,,
7-Methyladenine,XIC,eTargetCompound,C6H7N5,,,ESI,5000,,0,,150.07742,M+H,+,1,0,120,,,,,172.05937,M+Na,+,1,0,60,,,,,167.10397,M+NH4,+,1,0,60,,,,,148.06287,M-H,-,1,0,60,,,
N6-Methyladenine,XIC,eTargetCompound,C6H7N5,,,ESI,5000,,0,,150.07742,M+H,+,1,0,120,,,,,172.05937,M+Na,+,1,0,60,,,,,167.10397,M+NH4,+,1,0,60,,,,,148.06287,M-H,-,1,0,60,,,
D-Cathinone,XIC,eTargetCompound,C9H11NO,,,ESI,5000,,0,,150.09134,M+H,+,1,0,120,,,,,172.07329,M+Na,+,1,0,60,,,,,167.11789,M+NH4,+,1,0,60,,,,,148.07679,M-H,-,1,0,60,,,
"Asparagusate; 1,2-Dithiolane-4-carboxylic acid",XIC,eTargetCompound,C4H6O2S2,,,ESI,5000,,0,,150.9882,M+H,+,1,0,120,,,,,172.97014,M+Na,+,1,0,60,,,,,168.01475,M+NH4,+,1,0,60,,,,,148.97364,M-H,-,1,0,60,,,
"(R,R)-Tartaric acid",XIC,eTargetCompound,C4H6O6,,,ESI,5000,,0,,151.02371,M+H,+,1,0,120,,,,,173.00566,M+Na,+,1,0,60,,,,,168.05026,M+NH4,+,1,0,60,,,,,149.00916,M-H,-,1,0,60,,,
"(S,S)-Tartaric acid",XIC,eTargetCompound,C4H6O6,,,ESI,5000,,0,,151.02371,M+H,+,1,0,120,,,,,173.00566,M+Na,+,1,0,60,,,,,168.05026,M+NH4,+,1,0,60,,,,,149.00916,M-H,-,1,0,60,,,
meso-Tartaric acid,XIC,eTargetCompound,C4H6O6,,,ESI,5000,,0,,151.02371,M+H,+,1,0,120,,,,,173.00566,M+Na,+,1,0,60,,,,,168.05026,M+NH4,+,1,0,60,,,,,149.00916,M-H,-,1,0,60,,,
alpha-L-Arabinose,XIC,eTargetCompound,C5H10O5,,,ESI,5000,,0,,151.0601,M+H,+,1,0,120,,,,,173.04204,M+Na,+,1,0,60,,,,,168.08665,M+NH4,+,1,0,60,,,,,149.04555,M-H,-,1,0,60,,,
beta-D-Ribofuranose,XIC,eTargetCompound,C5H10O5,,,ESI,5000,,0,,151.0601,M+H,+,1,0,120,,,,,173.04204,M+Na,+,1,0,60,,,,,168.08665,M+NH4,+,1,0,60,,,,,149.04555,M-H,-,1,0,60,,,
beta-D-Xylose,XIC,eTargetCompound,C5H10O5,,,ESI,5000,,0,,151.0601,M+H,+,1,0,120,,,,,173.04204,M+Na,+,1,0,60,,,,,168.08665,M+NH4,+,1,0,60,,,,,149.04555,M-H,-,1,0,60,,,
beta-L-Arabinose,XIC,eTargetCompound,C5H10O5,,,ESI,5000,,0,,151.0601,M+H,+,1,0,120,,,,,173.04204,M+Na,+,1,0,60,,,,,168.08665,M+NH4,+,1,0,60,,,,,149.04555,M-H,-,1,0,60,,,
D(-)-Lyxose,XIC,eTargetCompound,C5H10O5,,,ESI,5000,,0,,151.0601,M+H,+,1,0,120,,,,,173.04204,M+Na,+,1,0,60,,,,,168.08665,M+NH4,+,1,0,60,,,,,149.04555,M-H,-,1,0,60,,,
D-Apiose,XIC,eTargetCompound,C5H10O5,,,ESI,5000,,0,,151.0601,M+H,+,1,0,120,,,,,173.04204,M+Na,+,1,0,60,,,,,168.08665,M+NH4,+,1,0,60,,,,,149.04555,M-H,-,1,0,60,,,
D-Arabinose,XIC,eTargetCompound,C5H10O5,,,ESI,5000,,0,,151.0601,M+H,+,1,0,120,,,,,173.04204,M+Na,+,1,0,60,,,,,168.08665,M+NH4,+,1,0,60,,,,,149.04555,M-H,-,1,0,60,,,
D-Ribose,XIC,eTargetCompound,C5H10O5,,,ESI,5000,,0,,151.0601,M+H,+,1,0,120,,,,,173.04204,M+Na,+,1,0,60,,,,,168.08665,M+NH4,+,1,0,60,,,,,149.04555,M-H,-,1,0,60,,,
D-Ribulose,XIC,eTargetCompound,C5H10O5,,,ESI,5000,,0,,151.0601,M+H,+,1,0,120,,,,,173.04204,M+Na,+,1,0,60,,,,,168.08665,M+NH4,+,1,0,60,,,,,149.04555,M-H,-,1,0,60,,,
D-Xylose,XIC,eTargetCompound,C5H10O5,,,ESI,5000,,0,,151.0601,M+H,+,1,0,120,,,,,173.04204,M+Na,+,1,0,60,,,,,168.08665,M+NH4,+,1,0,60,,,,,149.04555,M-H,-,1,0,60,,,
D-Xylulose,XIC,eTargetCompound,C5H10O5,,,ESI,5000,,0,,151.0601,M+H,+,1,0,120,,,,,173.04204,M+Na,+,1,0,60,,,,,168.08665,M+NH4,+,1,0,60,,,,,149.04555,M-H,-,1,0,60,,,
L-Arabinofuranose,XIC,eTargetCompound,C5H10O5,,,ESI,5000,,0,,151.0601,M+H,+,1,0,120,,,,,173.04204,M+Na,+,1,0,60,,,,,168.08665,M+NH4,+,1,0,60,,,,,149.04555,M-H,-,1,0,60,,,
L-Arabinose,XIC,eTargetCompound,C5H10O5,,,ESI,5000,,0,,151.0601,M+H,+,1,0,120,,,,,173.04204,M+Na,+,1,0,60,,,,,168.08665,M+NH4,+,1,0,60,,,,,149.04555,M-H,-,1,0,60,,,
L-Lyxose,XIC,eTargetCompound,C5H10O5,,,ESI,5000,,0,,151.0601,M+H,+,1,0,120,,,,,173.04204,M+Na,+,1,0,60,,,,,168.08665,M+NH4,+,1,0,60,,,,,149.04555,M-H,-,1,0,60,,,
L-Ribulose,XIC,eTargetCompound,C5H10O5,,,ESI,5000,,0,,151.0601,M+H,+,1,0,120,,,,,173.04204,M+Na,+,1,0,60,,,,,168.08665,M+NH4,+,1,0,60,,,,,149.04555,M-H,-,1,0,60,,,
L-Xylose,XIC,eTargetCompound,C5H10O5,,,ESI,5000,,0,,151.0601,M+H,+,1,0,120,,,,,173.04204,M+Na,+,1,0,60,,,,,168.08665,M+NH4,+,1,0,60,,,,,149.04555,M-H,-,1,0,60,,,
L-Xylulose,XIC,eTargetCompound,C5H10O5,,,ESI,5000,,0,,151.0601,M+H,+,1,0,120,,,,,173.04204,M+Na,+,1,0,60,,,,,168.08665,M+NH4,+,1,0,60,,,,,149.04555,M-H,-,1,0,60,,,
4-Coumaryl alcohol,XIC,eTargetCompound,C9H10O2,,,ESI,5000,,0,,151.07536,M+H,+,1,0,120,,,,,173.0573,M+Na,+,1,0,60,,,,,168.10191,M+NH4,+,1,0,60,,,,,149.0608,M-H,-,1,0,60,,,
Benzyl acetate,XIC,eTargetCompound,C9H10O2,,,ESI,5000,,0,,151.07536,M+H,+,1,0,120,,,,,173.0573,M+Na,+,1,0,60,,,,,168.10191,M+NH4,+,1,0,60,,,,,149.0608,M-H,-,1,0,60,,,
Phenylpropanoate,XIC,eTargetCompound,C9H10O2,,,ESI,5000,,0,,151.07536,M+H,+,1,0,120,,,,,173.0573,M+Na,+,1,0,60,,,,,168.10191,M+NH4,+,1,0,60,,,,,149.0608,M-H,-,1,0,60,,,
6-Methylnicotinamide,XIC,eTargetCompound,C8H10N2O,,,ESI,5000,,0,,151.08659,M+H,+,1,0,120,,,,,173.06853,M+Na,+,1,0,60,,,,,168.11314,M+NH4,+,1,0,60,,,,,149.07204,M-H,-,1,0,60,,,
 (-)-Isopiperitenone,XIC,eTargetCompound,C10H14O,,,ESI,5000,,0,,151.11174,M+H,+,1,0,120,,,,,173.09369,M+Na,+,1,0,60,,,,,168.13829,M+NH4,+,1,0,60,,,,,149.09719,M-H,-,1,0,60,,,
 Menthofuran,XIC,eTargetCompound,C10H14O,,,ESI,5000,,0,,151.11174,M+H,+,1,0,120,,,,,173.09369,M+Na,+,1,0,60,,,,,168.13829,M+NH4,+,1,0,60,,,,,149.09719,M-H,-,1,0,60,,,
 Perillyl aldehyde,XIC,eTargetCompound,C10H14O,,,ESI,5000,,0,,151.11174,M+H,+,1,0,120,,,,,173.09369,M+Na,+,1,0,60,,,,,168.13829,M+NH4,+,1,0,60,,,,,149.09719,M-H,-,1,0,60,,,
 Thymol,XIC,eTargetCompound,C10H14O,,,ESI,5000,,0,,151.11174,M+H,+,1,0,120,,,,,173.09369,M+Na,+,1,0,60,,,,,168.13829,M+NH4,+,1,0,60,,,,,149.09719,M-H,-,1,0,60,,,
(+)-Sabinone,XIC,eTargetCompound,C10H14O,,,ESI,5000,,0,,151.11174,M+H,+,1,0,120,,,,,173.09369,M+Na,+,1,0,60,,,,,168.13829,M+NH4,+,1,0,60,,,,,149.09719,M-H,-,1,0,60,,,
Carvone,XIC,eTargetCompound,C10H14O,,,ESI,5000,,0,,151.11174,M+H,+,1,0,120,,,,,173.09369,M+Na,+,1,0,60,,,,,168.13829,M+NH4,+,1,0,60,,,,,149.09719,M-H,-,1,0,60,,,
D(+)-Carvone,XIC,eTargetCompound,C10H14O,,,ESI,5000,,0,,151.11174,M+H,+,1,0,120,,,,,173.09369,M+Na,+,1,0,60,,,,,168.13829,M+NH4,+,1,0,60,,,,,149.09719,M-H,-,1,0,60,,,
L(-)-carvone; (R)-Carvone,XIC,eTargetCompound,C10H14O,,,ESI,5000,,0,,151.11174,M+H,+,1,0,120,,,,,173.09369,M+Na,+,1,0,60,,,,,168.13829,M+NH4,+,1,0,60,,,,,149.09719,M-H,-,1,0,60,,,
Piperitenone,XIC,eTargetCompound,C10H14O,,,ESI,5000,,0,,151.11174,M+H,+,1,0,120,,,,,173.09369,M+Na,+,1,0,60,,,,,168.13829,M+NH4,+,1,0,60,,,,,149.09719,M-H,-,1,0,60,,,
safranal,XIC,eTargetCompound,C10H14O,,,ESI,5000,,0,,151.11174,M+H,+,1,0,120,,,,,173.09369,M+Na,+,1,0,60,,,,,168.13829,M+NH4,+,1,0,60,,,,,149.09719,M-H,-,1,0,60,,,
4-Chlorophenylacetonitrile,XIC,eTargetCompound,C8H6NCl,,,ESI,5000,,0,,152.02615,M+H,+,1,0,120,,,,,174.0081,M+Na,+,1,0,60,,,,,169.0527,M+NH4,+,1,0,60,,,,,150.0116,M-H,-,1,0,60,,,
"6-Imino-5-oxocyclohexa-1,3-dienecarboxylate",XIC,eTargetCompound,C7H5NO3,,,ESI,5000,,0,,152.03422,M+H,+,1,0,120,,,,,174.01616,M+Na,+,1,0,60,,,,,169.06077,M+NH4,+,1,0,60,,,,,150.01967,M-H,-,1,0,60,,,
Guanine,XIC,eTargetCompound,C5H5N5O,,,ESI,5000,,0,,152.05669,M+H,+,1,0,120,,,,,174.03863,M+Na,+,1,0,60,,,,,169.08324,M+NH4,+,1,0,60,,,,,150.04213,M-H,-,1,0,60,,,
(E)-4-hydroxyphenylacetaldehyde oxime,XIC,eTargetCompound,C8H9NO2,,,ESI,5000,,0,,152.07061,M+H,+,1,0,120,,,,,174.05255,M+Na,+,1,0,60,,,,,169.09715,M+NH4,+,1,0,60,,,,,150.05605,M-H,-,1,0,60,,,
(R)-Mandelamide,XIC,eTargetCompound,C8H9NO2,,,ESI,5000,,0,,152.07061,M+H,+,1,0,120,,,,,174.05255,M+Na,+,1,0,60,,,,,169.09715,M+NH4,+,1,0,60,,,,,150.05605,M-H,-,1,0,60,,,
(Z)-4-Hydroxyphenylacetaldehyde-oxime,XIC,eTargetCompound,C8H9NO2,,,ESI,5000,,0,,152.07061,M+H,+,1,0,120,,,,,174.05255,M+Na,+,1,0,60,,,,,169.09715,M+NH4,+,1,0,60,,,,,150.05605,M-H,-,1,0,60,,,
2-Phenylglycine,XIC,eTargetCompound,C8H9NO2,,,ESI,5000,,0,,152.07061,M+H,+,1,0,120,,,,,174.05255,M+Na,+,1,0,60,,,,,169.09715,M+NH4,+,1,0,60,,,,,150.05605,M-H,-,1,0,60,,,
N-Methylanthranilate,XIC,eTargetCompound,C8H9NO2,,,ESI,5000,,0,,152.07061,M+H,+,1,0,120,,,,,174.05255,M+Na,+,1,0,60,,,,,169.09715,M+NH4,+,1,0,60,,,,,150.05605,M-H,-,1,0,60,,,
N-Methylphenylethanolamine,XIC,eTargetCompound,C9H13NO,,,ESI,5000,,0,,152.10699,M+H,+,1,0,120,,,,,174.08894,M+Na,+,1,0,60,,,,,169.13354,M+NH4,+,1,0,60,,,,,150.09244,M-H,-,1,0,60,,,
N-Methyltyramine,XIC,eTargetCompound,C9H13NO,,,ESI,5000,,0,,152.10699,M+H,+,1,0,120,,,,,174.08894,M+Na,+,1,0,60,,,,,169.13354,M+NH4,+,1,0,60,,,,,150.09244,M-H,-,1,0,60,,,
norephedrine,XIC,eTargetCompound,C9H13NO,,,ESI,5000,,0,,152.10699,M+H,+,1,0,120,,,,,174.08894,M+Na,+,1,0,60,,,,,169.13354,M+NH4,+,1,0,60,,,,,150.09244,M-H,-,1,0,60,,,
3-Sulfinylpyruvate,XIC,eTargetCompound,C3H4O5S,,,ESI,5000,,0,,152.98522,M+H,+,1,0,120,,,,,174.96717,M+Na,+,1,0,60,,,,,170.01177,M+NH4,+,1,0,60,,,,,150.97067,M-H,-,1,0,60,,,
3-(Hydrohydroxyphosphoryl)pyruvate,XIC,eTargetCompound,C3H5O5P,,,ESI,5000,,0,,152.99474,M+H,+,1,0,120,,,,,174.97668,M+Na,+,1,0,60,,,,,170.02129,M+NH4,+,1,0,60,,,,,150.98018,M-H,-,1,0,60,,,
3-Mercapto-2-mercaptomethylpropanoate,XIC,eTargetCompound,C4H8O2S2,,,ESI,5000,,0,,153.00385,M+H,+,1,0,120,,,,,174.98579,M+Na,+,1,0,60,,,,,170.0304,M+NH4,+,1,0,60,,,,,150.98929,M-H,-,1,0,60,,,
"4,5-cis-dihydroxy-1,2-dithiacyclohexane",XIC,eTargetCompound,C4H8O2S2,,,ESI,5000,,0,,153.00385,M+H,+,1,0,120,,,,,174.98579,M+Na,+,1,0,60,,,,,170.0304,M+NH4,+,1,0,60,,,,,150.98929,M-H,-,1,0,60,,,
Oxidized dithiothreitol,XIC,eTargetCompound,C4H8O2S2,,,ESI,5000,,0,,153.00385,M+H,+,1,0,120,,,,,174.98579,M+Na,+,1,0,60,,,,,170.0304,M+NH4,+,1,0,60,,,,,150.98929,M-H,-,1,0,60,,,
Xanthine,XIC,eTargetCompound,C5H4N4O2,,,ESI,5000,,0,,153.0407,M+H,+,1,0,120,,,,,175.02265,M+Na,+,1,0,60,,,,,170.06725,M+NH4,+,1,0,60,,,,,151.02615,M-H,-,1,0,60,,,
"2',4'-Dihydroxyacetophenone",XIC,eTargetCompound,C8H8O3,,,ESI,5000,,0,,153.05462,M+H,+,1,0,120,,,,,175.03657,M+Na,+,1,0,60,,,,,170.08117,M+NH4,+,1,0,60,,,,,151.04007,M-H,-,1,0,60,,,
2-hydroxyphenylacetic acid,XIC,eTargetCompound,C8H8O3,,,ESI,5000,,0,,153.05462,M+H,+,1,0,120,,,,,175.03657,M+Na,+,1,0,60,,,,,170.08117,M+NH4,+,1,0,60,,,,,151.04007,M-H,-,1,0,60,,,
"3,4-Dihydroxyphenylacetaldehyde",XIC,eTargetCompound,C8H8O3,,,ESI,5000,,0,,153.05462,M+H,+,1,0,120,,,,,175.03657,M+Na,+,1,0,60,,,,,170.08117,M+NH4,+,1,0,60,,,,,151.04007,M-H,-,1,0,60,,,
3-Hydroxyphenylacetate,XIC,eTargetCompound,C8H8O3,,,ESI,5000,,0,,153.05462,M+H,+,1,0,120,,,,,175.03657,M+Na,+,1,0,60,,,,,170.08117,M+NH4,+,1,0,60,,,,,151.04007,M-H,-,1,0,60,,,
4-Anisic acid,XIC,eTargetCompound,C8H8O3,,,ESI,5000,,0,,153.05462,M+H,+,1,0,120,,,,,175.03657,M+Na,+,1,0,60,,,,,170.08117,M+NH4,+,1,0,60,,,,,151.04007,M-H,-,1,0,60,,,
4-hydroxyphenylacetic acid,XIC,eTargetCompound,C8H8O3,,,ESI,5000,,0,,153.05462,M+H,+,1,0,120,,,,,175.03657,M+Na,+,1,0,60,,,,,170.08117,M+NH4,+,1,0,60,,,,,151.04007,M-H,-,1,0,60,,,
6-Methylsalicylic acid,XIC,eTargetCompound,C8H8O3,,,ESI,5000,,0,,153.05462,M+H,+,1,0,120,,,,,175.03657,M+Na,+,1,0,60,,,,,170.08117,M+NH4,+,1,0,60,,,,,151.04007,M-H,-,1,0,60,,,
Glucosamine 6-sulfate,XIC,eTargetCompound,C8H8O3,,,ESI,5000,,0,,153.05462,M+H,+,1,0,120,,,,,175.03657,M+Na,+,1,0,60,,,,,170.08117,M+NH4,+,1,0,60,,,,,151.04007,M-H,-,1,0,60,,,
Mandelic acid ,XIC,eTargetCompound,C8H8O3,,,ESI,5000,,0,,153.05462,M+H,+,1,0,120,,,,,175.03657,M+Na,+,1,0,60,,,,,170.08117,M+NH4,+,1,0,60,,,,,151.04007,M-H,-,1,0,60,,,
Methylparaben,XIC,eTargetCompound,C8H8O3,,,ESI,5000,,0,,153.05462,M+H,+,1,0,120,,,,,175.03657,M+Na,+,1,0,60,,,,,170.08117,M+NH4,+,1,0,60,,,,,151.04007,M-H,-,1,0,60,,,
o-Anisic acid,XIC,eTargetCompound,C8H8O3,,,ESI,5000,,0,,153.05462,M+H,+,1,0,120,,,,,175.03657,M+Na,+,1,0,60,,,,,170.08117,M+NH4,+,1,0,60,,,,,151.04007,M-H,-,1,0,60,,,
Phenoxyacetate,XIC,eTargetCompound,C8H8O3,,,ESI,5000,,0,,153.05462,M+H,+,1,0,120,,,,,175.03657,M+Na,+,1,0,60,,,,,170.08117,M+NH4,+,1,0,60,,,,,151.04007,M-H,-,1,0,60,,,
Hypotaurocyamine,XIC,eTargetCompound,C3H10N3O2S,,,ESI,5000,,0,,153.05665,M+H,+,1,0,120,,,,,175.03859,M+Na,+,1,0,60,,,,,170.0832,M+NH4,+,1,0,60,,,,,151.0421,M-H,-,1,0,60,,,
N1-Methyl-2-pyridone-5-carboxamide,XIC,eTargetCompound,C7H8N2O2,,,ESI,5000,,0,,153.06585,M+H,+,1,0,120,,,,,175.0478,M+Na,+,1,0,60,,,,,170.0924,M+NH4,+,1,0,60,,,,,151.0513,M-H,-,1,0,60,,,
N1-Methyl-4-pyridone-5-carboxamide,XIC,eTargetCompound,C7H8N2O2,,,ESI,5000,,0,,153.06585,M+H,+,1,0,120,,,,,175.0478,M+Na,+,1,0,60,,,,,170.0924,M+NH4,+,1,0,60,,,,,151.0513,M-H,-,1,0,60,,,
D-Arabitol,XIC,eTargetCompound,C5H12O5,,,ESI,5000,,0,,153.07575,M+H,+,1,0,120,,,,,175.05769,M+Na,+,1,0,60,,,,,170.1023,M+NH4,+,1,0,60,,,,,151.0612,M-H,-,1,0,60,,,
L(-)-Arabitol,XIC,eTargetCompound,C5H12O5,,,ESI,5000,,0,,153.07575,M+H,+,1,0,120,,,,,175.05769,M+Na,+,1,0,60,,,,,170.1023,M+NH4,+,1,0,60,,,,,151.0612,M-H,-,1,0,60,,,
Ribitol; Adonitol,XIC,eTargetCompound,C5H12O5,,,ESI,5000,,0,,153.07575,M+H,+,1,0,120,,,,,175.05769,M+Na,+,1,0,60,,,,,170.1023,M+NH4,+,1,0,60,,,,,151.0612,M-H,-,1,0,60,,,
Xylitol,XIC,eTargetCompound,C5H12O5,,,ESI,5000,,0,,153.07575,M+H,+,1,0,120,,,,,175.05769,M+Na,+,1,0,60,,,,,170.1023,M+NH4,+,1,0,60,,,,,151.0612,M-H,-,1,0,60,,,
 (-)-trans-Carveol,XIC,eTargetCompound,C10H16O,,,ESI,5000,,0,,153.12739,M+H,+,1,0,120,,,,,175.10934,M+Na,+,1,0,60,,,,,170.15394,M+NH4,+,1,0,60,,,,,151.11284,M-H,-,1,0,60,,,
 (-)-trans-Isopiperitenol,XIC,eTargetCompound,C10H16O,,,ESI,5000,,0,,153.12739,M+H,+,1,0,120,,,,,175.10934,M+Na,+,1,0,60,,,,,170.15394,M+NH4,+,1,0,60,,,,,151.11284,M-H,-,1,0,60,,,
 (+)-Camphor,XIC,eTargetCompound,C10H16O,,,ESI,5000,,0,,153.12739,M+H,+,1,0,120,,,,,175.10934,M+Na,+,1,0,60,,,,,170.15394,M+NH4,+,1,0,60,,,,,151.11284,M-H,-,1,0,60,,,
 (+)-cis-Isopulegone,XIC,eTargetCompound,C10H16O,,,ESI,5000,,0,,153.12739,M+H,+,1,0,120,,,,,175.10934,M+Na,+,1,0,60,,,,,170.15394,M+NH4,+,1,0,60,,,,,151.11284,M-H,-,1,0,60,,,
" (1R,4R)-Dihydrocarvone",XIC,eTargetCompound,C10H16O,,,ESI,5000,,0,,153.12739,M+H,+,1,0,120,,,,,175.10934,M+Na,+,1,0,60,,,,,170.15394,M+NH4,+,1,0,60,,,,,151.11284,M-H,-,1,0,60,,,
" (1R,4S)-Iso-dihydrocarvone",XIC,eTargetCompound,C10H16O,,,ESI,5000,,0,,153.12739,M+H,+,1,0,120,,,,,175.10934,M+Na,+,1,0,60,,,,,170.15394,M+NH4,+,1,0,60,,,,,151.11284,M-H,-,1,0,60,,,
" (1S,4R)-Iso-dihydrocarvone",XIC,eTargetCompound,C10H16O,,,ESI,5000,,0,,153.12739,M+H,+,1,0,120,,,,,175.10934,M+Na,+,1,0,60,,,,,170.15394,M+NH4,+,1,0,60,,,,,151.11284,M-H,-,1,0,60,,,
" (1S,4S)-Dihydrocarvone",XIC,eTargetCompound,C10H16O,,,ESI,5000,,0,,153.12739,M+H,+,1,0,120,,,,,175.10934,M+Na,+,1,0,60,,,,,170.15394,M+NH4,+,1,0,60,,,,,151.11284,M-H,-,1,0,60,,,
" (4R,6R)-cis-Carveol",XIC,eTargetCompound,C10H16O,,,ESI,5000,,0,,153.12739,M+H,+,1,0,120,,,,,175.10934,M+Na,+,1,0,60,,,,,170.15394,M+NH4,+,1,0,60,,,,,151.11284,M-H,-,1,0,60,,,
 alpha-Pinene-oxide,XIC,eTargetCompound,C10H16O,,,ESI,5000,,0,,153.12739,M+H,+,1,0,120,,,,,175.10934,M+Na,+,1,0,60,,,,,170.15394,M+NH4,+,1,0,60,,,,,151.11284,M-H,-,1,0,60,,,
" Limonene-1,2-epoxide",XIC,eTargetCompound,C10H16O,,,ESI,5000,,0,,153.12739,M+H,+,1,0,120,,,,,175.10934,M+Na,+,1,0,60,,,,,170.15394,M+NH4,+,1,0,60,,,,,151.11284,M-H,-,1,0,60,,,
(-)-Camphor,XIC,eTargetCompound,C10H16O,,,ESI,5000,,0,,153.12739,M+H,+,1,0,120,,,,,175.10934,M+Na,+,1,0,60,,,,,170.15394,M+NH4,+,1,0,60,,,,,151.11284,M-H,-,1,0,60,,,
(+)-cis-Sabinol,XIC,eTargetCompound,C10H16O,,,ESI,5000,,0,,153.12739,M+H,+,1,0,120,,,,,175.10934,M+Na,+,1,0,60,,,,,170.15394,M+NH4,+,1,0,60,,,,,151.11284,M-H,-,1,0,60,,,
(+)-trans-Carveol,XIC,eTargetCompound,C10H16O,,,ESI,5000,,0,,153.12739,M+H,+,1,0,120,,,,,175.10934,M+Na,+,1,0,60,,,,,170.15394,M+NH4,+,1,0,60,,,,,151.11284,M-H,-,1,0,60,,,
"(4S,6S)-cis-Carveol",XIC,eTargetCompound,C10H16O,,,ESI,5000,,0,,153.12739,M+H,+,1,0,120,,,,,175.10934,M+Na,+,1,0,60,,,,,170.15394,M+NH4,+,1,0,60,,,,,151.11284,M-H,-,1,0,60,,,
"(Z)-2-Methyl-5-isopropylhexa-2,5-dienal",XIC,eTargetCompound,C10H16O,,,ESI,5000,,0,,153.12739,M+H,+,1,0,120,,,,,175.10934,M+Na,+,1,0,60,,,,,170.15394,M+NH4,+,1,0,60,,,,,151.11284,M-H,-,1,0,60,,,
Alpha-Pinene-oxide,XIC,eTargetCompound,C10H16O,,,ESI,5000,,0,,153.12739,M+H,+,1,0,120,,,,,175.10934,M+Na,+,1,0,60,,,,,170.15394,M+NH4,+,1,0,60,,,,,151.11284,M-H,-,1,0,60,,,
Perillyl alcohol,XIC,eTargetCompound,C10H16O,,,ESI,5000,,0,,153.12739,M+H,+,1,0,120,,,,,175.10934,M+Na,+,1,0,60,,,,,170.15394,M+NH4,+,1,0,60,,,,,151.11284,M-H,-,1,0,60,,,
Pulegone,XIC,eTargetCompound,C10H16O,,,ESI,5000,,0,,153.12739,M+H,+,1,0,120,,,,,175.10934,M+Na,+,1,0,60,,,,,170.15394,M+NH4,+,1,0,60,,,,,151.11284,M-H,-,1,0,60,,,
"trans,trans-2,4-Decadienal; (E,E)-2,4-Decadecenal",XIC,eTargetCompound,C10H16O,,,ESI,5000,,0,,153.12739,M+H,+,1,0,120,,,,,175.10934,M+Na,+,1,0,60,,,,,170.15394,M+NH4,+,1,0,60,,,,,151.11284,M-H,-,1,0,60,,,
Thiocysteine,XIC,eTargetCompound,C3H7NO2S2,,,ESI,5000,,0,,153.9991,M+H,+,1,0,120,,,,,175.98104,M+Na,+,1,0,60,,,,,171.02565,M+NH4,+,1,0,60,,,,,151.98454,M-H,-,1,0,60,,,
Lithium carbamoylphosphate,XIC,eTargetCompound,CH2Li2NO5P,,,ESI,5000,,0,,154.00634,M+H,+,1,0,120,,,,,175.98829,M+Na,+,1,0,60,,,,,171.03289,M+NH4,+,1,0,60,,,,,151.99179,M-H,-,1,0,60,,,
3-Sulfinoalanine; Cysteine sulfinic acid,XIC,eTargetCompound,C3H7NO4S,,,ESI,5000,,0,,154.01685,M+H,+,1,0,120,,,,,175.9988,M+Na,+,1,0,60,,,,,171.0434,M+NH4,+,1,0,60,,,,,152.0023,M-H,-,1,0,60,,,
1-Carbapen-2-em-3-carboxylic acid,XIC,eTargetCompound,C7H7NO3,,,ESI,5000,,0,,154.04987,M+H,+,1,0,120,,,,,176.03181,M+Na,+,1,0,60,,,,,171.07642,M+NH4,+,1,0,60,,,,,152.03532,M-H,-,1,0,60,,,
3-Hydroxy-2-methylpyridine-5-carboxylate,XIC,eTargetCompound,C7H7NO3,,,ESI,5000,,0,,154.04987,M+H,+,1,0,120,,,,,176.03181,M+Na,+,1,0,60,,,,,171.07642,M+NH4,+,1,0,60,,,,,152.03532,M-H,-,1,0,60,,,
3-Hydroxyanthranilic acid,XIC,eTargetCompound,C7H7NO3,,,ESI,5000,,0,,154.04987,M+H,+,1,0,120,,,,,176.03181,M+Na,+,1,0,60,,,,,171.07642,M+NH4,+,1,0,60,,,,,152.03532,M-H,-,1,0,60,,,
AHBA,XIC,eTargetCompound,C7H7NO3,,,ESI,5000,,0,,154.04987,M+H,+,1,0,120,,,,,176.03181,M+Na,+,1,0,60,,,,,171.07642,M+NH4,+,1,0,60,,,,,152.03532,M-H,-,1,0,60,,,
Salicylhydroxamic acid,XIC,eTargetCompound,C7H7NO3,,,ESI,5000,,0,,154.04987,M+H,+,1,0,120,,,,,176.03181,M+Na,+,1,0,60,,,,,171.07642,M+NH4,+,1,0,60,,,,,152.03532,M-H,-,1,0,60,,,
1-(4-Hydroxyphenyl)-2-aminoethanol,XIC,eTargetCompound,C8H11NO2,,,ESI,5000,,0,,154.08626,M+H,+,1,0,120,,,,,176.0682,M+Na,+,1,0,60,,,,,171.1128,M+NH4,+,1,0,60,,,,,152.0717,M-H,-,1,0,60,,,
Dopamine,XIC,eTargetCompound,C8H11NO2,,,ESI,5000,,0,,154.08626,M+H,+,1,0,120,,,,,176.0682,M+Na,+,1,0,60,,,,,171.1128,M+NH4,+,1,0,60,,,,,152.0717,M-H,-,1,0,60,,,
vanillylamine,XIC,eTargetCompound,C8H11NO2,,,ESI,5000,,0,,154.08626,M+H,+,1,0,120,,,,,176.0682,M+Na,+,1,0,60,,,,,171.1128,M+NH4,+,1,0,60,,,,,152.0717,M-H,-,1,0,60,,,
4-(beta-Acetylaminoethyl)imidazole,XIC,eTargetCompound,C7H11N3O,,,ESI,5000,,0,,154.09749,M+H,+,1,0,120,,,,,176.07943,M+Na,+,1,0,60,,,,,171.12404,M+NH4,+,1,0,60,,,,,152.08294,M-H,-,1,0,60,,,
N-Acetylhistamine ,XIC,eTargetCompound,C7H11N3O,,,ESI,5000,,0,,154.09749,M+H,+,1,0,120,,,,,176.07943,M+Na,+,1,0,60,,,,,171.12404,M+NH4,+,1,0,60,,,,,152.08294,M-H,-,1,0,60,,,
"Glycerol 1,2-cyclic phosphate",XIC,eTargetCompound,C3H7O5P,,,ESI,5000,,0,,155.01039,M+H,+,1,0,120,,,,,176.99233,M+Na,+,1,0,60,,,,,172.03694,M+NH4,+,1,0,60,,,,,152.99583,M-H,-,1,0,60,,,
Hydroxyacetone phosphate,XIC,eTargetCompound,C3H7O5P,,,ESI,5000,,0,,155.01039,M+H,+,1,0,120,,,,,176.99233,M+Na,+,1,0,60,,,,,172.03694,M+NH4,+,1,0,60,,,,,152.99583,M-H,-,1,0,60,,,
Propanoyl phosphate,XIC,eTargetCompound,C3H7O5P,,,ESI,5000,,0,,155.01039,M+H,+,1,0,120,,,,,176.99233,M+Na,+,1,0,60,,,,,172.03694,M+NH4,+,1,0,60,,,,,152.99583,M-H,-,1,0,60,,,
Dithioerythritol,XIC,eTargetCompound,C4H10O2S2,,,ESI,5000,,0,,155.0195,M+H,+,1,0,120,,,,,177.00144,M+Na,+,1,0,60,,,,,172.04605,M+NH4,+,1,0,60,,,,,153.00494,M-H,-,1,0,60,,,
"2,4-Dihydroxybenzoic acid",XIC,eTargetCompound,C7H6O4,,,ESI,5000,,0,,155.03389,M+H,+,1,0,120,,,,,177.01583,M+Na,+,1,0,60,,,,,172.06043,M+NH4,+,1,0,60,,,,,153.01933,M-H,-,1,0,60,,,
2-Pyrocatechuic acid,XIC,eTargetCompound,C7H6O4,,,ESI,5000,,0,,155.03389,M+H,+,1,0,120,,,,,177.01583,M+Na,+,1,0,60,,,,,172.06043,M+NH4,+,1,0,60,,,,,153.01933,M-H,-,1,0,60,,,
"3,5-Dihydroxybenzoic acid",XIC,eTargetCompound,C7H6O4,,,ESI,5000,,0,,155.03389,M+H,+,1,0,120,,,,,177.01583,M+Na,+,1,0,60,,,,,172.06043,M+NH4,+,1,0,60,,,,,153.01933,M-H,-,1,0,60,,,
Gentisic acid,XIC,eTargetCompound,C7H6O4,,,ESI,5000,,0,,155.03389,M+H,+,1,0,120,,,,,177.01583,M+Na,+,1,0,60,,,,,172.06043,M+NH4,+,1,0,60,,,,,153.01933,M-H,-,1,0,60,,,
"Protocatechuic acid (3,4-dihydroxybenzoic acid)",XIC,eTargetCompound,C7H6O4,,,ESI,5000,,0,,155.03389,M+H,+,1,0,120,,,,,177.01583,M+Na,+,1,0,60,,,,,172.06043,M+NH4,+,1,0,60,,,,,153.01933,M-H,-,1,0,60,,,
Imidazol-5-yl-pyruvate,XIC,eTargetCompound,C6H6N2O3,,,ESI,5000,,0,,155.04512,M+H,+,1,0,120,,,,,177.02706,M+Na,+,1,0,60,,,,,172.07167,M+NH4,+,1,0,60,,,,,153.03057,M-H,-,1,0,60,,,
 (-)-Borneol,XIC,eTargetCompound,C10H18O,,,ESI,5000,,0,,155.14304,M+H,+,1,0,120,,,,,177.12499,M+Na,+,1,0,60,,,,,172.16959,M+NH4,+,1,0,60,,,,,153.12849,M-H,-,1,0,60,,,
 (-)-endo-Fenchol,XIC,eTargetCompound,C10H18O,,,ESI,5000,,0,,155.14304,M+H,+,1,0,120,,,,,177.12499,M+Na,+,1,0,60,,,,,172.16959,M+NH4,+,1,0,60,,,,,153.12849,M-H,-,1,0,60,,,
 (-)-Menthone,XIC,eTargetCompound,C10H18O,,,ESI,5000,,0,,155.14304,M+H,+,1,0,120,,,,,177.12499,M+Na,+,1,0,60,,,,,172.16959,M+NH4,+,1,0,60,,,,,153.12849,M-H,-,1,0,60,,,
 (+)-Borneol,XIC,eTargetCompound,C10H18O,,,ESI,5000,,0,,155.14304,M+H,+,1,0,120,,,,,177.12499,M+Na,+,1,0,60,,,,,172.16959,M+NH4,+,1,0,60,,,,,153.12849,M-H,-,1,0,60,,,
 (+)-Isomenthone,XIC,eTargetCompound,C10H18O,,,ESI,5000,,0,,155.14304,M+H,+,1,0,120,,,,,177.12499,M+Na,+,1,0,60,,,,,172.16959,M+NH4,+,1,0,60,,,,,153.12849,M-H,-,1,0,60,,,
" (1R,2R,4R)-Dihydrocarveol",XIC,eTargetCompound,C10H18O,,,ESI,5000,,0,,155.14304,M+H,+,1,0,120,,,,,177.12499,M+Na,+,1,0,60,,,,,172.16959,M+NH4,+,1,0,60,,,,,153.12849,M-H,-,1,0,60,,,
" (1R,2S,4R)-Neo-dihydrocarveol",XIC,eTargetCompound,C10H18O,,,ESI,5000,,0,,155.14304,M+H,+,1,0,120,,,,,177.12499,M+Na,+,1,0,60,,,,,172.16959,M+NH4,+,1,0,60,,,,,153.12849,M-H,-,1,0,60,,,
" (1S,2R,4R)-Neoiso-dihydrocarveol",XIC,eTargetCompound,C10H18O,,,ESI,5000,,0,,155.14304,M+H,+,1,0,120,,,,,177.12499,M+Na,+,1,0,60,,,,,172.16959,M+NH4,+,1,0,60,,,,,153.12849,M-H,-,1,0,60,,,
" (1S,2R,4S)-Neo-dihydrocarveol",XIC,eTargetCompound,C10H18O,,,ESI,5000,,0,,155.14304,M+H,+,1,0,120,,,,,177.12499,M+Na,+,1,0,60,,,,,172.16959,M+NH4,+,1,0,60,,,,,153.12849,M-H,-,1,0,60,,,
" (1S,2S,4R)-Iso-dihydrocarveol",XIC,eTargetCompound,C10H18O,,,ESI,5000,,0,,155.14304,M+H,+,1,0,120,,,,,177.12499,M+Na,+,1,0,60,,,,,172.16959,M+NH4,+,1,0,60,,,,,153.12849,M-H,-,1,0,60,,,
" (1S,2S,4S)-Dihydrocarveol",XIC,eTargetCompound,C10H18O,,,ESI,5000,,0,,155.14304,M+H,+,1,0,120,,,,,177.12499,M+Na,+,1,0,60,,,,,172.16959,M+NH4,+,1,0,60,,,,,153.12849,M-H,-,1,0,60,,,
" 1,8-Cineol",XIC,eTargetCompound,C10H18O,,,ESI,5000,,0,,155.14304,M+H,+,1,0,120,,,,,177.12499,M+Na,+,1,0,60,,,,,172.16959,M+NH4,+,1,0,60,,,,,153.12849,M-H,-,1,0,60,,,
 2E-geraniol,XIC,eTargetCompound,C10H18O,,,ESI,5000,,0,,155.14304,M+H,+,1,0,120,,,,,177.12499,M+Na,+,1,0,60,,,,,172.16959,M+NH4,+,1,0,60,,,,,153.12849,M-H,-,1,0,60,,,
 Sabinene hydrate,XIC,eTargetCompound,C10H18O,,,ESI,5000,,0,,155.14304,M+H,+,1,0,120,,,,,177.12499,M+Na,+,1,0,60,,,,,172.16959,M+NH4,+,1,0,60,,,,,153.12849,M-H,-,1,0,60,,,
(-)-alpha-Terpineol,XIC,eTargetCompound,C10H18O,,,ESI,5000,,0,,155.14304,M+H,+,1,0,120,,,,,177.12499,M+Na,+,1,0,60,,,,,172.16959,M+NH4,+,1,0,60,,,,,153.12849,M-H,-,1,0,60,,,
(-)-Borneol,XIC,eTargetCompound,C10H18O,,,ESI,5000,,0,,155.14304,M+H,+,1,0,120,,,,,177.12499,M+Na,+,1,0,60,,,,,172.16959,M+NH4,+,1,0,60,,,,,153.12849,M-H,-,1,0,60,,,
(+)-Linalool,XIC,eTargetCompound,C10H18O,,,ESI,5000,,0,,155.14304,M+H,+,1,0,120,,,,,177.12499,M+Na,+,1,0,60,,,,,172.16959,M+NH4,+,1,0,60,,,,,153.12849,M-H,-,1,0,60,,,
(+)-Menthone,XIC,eTargetCompound,C10H18O,,,ESI,5000,,0,,155.14304,M+H,+,1,0,120,,,,,177.12499,M+Na,+,1,0,60,,,,,172.16959,M+NH4,+,1,0,60,,,,,153.12849,M-H,-,1,0,60,,,
"(1R,2R,4S)-Iso-dihydrocarveol",XIC,eTargetCompound,C10H18O,,,ESI,5000,,0,,155.14304,M+H,+,1,0,120,,,,,177.12499,M+Na,+,1,0,60,,,,,172.16959,M+NH4,+,1,0,60,,,,,153.12849,M-H,-,1,0,60,,,
"(1R,2S,4S)- Neoiso-dihydrocarveol",XIC,eTargetCompound,C10H18O,,,ESI,5000,,0,,155.14304,M+H,+,1,0,120,,,,,177.12499,M+Na,+,1,0,60,,,,,172.16959,M+NH4,+,1,0,60,,,,,153.12849,M-H,-,1,0,60,,,
(R)-(-)-Linalool,XIC,eTargetCompound,C10H18O,,,ESI,5000,,0,,155.14304,M+H,+,1,0,120,,,,,177.12499,M+Na,+,1,0,60,,,,,172.16959,M+NH4,+,1,0,60,,,,,153.12849,M-H,-,1,0,60,,,
(R)-(+)-alpha-Terpineol,XIC,eTargetCompound,C10H18O,,,ESI,5000,,0,,155.14304,M+H,+,1,0,120,,,,,177.12499,M+Na,+,1,0,60,,,,,172.16959,M+NH4,+,1,0,60,,,,,153.12849,M-H,-,1,0,60,,,
"3,7-Dimethylocta-1,6-dien-3-ol",XIC,eTargetCompound,C10H18O,,,ESI,5000,,0,,155.14304,M+H,+,1,0,120,,,,,177.12499,M+Na,+,1,0,60,,,,,172.16959,M+NH4,+,1,0,60,,,,,153.12849,M-H,-,1,0,60,,,
Isoborneol,XIC,eTargetCompound,C10H18O,,,ESI,5000,,0,,155.14304,M+H,+,1,0,120,,,,,177.12499,M+Na,+,1,0,60,,,,,172.16959,M+NH4,+,1,0,60,,,,,153.12849,M-H,-,1,0,60,,,
"Nerol; (2Z)-3,7-Dimethyl-2,6-octadien-1-ol",XIC,eTargetCompound,C10H18O,,,ESI,5000,,0,,155.14304,M+H,+,1,0,120,,,,,177.12499,M+Na,+,1,0,60,,,,,172.16959,M+NH4,+,1,0,60,,,,,153.12849,M-H,-,1,0,60,,,
"2,6-Dihydroxynicotinate",XIC,eTargetCompound,C6H5NO4,,,ESI,5000,,0,,156.02913,M+H,+,1,0,120,,,,,178.01108,M+Na,+,1,0,60,,,,,173.05568,M+NH4,+,1,0,60,,,,,154.01458,M-H,-,1,0,60,,,
D-1-Aminopropan-2-ol O-phosphate,XIC,eTargetCompound,C3H10NO4P,,,ESI,5000,,0,,156.04202,M+H,+,1,0,120,,,,,178.02397,M+Na,+,1,0,60,,,,,173.06857,M+NH4,+,1,0,60,,,,,154.02747,M-H,-,1,0,60,,,
3-(Pyrazol-1-yl)-L-alanine,XIC,eTargetCompound,C6H9N3O2,,,ESI,5000,,0,,156.07675,M+H,+,1,0,120,,,,,178.0587,M+Na,+,1,0,60,,,,,173.1033,M+NH4,+,1,0,60,,,,,154.0622,M-H,-,1,0,60,,,
D-Histidine,XIC,eTargetCompound,C6H9N3O2,,,ESI,5000,,0,,156.07675,M+H,+,1,0,120,,,,,178.0587,M+Na,+,1,0,60,,,,,173.1033,M+NH4,+,1,0,60,,,,,154.0622,M-H,-,1,0,60,,,
L-Histidine,XIC,eTargetCompound,C6H9N3O2,,,ESI,5000,,0,,156.07675,M+H,+,1,0,120,,,,,178.0587,M+Na,+,1,0,60,,,,,173.1033,M+NH4,+,1,0,60,,,,,154.0622,M-H,-,1,0,60,,,
2-Phosphoglycolate,XIC,eTargetCompound,C2H5O6P,,,ESI,5000,,0,,156.98965,M+H,+,1,0,120,,,,,178.9716,M+Na,+,1,0,60,,,,,174.0162,M+NH4,+,1,0,60,,,,,154.9751,M-H,-,1,0,60,,,
2-(Methylthio)ethanesulfonate,XIC,eTargetCompound,C3H8O3S2,,,ESI,5000,,0,,156.99876,M+H,+,1,0,120,,,,,178.98071,M+Na,+,1,0,60,,,,,174.02531,M+NH4,+,1,0,60,,,,,154.98421,M-H,-,1,0,60,,,
AO002_Orotic_acid,XIC,eTargetCompound,,,,None,0,,,,,,,,,,,,,,,,,,,,,,,,,,,,,,,,,,155.0098,M-,-,1,26.16,60,,,
Orotic acid (vitamin B13),XIC,eTargetCompound,C5H4N2O4,,,ESI,5000,,0,,157.02438,M+H,+,1,0,120,,,,,179.00633,M+Na,+,1,0,60,,,,,174.05093,M+NH4,+,1,0,60,,,,,155.00983,M-H,-,1,0,60,,,
Uracil 5-carboxylate,XIC,eTargetCompound,C5H4N2O4,,,ESI,5000,,0,,157.02438,M+H,+,1,0,120,,,,,179.00633,M+Na,+,1,0,60,,,,,174.05093,M+NH4,+,1,0,60,,,,,155.00983,M-H,-,1,0,60,,,
"Propane-1,2-diol 1-phosphate",XIC,eTargetCompound,C3H9O5P,,,ESI,5000,,0,,157.02604,M+H,+,1,0,120,,,,,179.00798,M+Na,+,1,0,60,,,,,174.05259,M+NH4,+,1,0,60,,,,,155.01148,M-H,-,1,0,60,,,
"2,3-Dihydro-2,3-dihydroxybenzoate",XIC,eTargetCompound,C7H8O4,,,ESI,5000,,0,,157.04954,M+H,+,1,0,120,,,,,179.03148,M+Na,+,1,0,60,,,,,174.07608,M+NH4,+,1,0,60,,,,,155.03498,M-H,-,1,0,60,,,
"4-Carboxymethyl-3-methylbut-2-en-1,4-olide",XIC,eTargetCompound,C7H8O4,,,ESI,5000,,0,,157.04954,M+H,+,1,0,120,,,,,179.03148,M+Na,+,1,0,60,,,,,174.07608,M+NH4,+,1,0,60,,,,,155.03498,M-H,-,1,0,60,,,
4-Imidazolone-5-propanoate,XIC,eTargetCompound,C6H8N2O3,,,ESI,5000,,0,,157.06077,M+H,+,1,0,120,,,,,179.04271,M+Na,+,1,0,60,,,,,174.08732,M+NH4,+,1,0,60,,,,,155.04622,M-H,-,1,0,60,,,
Imidazole lactate,XIC,eTargetCompound,C6H8N2O3,,,ESI,5000,,0,,157.06077,M+H,+,1,0,120,,,,,179.04271,M+Na,+,1,0,60,,,,,174.08732,M+NH4,+,1,0,60,,,,,155.04622,M-H,-,1,0,60,,,
Imidazolelactic acid,XIC,eTargetCompound,C6H8N2O3,,,ESI,5000,,0,,157.06077,M+H,+,1,0,120,,,,,179.04271,M+Na,+,1,0,60,,,,,174.08732,M+NH4,+,1,0,60,,,,,155.04622,M-H,-,1,0,60,,,
3-Indoleacetonitrile,XIC,eTargetCompound,C10H8N2,,,ESI,5000,,0,,157.07602,M+H,+,1,0,120,,,,,179.05797,M+Na,+,1,0,60,,,,,174.10257,M+NH4,+,1,0,60,,,,,155.06147,M-H,-,1,0,60,,,
"Nonane-4,6-dione",XIC,eTargetCompound,C9H16O2,,,ESI,5000,,0,,157.12231,M+H,+,1,0,120,,,,,179.10425,M+Na,+,1,0,60,,,,,174.14886,M+NH4,+,1,0,60,,,,,155.10775,M-H,-,1,0,60,,,
 (-)-Citronellol,XIC,eTargetCompound,C10H20O,,,ESI,5000,,0,,157.15869,M+H,+,1,0,120,,,,,179.14064,M+Na,+,1,0,60,,,,,174.18524,M+NH4,+,1,0,60,,,,,155.14414,M-H,-,1,0,60,,,
(-)-Menthol,XIC,eTargetCompound,C10H20O,,,ESI,5000,,0,,157.15869,M+H,+,1,0,120,,,,,179.14064,M+Na,+,1,0,60,,,,,174.18524,M+NH4,+,1,0,60,,,,,155.14414,M-H,-,1,0,60,,,
(+)-Neomenthol,XIC,eTargetCompound,C10H20O,,,ESI,5000,,0,,157.15869,M+H,+,1,0,120,,,,,179.14064,M+Na,+,1,0,60,,,,,174.18524,M+NH4,+,1,0,60,,,,,155.14414,M-H,-,1,0,60,,,
[FA (10:0)] decanal,XIC,eTargetCompound,C10H20O,,,ESI,5000,,0,,157.15869,M+H,+,1,0,120,,,,,179.14064,M+Na,+,1,0,60,,,,,174.18524,M+NH4,+,1,0,60,,,,,155.14414,M-H,-,1,0,60,,,
2-Aminomuconate,XIC,eTargetCompound,C6H7NO4,,,ESI,5000,,0,,158.04478,M+H,+,1,0,120,,,,,180.02673,M+Na,+,1,0,60,,,,,175.07133,M+NH4,+,1,0,60,,,,,156.03023,M-H,-,1,0,60,,,
3-Methylcrotonylglycine,XIC,eTargetCompound,C7H11NO3,,,ESI,5000,,0,,158.08117,M+H,+,1,0,120,,,,,180.06311,M+Na,+,1,0,60,,,,,175.10772,M+NH4,+,1,0,60,,,,,156.06662,M-H,-,1,0,60,,,
Tiglylglycine,XIC,eTargetCompound,C7H11NO3,,,ESI,5000,,0,,158.08117,M+H,+,1,0,120,,,,,180.06311,M+Na,+,1,0,60,,,,,175.10772,M+NH4,+,1,0,60,,,,,156.06662,M-H,-,1,0,60,,,
benzenesulfonate,XIC,eTargetCompound,C6H6O3S,,,ESI,5000,,0,,159.01104,M+H,+,1,0,120,,,,,180.99299,M+Na,+,1,0,60,,,,,176.03759,M+NH4,+,1,0,60,,,,,156.99649,M-H,-,1,0,60,,,
Dihydroorotic acid,XIC,eTargetCompound,C5H6N2O4,,,ESI,5000,,0,,159.04003,M+H,+,1,0,120,,,,,181.02198,M+Na,+,1,0,60,,,,,176.06658,M+NH4,+,1,0,60,,,,,157.02548,M-H,-,1,0,60,,,
L-5-Carboxymethylhydantoin,XIC,eTargetCompound,C5H6N2O4,,,ESI,5000,,0,,159.04003,M+H,+,1,0,120,,,,,181.02198,M+Na,+,1,0,60,,,,,176.06658,M+NH4,+,1,0,60,,,,,157.02548,M-H,-,1,0,60,,,
L-Dihydroorotic acid,XIC,eTargetCompound,C5H6N2O4,,,ESI,5000,,0,,159.04003,M+H,+,1,0,120,,,,,181.02198,M+Na,+,1,0,60,,,,,176.06658,M+NH4,+,1,0,60,,,,,157.02548,M-H,-,1,0,60,,,
AD003_Dihydroorotate,XIC,eTargetCompound,,,,None,0,,,,,,,,,,,,,,,,,,,,,,,,,,,,,,,,,,157.0255,M-,-,1,19.46,60,,,
(R)(-)-Allantoin,XIC,eTargetCompound,C4H6N4O3,,,ESI,5000,,0,,159.05127,M+H,+,1,0,120,,,,,181.03321,M+Na,+,1,0,60,,,,,176.07782,M+NH4,+,1,0,60,,,,,157.03671,M-H,-,1,0,60,,,
(S)(+)-Allantoin,XIC,eTargetCompound,C4H6N4O3,,,ESI,5000,,0,,159.05127,M+H,+,1,0,120,,,,,181.03321,M+Na,+,1,0,60,,,,,176.07782,M+NH4,+,1,0,60,,,,,157.03671,M-H,-,1,0,60,,,
Allantoin,XIC,eTargetCompound,C4H6N4O3,,,ESI,5000,,0,,159.05127,M+H,+,1,0,120,,,,,181.03321,M+Na,+,1,0,60,,,,,176.07782,M+NH4,+,1,0,60,,,,,157.03671,M-H,-,1,0,60,,,
"(1S,4S)-4-Hydroxy-3-oxocyclohexane-1-carboxylate",XIC,eTargetCompound,C7H10O4,,,ESI,5000,,0,,159.06519,M+H,+,1,0,120,,,,,181.04713,M+Na,+,1,0,60,,,,,176.09173,M+NH4,+,1,0,60,,,,,157.05063,M-H,-,1,0,60,,,
2-Isopropylmaleate,XIC,eTargetCompound,C7H10O4,,,ESI,5000,,0,,159.06519,M+H,+,1,0,120,,,,,181.04713,M+Na,+,1,0,60,,,,,176.09173,M+NH4,+,1,0,60,,,,,157.05063,M-H,-,1,0,60,,,
"5-D-(5/6)-5-C-(Hydroxymethyl)-2,6-dihydroxycyclohex-2-en-1-one",XIC,eTargetCompound,C7H10O4,,,ESI,5000,,0,,159.06519,M+H,+,1,0,120,,,,,181.04713,M+Na,+,1,0,60,,,,,176.09173,M+NH4,+,1,0,60,,,,,157.05063,M-H,-,1,0,60,,,
Dimethyl citraconate,XIC,eTargetCompound,C7H10O4,,,ESI,5000,,0,,159.06519,M+H,+,1,0,120,,,,,181.04713,M+Na,+,1,0,60,,,,,176.09173,M+NH4,+,1,0,60,,,,,157.05063,M-H,-,1,0,60,,,
4-Methylene-L-glutamine,XIC,eTargetCompound,C6H10N2O3,,,ESI,5000,,0,,159.07642,M+H,+,1,0,120,,,,,181.05836,M+Na,+,1,0,60,,,,,176.10297,M+NH4,+,1,0,60,,,,,157.06187,M-H,-,1,0,60,,,
Ethyl 3-oxohexanoate,XIC,eTargetCompound,C8H14O3,,,ESI,5000,,0,,159.10157,M+H,+,1,0,120,,,,,181.08352,M+Na,+,1,0,60,,,,,176.12812,M+NH4,+,1,0,60,,,,,157.08702,M-H,-,1,0,60,,,
Nonanoic acid,XIC,eTargetCompound,C9H18O2,,,ESI,5000,,0,,159.13796,M+H,+,1,0,120,,,,,181.1199,M+Na,+,1,0,60,,,,,176.16451,M+NH4,+,1,0,60,,,,,157.1234,M-H,-,1,0,60,,,
1-Decanol,XIC,eTargetCompound,C10H22O,,,ESI,5000,,0,,159.17434,M+H,+,1,0,120,,,,,181.15629,M+Na,+,1,0,60,,,,,176.20089,M+NH4,+,1,0,60,,,,,157.15979,M-H,-,1,0,60,,,
4-Methylene-L-glutamate,XIC,eTargetCompound,C6H9NO4,,,ESI,5000,,0,,160.06043,M+H,+,1,0,120,,,,,182.04238,M+Na,+,1,0,60,,,,,177.08698,M+NH4,+,1,0,60,,,,,158.04588,M-H,-,1,0,60,,,
beta-Alanopine,XIC,eTargetCompound,C6H9NO4,,,ESI,5000,,0,,160.06043,M+H,+,1,0,120,,,,,182.04238,M+Na,+,1,0,60,,,,,177.08698,M+NH4,+,1,0,60,,,,,158.04588,M-H,-,1,0,60,,,
N-Methyl-2-oxoglutaramate,XIC,eTargetCompound,C6H9NO4,,,ESI,5000,,0,,160.06043,M+H,+,1,0,120,,,,,182.04238,M+Na,+,1,0,60,,,,,177.08698,M+NH4,+,1,0,60,,,,,158.04588,M-H,-,1,0,60,,,
3-Methyl-quinolin-2-ol,XIC,eTargetCompound,C10H9NO,,,ESI,5000,,0,,160.07569,M+H,+,1,0,120,,,,,182.05764,M+Na,+,1,0,60,,,,,177.10224,M+NH4,+,1,0,60,,,,,158.06114,M-H,-,1,0,60,,,
Indole-3-acetaldehyde,XIC,eTargetCompound,C10H9NO,,,ESI,5000,,0,,160.07569,M+H,+,1,0,120,,,,,182.05764,M+Na,+,1,0,60,,,,,177.10224,M+NH4,+,1,0,60,,,,,158.06114,M-H,-,1,0,60,,,
3-Dehydrocarnitine,XIC,eTargetCompound,C7H13NO3,,,ESI,5000,,0,,160.09682,M+H,+,1,0,120,,,,,182.07876,M+Na,+,1,0,60,,,,,177.12337,M+NH4,+,1,0,60,,,,,158.08227,M-H,-,1,0,60,,,
5-Acetamidopentanoate,XIC,eTargetCompound,C7H13NO3,,,ESI,5000,,0,,160.09682,M+H,+,1,0,120,,,,,182.07876,M+Na,+,1,0,60,,,,,177.12337,M+NH4,+,1,0,60,,,,,158.08227,M-H,-,1,0,60,,,
Calystegin A3,XIC,eTargetCompound,C7H13NO3,,,ESI,5000,,0,,160.09682,M+H,+,1,0,120,,,,,182.07876,M+Na,+,1,0,60,,,,,177.12337,M+NH4,+,1,0,60,,,,,158.08227,M-H,-,1,0,60,,,
Isovalerylglycine,XIC,eTargetCompound,C7H13NO3,,,ESI,5000,,0,,160.09682,M+H,+,1,0,120,,,,,182.07876,M+Na,+,1,0,60,,,,,177.12337,M+NH4,+,1,0,60,,,,,158.08227,M-H,-,1,0,60,,,
N-Acetyl-DL-norvaline,XIC,eTargetCompound,C7H13NO3,,,ESI,5000,,0,,160.09682,M+H,+,1,0,120,,,,,182.07876,M+Na,+,1,0,60,,,,,177.12337,M+NH4,+,1,0,60,,,,,158.08227,M-H,-,1,0,60,,,
N-Acetylvaline,XIC,eTargetCompound,C7H13NO3,,,ESI,5000,,0,,160.09682,M+H,+,1,0,120,,,,,182.07876,M+Na,+,1,0,60,,,,,177.12337,M+NH4,+,1,0,60,,,,,158.08227,M-H,-,1,0,60,,,
delta-Guanidinovaleric acid,XIC,eTargetCompound,C6H13N3O2,,,ESI,5000,,0,,160.10805,M+H,+,1,0,120,,,,,182.09,M+Na,+,1,0,60,,,,,177.1346,M+NH4,+,1,0,60,,,,,158.0935,M-H,-,1,0,60,,,
Aminopropylcadaverine,XIC,eTargetCompound,C8H21N3,,,ESI,5000,,0,,160.18082,M+H,+,1,0,120,,,,,182.16277,M+Na,+,1,0,60,,,,,177.20737,M+NH4,+,1,0,60,,,,,158.16627,M-H,-,1,0,60,,,
Homospermidine,XIC,eTargetCompound,C8H21N3,,,ESI,5000,,0,,160.18082,M+H,+,1,0,120,,,,,182.16277,M+Na,+,1,0,60,,,,,177.20737,M+NH4,+,1,0,60,,,,,158.16627,M-H,-,1,0,60,,,
2-Formylglutarate,XIC,eTargetCompound,C6H8O5,,,ESI,5000,,0,,161.04445,M+H,+,1,0,120,,,,,183.02639,M+Na,+,1,0,60,,,,,178.071,M+NH4,+,1,0,60,,,,,159.0299,M-H,-,1,0,60,,,
2-Oxoadipate,XIC,eTargetCompound,C6H8O5,,,ESI,5000,,0,,161.04445,M+H,+,1,0,120,,,,,183.02639,M+Na,+,1,0,60,,,,,178.071,M+NH4,+,1,0,60,,,,,159.0299,M-H,-,1,0,60,,,
"3,5/4-Trihydroxycyclohexa-1,2-dione",XIC,eTargetCompound,C6H8O5,,,ESI,5000,,0,,161.04445,M+H,+,1,0,120,,,,,183.02639,M+Na,+,1,0,60,,,,,178.071,M+NH4,+,1,0,60,,,,,159.0299,M-H,-,1,0,60,,,
N-Formimino-L-aspartate,XIC,eTargetCompound,C5H8N2O4,,,ESI,5000,,0,,161.05568,M+H,+,1,0,120,,,,,183.03763,M+Na,+,1,0,60,,,,,178.08223,M+NH4,+,1,0,60,,,,,159.04113,M-H,-,1,0,60,,,
"(1S,3R,4S)-3,4-Dihydroxycyclohexane-1-carboxylate",XIC,eTargetCompound,C7H12O4,,,ESI,5000,,0,,161.08084,M+H,+,1,0,120,,,,,183.06278,M+Na,+,1,0,60,,,,,178.10738,M+NH4,+,1,0,60,,,,,159.06628,M-H,-,1,0,60,,,
"3,3-Dimethylglutaric acid",XIC,eTargetCompound,C7H12O4,,,ESI,5000,,0,,161.08084,M+H,+,1,0,120,,,,,183.06278,M+Na,+,1,0,60,,,,,178.10738,M+NH4,+,1,0,60,,,,,159.06628,M-H,-,1,0,60,,,
3-Methyladipic acid,XIC,eTargetCompound,C7H12O4,,,ESI,5000,,0,,161.08084,M+H,+,1,0,120,,,,,183.06278,M+Na,+,1,0,60,,,,,178.10738,M+NH4,+,1,0,60,,,,,159.06628,M-H,-,1,0,60,,,
Pimelic acid,XIC,eTargetCompound,C7H12O4,,,ESI,5000,,0,,161.08084,M+H,+,1,0,120,,,,,183.06278,M+Na,+,1,0,60,,,,,178.10738,M+NH4,+,1,0,60,,,,,159.06628,M-H,-,1,0,60,,,
D-Ala-D-Ala,XIC,eTargetCompound,C6H12N2O3,,,ESI,5000,,0,,161.09207,M+H,+,1,0,120,,,,,183.07401,M+Na,+,1,0,60,,,,,178.11862,M+NH4,+,1,0,60,,,,,159.07752,M-H,-,1,0,60,,,
N5-Methyl-L-glutamine,XIC,eTargetCompound,C6H12N2O3,,,ESI,5000,,0,,161.09207,M+H,+,1,0,120,,,,,183.07401,M+Na,+,1,0,60,,,,,178.11862,M+NH4,+,1,0,60,,,,,159.07752,M-H,-,1,0,60,,,
N-gamma-Acetyldiaminobutyrate,XIC,eTargetCompound,C6H12N2O3,,,ESI,5000,,0,,161.09207,M+H,+,1,0,120,,,,,183.07401,M+Na,+,1,0,60,,,,,178.11862,M+NH4,+,1,0,60,,,,,159.07752,M-H,-,1,0,60,,,
Anatabine,XIC,eTargetCompound,C10H12N2,,,ESI,5000,,0,,161.10732,M+H,+,1,0,120,,,,,183.08927,M+Na,+,1,0,60,,,,,178.13387,M+NH4,+,1,0,60,,,,,159.09277,M-H,-,1,0,60,,,
Tryptamine,XIC,eTargetCompound,C10H12N2,,,ESI,5000,,0,,161.10732,M+H,+,1,0,120,,,,,183.08927,M+Na,+,1,0,60,,,,,178.13387,M+NH4,+,1,0,60,,,,,159.09277,M-H,-,1,0,60,,,
Ethyl (R)-3-hydroxyhexanoate,XIC,eTargetCompound,C8H16O3,,,ESI,5000,,0,,161.11722,M+H,+,1,0,120,,,,,183.09917,M+Na,+,1,0,60,,,,,178.14377,M+NH4,+,1,0,60,,,,,159.10267,M-H,-,1,0,60,,,
Ethyl (S)-3-hydroxyhexanoate,XIC,eTargetCompound,C8H16O3,,,ESI,5000,,0,,161.11722,M+H,+,1,0,120,,,,,183.09917,M+Na,+,1,0,60,,,,,178.14377,M+NH4,+,1,0,60,,,,,159.10267,M-H,-,1,0,60,,,
L-Carnitinamide,XIC,eTargetCompound,C7H16N2O2,,,ESI,5000,,0,,161.12845,M+H,+,1,0,120,,,,,183.1104,M+Na,+,1,0,60,,,,,178.155,M+NH4,+,1,0,60,,,,,159.1139,M-H,-,1,0,60,,,
N6-Methyl-L-lysine,XIC,eTargetCompound,C7H16N2O2,,,ESI,5000,,0,,161.12845,M+H,+,1,0,120,,,,,183.1104,M+Na,+,1,0,60,,,,,178.155,M+NH4,+,1,0,60,,,,,159.1139,M-H,-,1,0,60,,,
"3,4-Dichloroaniline",XIC,eTargetCompound,C6H5NCl2,,,ESI,5000,,0,,161.98718,M+H,+,1,0,120,,,,,183.96913,M+Na,+,1,0,60,,,,,179.01373,M+NH4,+,1,0,60,,,,,159.97263,M-H,-,1,0,60,,,
N-Formyl-L-aspartate,XIC,eTargetCompound,C5H7NO5,,,ESI,5000,,0,,162.0397,M+H,+,1,0,120,,,,,184.02164,M+Na,+,1,0,60,,,,,179.06625,M+NH4,+,1,0,60,,,,,160.02515,M-H,-,1,0,60,,,
3-hydroxy-1H-quinolin-4-one,XIC,eTargetCompound,C9H7NO2,,,ESI,5000,,0,,162.05496,M+H,+,1,0,120,,,,,184.0369,M+Na,+,1,0,60,,,,,179.0815,M+NH4,+,1,0,60,,,,,160.0404,M-H,-,1,0,60,,,
"4,6-Dihydroxyquinoline",XIC,eTargetCompound,C9H7NO2,,,ESI,5000,,0,,162.05496,M+H,+,1,0,120,,,,,184.0369,M+Na,+,1,0,60,,,,,179.0815,M+NH4,+,1,0,60,,,,,160.0404,M-H,-,1,0,60,,,
Indole-2-carboxylic acid,XIC,eTargetCompound,C9H7NO2,,,ESI,5000,,0,,162.05496,M+H,+,1,0,120,,,,,184.0369,M+Na,+,1,0,60,,,,,179.0815,M+NH4,+,1,0,60,,,,,160.0404,M-H,-,1,0,60,,,
Indole-3-carboxylic acid ,XIC,eTargetCompound,C9H7NO2,,,ESI,5000,,0,,162.05496,M+H,+,1,0,120,,,,,184.0369,M+Na,+,1,0,60,,,,,179.0815,M+NH4,+,1,0,60,,,,,160.0404,M-H,-,1,0,60,,,
"Quinolin-2,8-diol",XIC,eTargetCompound,C9H7NO2,,,ESI,5000,,0,,162.05496,M+H,+,1,0,120,,,,,184.0369,M+Na,+,1,0,60,,,,,179.0815,M+NH4,+,1,0,60,,,,,160.0404,M-H,-,1,0,60,,,
"Quinoline-3,4-diol",XIC,eTargetCompound,C9H7NO2,,,ESI,5000,,0,,162.05496,M+H,+,1,0,120,,,,,184.0369,M+Na,+,1,0,60,,,,,179.0815,M+NH4,+,1,0,60,,,,,160.0404,M-H,-,1,0,60,,,
allylcysteine,XIC,eTargetCompound,C6H11NO2S,,,ESI,5000,,0,,162.05833,M+H,+,1,0,120,,,,,184.04027,M+Na,+,1,0,60,,,,,179.08487,M+NH4,+,1,0,60,,,,,160.04377,M-H,-,1,0,60,,,
"2,2'-Iminodipropanoate",XIC,eTargetCompound,C6H11NO4,,,ESI,5000,,0,,162.07608,M+H,+,1,0,120,,,,,184.05803,M+Na,+,1,0,60,,,,,179.10263,M+NH4,+,1,0,60,,,,,160.06153,M-H,-,1,0,60,,,
Aminoadipic acid (2-amino adipic acid),XIC,eTargetCompound,C6H11NO4,,,ESI,5000,,0,,162.07608,M+H,+,1,0,120,,,,,184.05803,M+Na,+,1,0,60,,,,,179.10263,M+NH4,+,1,0,60,,,,,160.06153,M-H,-,1,0,60,,,
N-Methyl-L-glutamate,XIC,eTargetCompound,C6H11NO4,,,ESI,5000,,0,,162.07608,M+H,+,1,0,120,,,,,184.05803,M+Na,+,1,0,60,,,,,179.10263,M+NH4,+,1,0,60,,,,,160.06153,M-H,-,1,0,60,,,
O-Acetyl-L-homoserine,XIC,eTargetCompound,C6H11NO4,,,ESI,5000,,0,,162.07608,M+H,+,1,0,120,,,,,184.05803,M+Na,+,1,0,60,,,,,179.10263,M+NH4,+,1,0,60,,,,,160.06153,M-H,-,1,0,60,,,
Indole-3-ethanol,XIC,eTargetCompound,C10H11NO,,,ESI,5000,,0,,162.09134,M+H,+,1,0,120,,,,,184.07329,M+Na,+,1,0,60,,,,,179.11789,M+NH4,+,1,0,60,,,,,160.07679,M-H,-,1,0,60,,,
6-methylthiohexanaldoxime,XIC,eTargetCompound,C7H15NOS,,,ESI,5000,,0,,162.09471,M+H,+,1,0,120,,,,,184.07666,M+Na,+,1,0,60,,,,,179.12126,M+NH4,+,1,0,60,,,,,160.08016,M-H,-,1,0,60,,,
(S)-Carnitine,XIC,eTargetCompound,C7H15NO3,,,ESI,5000,,0,,162.11247,M+H,+,1,0,120,,,,,184.09441,M+Na,+,1,0,60,,,,,179.13902,M+NH4,+,1,0,60,,,,,160.09792,M-H,-,1,0,60,,,
L-Carnitine,XIC,eTargetCompound,C7H15NO3,,,ESI,5000,,0,,162.11247,M+H,+,1,0,120,,,,,184.09441,M+Na,+,1,0,60,,,,,179.13902,M+NH4,+,1,0,60,,,,,160.09792,M-H,-,1,0,60,,,
Selenophosphate,XIC,eTargetCompound,H3O3PSe,,,ESI,5000,,0,,162.90578,M+H,+,1,0,120,,,,,184.88772,M+Na,+,1,0,60,,,,,179.93233,M+NH4,+,1,0,60,,,,,160.89123,M-H,-,1,0,60,,,
4-Hydroxy-2-oxoglutarate,XIC,eTargetCompound,C5H6O6,,,ESI,5000,,0,,163.02371,M+H,+,1,0,120,,,,,185.00566,M+Na,+,1,0,60,,,,,180.05026,M+NH4,+,1,0,60,,,,,161.00916,M-H,-,1,0,60,,,
Allicin,XIC,eTargetCompound,C6H10OS2,,,ESI,5000,,0,,163.02458,M+H,+,1,0,120,,,,,185.00653,M+Na,+,1,0,60,,,,,180.05113,M+NH4,+,1,0,60,,,,,161.01003,M-H,-,1,0,60,,,
4-Coumaryl alcohol (4-Hydroxycoumarin),XIC,eTargetCompound,C9H6O3,,,ESI,5000,,0,,163.03897,M+H,+,1,0,120,,,,,185.02092,M+Na,+,1,0,60,,,,,180.06552,M+NH4,+,1,0,60,,,,,161.02442,M-H,-,1,0,60,,,
7-Hydroxycoumarin,XIC,eTargetCompound,C9H6O3,,,ESI,5000,,0,,163.03897,M+H,+,1,0,120,,,,,185.02092,M+Na,+,1,0,60,,,,,180.06552,M+NH4,+,1,0,60,,,,,161.02442,M-H,-,1,0,60,,,
"1,2-Dihydroxy-5-(methylthio)pent-1-en-3-one",XIC,eTargetCompound,C6H10O3S,,,ESI,5000,,0,,163.04234,M+H,+,1,0,120,,,,,185.02429,M+Na,+,1,0,60,,,,,180.06889,M+NH4,+,1,0,60,,,,,161.02779,M-H,-,1,0,60,,,
2-oxo-5-methylthiopentanoic-acid,XIC,eTargetCompound,C6H10O3S,,,ESI,5000,,0,,163.04234,M+H,+,1,0,120,,,,,185.02429,M+Na,+,1,0,60,,,,,180.06889,M+NH4,+,1,0,60,,,,,161.02779,M-H,-,1,0,60,,,
"(2R,3S)-2,3-Dimethylmalate",XIC,eTargetCompound,C6H10O5,,,ESI,5000,,0,,163.0601,M+H,+,1,0,120,,,,,185.04204,M+Na,+,1,0,60,,,,,180.08665,M+NH4,+,1,0,60,,,,,161.04555,M-H,-,1,0,60,,,
(R)-2-Ethylmalate,XIC,eTargetCompound,C6H10O5,,,ESI,5000,,0,,163.0601,M+H,+,1,0,120,,,,,185.04204,M+Na,+,1,0,60,,,,,180.08665,M+NH4,+,1,0,60,,,,,161.04555,M-H,-,1,0,60,,,
"(R)-3,3-Dimethylmalate",XIC,eTargetCompound,C6H10O5,,,ESI,5000,,0,,163.0601,M+H,+,1,0,120,,,,,185.04204,M+Na,+,1,0,60,,,,,180.08665,M+NH4,+,1,0,60,,,,,161.04555,M-H,-,1,0,60,,,
(S)-2-(Hydroxymethyl)glutarate,XIC,eTargetCompound,C6H10O5,,,ESI,5000,,0,,163.0601,M+H,+,1,0,120,,,,,185.04204,M+Na,+,1,0,60,,,,,180.08665,M+NH4,+,1,0,60,,,,,161.04555,M-H,-,1,0,60,,,
[FA hydroxy(6:0/2:0)] 2-hydroxy-Hexanedioic acid,XIC,eTargetCompound,C6H10O5,,,ESI,5000,,0,,163.0601,M+H,+,1,0,120,,,,,185.04204,M+Na,+,1,0,60,,,,,180.08665,M+NH4,+,1,0,60,,,,,161.04555,M-H,-,1,0,60,,,
"1,5-Anhydro-D-fructose",XIC,eTargetCompound,C6H10O5,,,ESI,5000,,0,,163.0601,M+H,+,1,0,120,,,,,185.04204,M+Na,+,1,0,60,,,,,180.08665,M+NH4,+,1,0,60,,,,,161.04555,M-H,-,1,0,60,,,
2-Dehydro-3-deoxy-D-fuconate,XIC,eTargetCompound,C6H10O5,,,ESI,5000,,0,,163.0601,M+H,+,1,0,120,,,,,185.04204,M+Na,+,1,0,60,,,,,180.08665,M+NH4,+,1,0,60,,,,,161.04555,M-H,-,1,0,60,,,
2-Dehydro-3-deoxy-L-fuconate,XIC,eTargetCompound,C6H10O5,,,ESI,5000,,0,,163.0601,M+H,+,1,0,120,,,,,185.04204,M+Na,+,1,0,60,,,,,180.08665,M+NH4,+,1,0,60,,,,,161.04555,M-H,-,1,0,60,,,
2-Dehydro-3-deoxy-L-rhamnonate,XIC,eTargetCompound,C6H10O5,,,ESI,5000,,0,,163.0601,M+H,+,1,0,120,,,,,185.04204,M+Na,+,1,0,60,,,,,180.08665,M+NH4,+,1,0,60,,,,,161.04555,M-H,-,1,0,60,,,
3-Ethylmalate,XIC,eTargetCompound,C6H10O5,,,ESI,5000,,0,,163.0601,M+H,+,1,0,120,,,,,185.04204,M+Na,+,1,0,60,,,,,180.08665,M+NH4,+,1,0,60,,,,,161.04555,M-H,-,1,0,60,,,
3-Hydroxymethylglutaric acid,XIC,eTargetCompound,C6H10O5,,,ESI,5000,,0,,163.0601,M+H,+,1,0,120,,,,,185.04204,M+Na,+,1,0,60,,,,,180.08665,M+NH4,+,1,0,60,,,,,161.04555,M-H,-,1,0,60,,,
"D-Fucono-1,4-lactone",XIC,eTargetCompound,C6H10O5,,,ESI,5000,,0,,163.0601,M+H,+,1,0,120,,,,,185.04204,M+Na,+,1,0,60,,,,,180.08665,M+NH4,+,1,0,60,,,,,161.04555,M-H,-,1,0,60,,,
Diethyl pyrocarbonate,XIC,eTargetCompound,C6H10O5,,,ESI,5000,,0,,163.0601,M+H,+,1,0,120,,,,,185.04204,M+Na,+,1,0,60,,,,,180.08665,M+NH4,+,1,0,60,,,,,161.04555,M-H,-,1,0,60,,,
"L-Rhamnono-1,4-lactone",XIC,eTargetCompound,C6H10O5,,,ESI,5000,,0,,163.0601,M+H,+,1,0,120,,,,,185.04204,M+Na,+,1,0,60,,,,,180.08665,M+NH4,+,1,0,60,,,,,161.04555,M-H,-,1,0,60,,,
4-Hydroxycinnamoylmethane,XIC,eTargetCompound,C10H10O2,,,ESI,5000,,0,,163.07536,M+H,+,1,0,120,,,,,185.0573,M+Na,+,1,0,60,,,,,180.10191,M+NH4,+,1,0,60,,,,,161.0608,M-H,-,1,0,60,,,
Isosafrole,XIC,eTargetCompound,C10H10O2,,,ESI,5000,,0,,163.07536,M+H,+,1,0,120,,,,,185.0573,M+Na,+,1,0,60,,,,,180.10191,M+NH4,+,1,0,60,,,,,161.0608,M-H,-,1,0,60,,,
Methyl cinnamate,XIC,eTargetCompound,C10H10O2,,,ESI,5000,,0,,163.07536,M+H,+,1,0,120,,,,,185.0573,M+Na,+,1,0,60,,,,,180.10191,M+NH4,+,1,0,60,,,,,161.0608,M-H,-,1,0,60,,,
7-mercaptoheptanoate,XIC,eTargetCompound,C7H14O2S,,,ESI,5000,,0,,163.07873,M+H,+,1,0,120,,,,,185.06067,M+Na,+,1,0,60,,,,,180.10528,M+NH4,+,1,0,60,,,,,161.06417,M-H,-,1,0,60,,,
2-Deoxystreptamine,XIC,eTargetCompound,C6H14N2O3,,,ESI,5000,,0,,163.10772,M+H,+,1,0,120,,,,,185.08966,M+Na,+,1,0,60,,,,,180.13427,M+NH4,+,1,0,60,,,,,161.09317,M-H,-,1,0,60,,,
5-hydroxy-L-lysine,XIC,eTargetCompound,C6H14N2O3,,,ESI,5000,,0,,163.10772,M+H,+,1,0,120,,,,,185.08966,M+Na,+,1,0,60,,,,,180.13427,M+NH4,+,1,0,60,,,,,161.09317,M-H,-,1,0,60,,,
N6-Hydroxy-L-lysine,XIC,eTargetCompound,C6H14N2O3,,,ESI,5000,,0,,163.10772,M+H,+,1,0,120,,,,,185.08966,M+Na,+,1,0,60,,,,,180.13427,M+NH4,+,1,0,60,,,,,161.09317,M-H,-,1,0,60,,,
Procollagen 5-hydroxy-L-lysine,XIC,eTargetCompound,C6H14N2O3,,,ESI,5000,,0,,163.10772,M+H,+,1,0,120,,,,,185.08966,M+Na,+,1,0,60,,,,,180.13427,M+NH4,+,1,0,60,,,,,161.09317,M-H,-,1,0,60,,,
Valerophenone; 1-phenylpentan-1-one,XIC,eTargetCompound,C11H14O,,,ESI,5000,,0,,163.11174,M+H,+,1,0,120,,,,,185.09369,M+Na,+,1,0,60,,,,,180.13829,M+NH4,+,1,0,60,,,,,161.09719,M-H,-,1,0,60,,,
(S)-Nicotine,XIC,eTargetCompound,C10H14N2,,,ESI,5000,,0,,163.12298,M+H,+,1,0,120,,,,,185.10492,M+Na,+,1,0,60,,,,,180.14952,M+NH4,+,1,0,60,,,,,161.10842,M-H,-,1,0,60,,,
Anabasine,XIC,eTargetCompound,C10H14N2,,,ESI,5000,,0,,163.12298,M+H,+,1,0,120,,,,,185.10492,M+Na,+,1,0,60,,,,,180.14952,M+NH4,+,1,0,60,,,,,161.10842,M-H,-,1,0,60,,,
N-acetyl-DL-cysteine,XIC,eTargetCompound,C5H9NO3S,,,ESI,5000,,0,,164.03759,M+H,+,1,0,120,,,,,186.01954,M+Na,+,1,0,60,,,,,181.06414,M+NH4,+,1,0,60,,,,,162.02304,M-H,-,1,0,60,,,
3-Hydroxy-L-glutamate,XIC,eTargetCompound,C5H9NO5,,,ESI,5000,,0,,164.05535,M+H,+,1,0,120,,,,,186.03729,M+Na,+,1,0,60,,,,,181.0819,M+NH4,+,1,0,60,,,,,162.0408,M-H,-,1,0,60,,,
4-Hydroxy-L-glutamate,XIC,eTargetCompound,C5H9NO5,,,ESI,5000,,0,,164.05535,M+H,+,1,0,120,,,,,186.03729,M+Na,+,1,0,60,,,,,181.0819,M+NH4,+,1,0,60,,,,,162.0408,M-H,-,1,0,60,,,
L-erythro-4-Hydroxyglutamate,XIC,eTargetCompound,C5H9NO5,,,ESI,5000,,0,,164.05535,M+H,+,1,0,120,,,,,186.03729,M+Na,+,1,0,60,,,,,181.0819,M+NH4,+,1,0,60,,,,,162.0408,M-H,-,1,0,60,,,
Pterin,XIC,eTargetCompound,C6H5N5O,,,ESI,5000,,0,,164.05669,M+H,+,1,0,120,,,,,186.03863,M+Na,+,1,0,60,,,,,181.08324,M+NH4,+,1,0,60,,,,,162.04213,M-H,-,1,0,60,,,
3-Methyldioxyindole,XIC,eTargetCompound,C9H9NO2,,,ESI,5000,,0,,164.07061,M+H,+,1,0,120,,,,,186.05255,M+Na,+,1,0,60,,,,,181.09715,M+NH4,+,1,0,60,,,,,162.05605,M-H,-,1,0,60,,,
Ethionine,XIC,eTargetCompound,C6H13NO2S,,,ESI,5000,,0,,164.07398,M+H,+,1,0,120,,,,,186.05592,M+Na,+,1,0,60,,,,,181.10053,M+NH4,+,1,0,60,,,,,162.05942,M-H,-,1,0,60,,,
homomethionine,XIC,eTargetCompound,C6H13NO2S,,,ESI,5000,,0,,164.07398,M+H,+,1,0,120,,,,,186.05592,M+Na,+,1,0,60,,,,,181.10053,M+NH4,+,1,0,60,,,,,162.05942,M-H,-,1,0,60,,,
S-Methyl-L-methionine,XIC,eTargetCompound,C6H13NO2S,,,ESI,5000,,0,,164.07398,M+H,+,1,0,120,,,,,186.05592,M+Na,+,1,0,60,,,,,181.10053,M+NH4,+,1,0,60,,,,,162.05942,M-H,-,1,0,60,,,
1-deoxynojirimycin,XIC,eTargetCompound,C6H13NO4,,,ESI,5000,,0,,164.09173,M+H,+,1,0,120,,,,,186.07368,M+Na,+,1,0,60,,,,,181.11828,M+NH4,+,1,0,60,,,,,162.07718,M-H,-,1,0,60,,,
(R)-2-Methylimino-1-phenylpropan-1-ol,XIC,eTargetCompound,C10H13NO,,,ESI,5000,,0,,164.10699,M+H,+,1,0,120,,,,,186.08894,M+Na,+,1,0,60,,,,,181.13354,M+NH4,+,1,0,60,,,,,162.09244,M-H,-,1,0,60,,,
N-Acetylphenylethylamine,XIC,eTargetCompound,C10H13NO,,,ESI,5000,,0,,164.10699,M+H,+,1,0,120,,,,,186.08894,M+Na,+,1,0,60,,,,,181.13354,M+NH4,+,1,0,60,,,,,162.09244,M-H,-,1,0,60,,,
"2,4-Dihydroxypteridine",XIC,eTargetCompound,C6H4N4O2,,,ESI,5000,,0,,165.0407,M+H,+,1,0,120,,,,,187.02265,M+Na,+,1,0,60,,,,,182.06725,M+NH4,+,1,0,60,,,,,163.02615,M-H,-,1,0,60,,,
2-coumarate,XIC,eTargetCompound,C9H8O3,,,ESI,5000,,0,,165.05462,M+H,+,1,0,120,,,,,187.03657,M+Na,+,1,0,60,,,,,182.08117,M+NH4,+,1,0,60,,,,,163.04007,M-H,-,1,0,60,,,
2-Hydroxycinnamic acid (trans-O-Coumaric acid),XIC,eTargetCompound,C9H8O3,,,ESI,5000,,0,,165.05462,M+H,+,1,0,120,,,,,187.03657,M+Na,+,1,0,60,,,,,182.08117,M+NH4,+,1,0,60,,,,,163.04007,M-H,-,1,0,60,,,
4-Coumarate,XIC,eTargetCompound,C9H8O3,,,ESI,5000,,0,,165.05462,M+H,+,1,0,120,,,,,187.03657,M+Na,+,1,0,60,,,,,182.08117,M+NH4,+,1,0,60,,,,,163.04007,M-H,-,1,0,60,,,
cis-2-Hydroxycinnamate,XIC,eTargetCompound,C9H8O3,,,ESI,5000,,0,,165.05462,M+H,+,1,0,120,,,,,187.03657,M+Na,+,1,0,60,,,,,182.08117,M+NH4,+,1,0,60,,,,,163.04007,M-H,-,1,0,60,,,
cis-p-Coumarate,XIC,eTargetCompound,C9H8O3,,,ESI,5000,,0,,165.05462,M+H,+,1,0,120,,,,,187.03657,M+Na,+,1,0,60,,,,,182.08117,M+NH4,+,1,0,60,,,,,163.04007,M-H,-,1,0,60,,,
cis-p-Coumaric acid,XIC,eTargetCompound,C9H8O3,,,ESI,5000,,0,,165.05462,M+H,+,1,0,120,,,,,187.03657,M+Na,+,1,0,60,,,,,182.08117,M+NH4,+,1,0,60,,,,,163.04007,M-H,-,1,0,60,,,
enol-Phenylpyruvate,XIC,eTargetCompound,C9H8O3,,,ESI,5000,,0,,165.05462,M+H,+,1,0,120,,,,,187.03657,M+Na,+,1,0,60,,,,,182.08117,M+NH4,+,1,0,60,,,,,163.04007,M-H,-,1,0,60,,,
Phenylpyruvic acid,XIC,eTargetCompound,C9H8O3,,,ESI,5000,,0,,165.05462,M+H,+,1,0,120,,,,,187.03657,M+Na,+,1,0,60,,,,,182.08117,M+NH4,+,1,0,60,,,,,163.04007,M-H,-,1,0,60,,,
Trans-3-Hydroxycinnamic acid (m-Coumaric acid),XIC,eTargetCompound,C9H8O3,,,ESI,5000,,0,,165.05462,M+H,+,1,0,120,,,,,187.03657,M+Na,+,1,0,60,,,,,182.08117,M+NH4,+,1,0,60,,,,,163.04007,M-H,-,1,0,60,,,
Ricinine,XIC,eTargetCompound,C8H8N2O2,,,ESI,5000,,0,,165.06585,M+H,+,1,0,120,,,,,187.0478,M+Na,+,1,0,60,,,,,182.0924,M+NH4,+,1,0,60,,,,,163.0513,M-H,-,1,0,60,,,
"1,5-Anhydro-D-mannitol",XIC,eTargetCompound,C6H12O5,,,ESI,5000,,0,,165.07575,M+H,+,1,0,120,,,,,187.05769,M+Na,+,1,0,60,,,,,182.1023,M+NH4,+,1,0,60,,,,,163.0612,M-H,-,1,0,60,,,
"1,5-Anhydro-D-sorbitol (1,5-AG)",XIC,eTargetCompound,C6H12O5,,,ESI,5000,,0,,165.07575,M+H,+,1,0,120,,,,,187.05769,M+Na,+,1,0,60,,,,,182.1023,M+NH4,+,1,0,60,,,,,163.0612,M-H,-,1,0,60,,,
2-Deoxy-D-galactose,XIC,eTargetCompound,C6H12O5,,,ESI,5000,,0,,165.07575,M+H,+,1,0,120,,,,,187.05769,M+Na,+,1,0,60,,,,,182.1023,M+NH4,+,1,0,60,,,,,163.0612,M-H,-,1,0,60,,,
2-Deoxy-D-glucose,XIC,eTargetCompound,C6H12O5,,,ESI,5000,,0,,165.07575,M+H,+,1,0,120,,,,,187.05769,M+Na,+,1,0,60,,,,,182.1023,M+NH4,+,1,0,60,,,,,163.0612,M-H,-,1,0,60,,,
6-Deoxy-D-glucose,XIC,eTargetCompound,C6H12O5,,,ESI,5000,,0,,165.07575,M+H,+,1,0,120,,,,,187.05769,M+Na,+,1,0,60,,,,,182.1023,M+NH4,+,1,0,60,,,,,163.0612,M-H,-,1,0,60,,,
alpha-L-Rhamnose,XIC,eTargetCompound,C6H12O5,,,ESI,5000,,0,,165.07575,M+H,+,1,0,120,,,,,187.05769,M+Na,+,1,0,60,,,,,182.1023,M+NH4,+,1,0,60,,,,,163.0612,M-H,-,1,0,60,,,
beta-D-Fucose,XIC,eTargetCompound,C6H12O5,,,ESI,5000,,0,,165.07575,M+H,+,1,0,120,,,,,187.05769,M+Na,+,1,0,60,,,,,182.1023,M+NH4,+,1,0,60,,,,,163.0612,M-H,-,1,0,60,,,
beta-L-Rhamnose,XIC,eTargetCompound,C6H12O5,,,ESI,5000,,0,,165.07575,M+H,+,1,0,120,,,,,187.05769,M+Na,+,1,0,60,,,,,182.1023,M+NH4,+,1,0,60,,,,,163.0612,M-H,-,1,0,60,,,
D(+)-Fucose,XIC,eTargetCompound,C6H12O5,,,ESI,5000,,0,,165.07575,M+H,+,1,0,120,,,,,187.05769,M+Na,+,1,0,60,,,,,182.1023,M+NH4,+,1,0,60,,,,,163.0612,M-H,-,1,0,60,,,
L(-)-Fucose; 6-Deoxy-L-beta-galactose,XIC,eTargetCompound,C6H12O5,,,ESI,5000,,0,,165.07575,M+H,+,1,0,120,,,,,187.05769,M+Na,+,1,0,60,,,,,182.1023,M+NH4,+,1,0,60,,,,,163.0612,M-H,-,1,0,60,,,
L-Fuculose,XIC,eTargetCompound,C6H12O5,,,ESI,5000,,0,,165.07575,M+H,+,1,0,120,,,,,187.05769,M+Na,+,1,0,60,,,,,182.1023,M+NH4,+,1,0,60,,,,,163.0612,M-H,-,1,0,60,,,
L-Rhamnofuranose,XIC,eTargetCompound,C6H12O5,,,ESI,5000,,0,,165.07575,M+H,+,1,0,120,,,,,187.05769,M+Na,+,1,0,60,,,,,182.1023,M+NH4,+,1,0,60,,,,,163.0612,M-H,-,1,0,60,,,
L-Rhamnose,XIC,eTargetCompound,C6H12O5,,,ESI,5000,,0,,165.07575,M+H,+,1,0,120,,,,,187.05769,M+Na,+,1,0,60,,,,,182.1023,M+NH4,+,1,0,60,,,,,163.0612,M-H,-,1,0,60,,,
L-Rhamnulose,XIC,eTargetCompound,C6H12O5,,,ESI,5000,,0,,165.07575,M+H,+,1,0,120,,,,,187.05769,M+Na,+,1,0,60,,,,,182.1023,M+NH4,+,1,0,60,,,,,163.0612,M-H,-,1,0,60,,,
Eugenol; 4-Allylguaiacol,XIC,eTargetCompound,C10H12O2,,,ESI,5000,,0,,165.09101,M+H,+,1,0,120,,,,,187.07295,M+Na,+,1,0,60,,,,,182.11756,M+NH4,+,1,0,60,,,,,163.07645,M-H,-,1,0,60,,,
Isoeugenol; (E)-2-methoxy-4- (1-propenyl)-Phenol,XIC,eTargetCompound,C10H12O2,,,ESI,5000,,0,,165.09101,M+H,+,1,0,120,,,,,187.07295,M+Na,+,1,0,60,,,,,182.11756,M+NH4,+,1,0,60,,,,,163.07645,M-H,-,1,0,60,,,
4-methylthiobutylhydroximate,XIC,eTargetCompound,C5H11NOS2,,,ESI,5000,,0,,166.03548,M+H,+,1,0,120,,,,,188.01743,M+Na,+,1,0,60,,,,,183.06203,M+NH4,+,1,0,60,,,,,164.02093,M-H,-,1,0,60,,,
4-Nitroacetophenone,XIC,eTargetCompound,C8H7NO3,,,ESI,5000,,0,,166.04987,M+H,+,1,0,120,,,,,188.03181,M+Na,+,1,0,60,,,,,183.07642,M+NH4,+,1,0,60,,,,,164.03532,M-H,-,1,0,60,,,
4-Pyridoxolactone,XIC,eTargetCompound,C8H7NO3,,,ESI,5000,,0,,166.04987,M+H,+,1,0,120,,,,,188.03181,M+Na,+,1,0,60,,,,,183.07642,M+NH4,+,1,0,60,,,,,164.03532,M-H,-,1,0,60,,,
5-Pyridoxolactone,XIC,eTargetCompound,C8H7NO3,,,ESI,5000,,0,,166.04987,M+H,+,1,0,120,,,,,188.03181,M+Na,+,1,0,60,,,,,183.07642,M+NH4,+,1,0,60,,,,,164.03532,M-H,-,1,0,60,,,
Formylanthranilate,XIC,eTargetCompound,C8H7NO3,,,ESI,5000,,0,,166.04987,M+H,+,1,0,120,,,,,188.03181,M+Na,+,1,0,60,,,,,183.07642,M+NH4,+,1,0,60,,,,,164.03532,M-H,-,1,0,60,,,
HBOA,XIC,eTargetCompound,C8H7NO3,,,ESI,5000,,0,,166.04987,M+H,+,1,0,120,,,,,188.03181,M+Na,+,1,0,60,,,,,183.07642,M+NH4,+,1,0,60,,,,,164.03532,M-H,-,1,0,60,,,
L-Methionine S-oxide,XIC,eTargetCompound,C5H11NO3S,,,ESI,5000,,0,,166.05324,M+H,+,1,0,120,,,,,188.03519,M+Na,+,1,0,60,,,,,183.07979,M+NH4,+,1,0,60,,,,,164.03869,M-H,-,1,0,60,,,
Methionine sulfoxide,XIC,eTargetCompound,C5H11NO3S,,,ESI,5000,,0,,166.05324,M+H,+,1,0,120,,,,,188.03519,M+Na,+,1,0,60,,,,,183.07979,M+NH4,+,1,0,60,,,,,164.03869,M-H,-,1,0,60,,,
1-Methylguanine,XIC,eTargetCompound,C6H7N5O,,,ESI,5000,,0,,166.07234,M+H,+,1,0,120,,,,,188.05428,M+Na,+,1,0,60,,,,,183.09889,M+NH4,+,1,0,60,,,,,164.05778,M-H,-,1,0,60,,,
3-Methylguanine,XIC,eTargetCompound,C6H7N5O,,,ESI,5000,,0,,166.07234,M+H,+,1,0,120,,,,,188.05428,M+Na,+,1,0,60,,,,,183.09889,M+NH4,+,1,0,60,,,,,164.05778,M-H,-,1,0,60,,,
7-Methylguanine,XIC,eTargetCompound,C6H7N5O,,,ESI,5000,,0,,166.07234,M+H,+,1,0,120,,,,,188.05428,M+Na,+,1,0,60,,,,,183.09889,M+NH4,+,1,0,60,,,,,164.05778,M-H,-,1,0,60,,,
D-Phenylalanine,XIC,eTargetCompound,C9H11NO2,,,ESI,5000,,0,,166.08626,M+H,+,1,0,120,,,,,188.0682,M+Na,+,1,0,60,,,,,183.1128,M+NH4,+,1,0,60,,,,,164.0717,M-H,-,1,0,60,,,
L-Phenylalanine,XIC,eTargetCompound,C9H11NO2,,,ESI,5000,,0,,166.08626,M+H,+,1,0,120,,,,,188.0682,M+Na,+,1,0,60,,,,,183.1128,M+NH4,+,1,0,60,,,,,164.0717,M-H,-,1,0,60,,,
Hordenine,XIC,eTargetCompound,C10H15NO,,,ESI,5000,,0,,166.12264,M+H,+,1,0,120,,,,,188.10459,M+Na,+,1,0,60,,,,,183.14919,M+NH4,+,1,0,60,,,,,164.10809,M-H,-,1,0,60,,,
"1,1,1,2-Tetrachloroethane",XIC,eTargetCompound,C2H2Cl4,,,ESI,5000,,0,,166.89834,M+H,+,1,0,120,,,,,188.88028,M+Na,+,1,0,60,,,,,183.92489,M+NH4,+,1,0,60,,,,,164.88378,M-H,-,1,0,60,,,
D-Arabinonate,XIC,eTargetCompound,C5H10O6,,,ESI,5000,,0,,167.05501,M+H,+,1,0,120,,,,,189.03696,M+Na,+,1,0,60,,,,,184.08156,M+NH4,+,1,0,60,,,,,165.04046,M-H,-,1,0,60,,,
D-Ribonate,XIC,eTargetCompound,C5H10O6,,,ESI,5000,,0,,167.05501,M+H,+,1,0,120,,,,,189.03696,M+Na,+,1,0,60,,,,,184.08156,M+NH4,+,1,0,60,,,,,165.04046,M-H,-,1,0,60,,,
D-Xylonate,XIC,eTargetCompound,C5H10O6,,,ESI,5000,,0,,167.05501,M+H,+,1,0,120,,,,,189.03696,M+Na,+,1,0,60,,,,,184.08156,M+NH4,+,1,0,60,,,,,165.04046,M-H,-,1,0,60,,,
L-Arabinonate,XIC,eTargetCompound,C5H10O6,,,ESI,5000,,0,,167.05501,M+H,+,1,0,120,,,,,189.03696,M+Na,+,1,0,60,,,,,184.08156,M+NH4,+,1,0,60,,,,,165.04046,M-H,-,1,0,60,,,
L-Lyxonate,XIC,eTargetCompound,C5H10O6,,,ESI,5000,,0,,167.05501,M+H,+,1,0,120,,,,,189.03696,M+Na,+,1,0,60,,,,,184.08156,M+NH4,+,1,0,60,,,,,165.04046,M-H,-,1,0,60,,,
L-Xylonate,XIC,eTargetCompound,C5H10O6,,,ESI,5000,,0,,167.05501,M+H,+,1,0,120,,,,,189.03696,M+Na,+,1,0,60,,,,,184.08156,M+NH4,+,1,0,60,,,,,165.04046,M-H,-,1,0,60,,,
1-Methylxanthine,XIC,eTargetCompound,C6H6N4O2,,,ESI,5000,,0,,167.05635,M+H,+,1,0,120,,,,,189.0383,M+Na,+,1,0,60,,,,,184.0829,M+NH4,+,1,0,60,,,,,165.0418,M-H,-,1,0,60,,,
3-Methylxanthine,XIC,eTargetCompound,C6H6N4O2,,,ESI,5000,,0,,167.05635,M+H,+,1,0,120,,,,,189.0383,M+Na,+,1,0,60,,,,,184.0829,M+NH4,+,1,0,60,,,,,165.0418,M-H,-,1,0,60,,,
7-Methylxanthine,XIC,eTargetCompound,C6H6N4O2,,,ESI,5000,,0,,167.05635,M+H,+,1,0,120,,,,,189.0383,M+Na,+,1,0,60,,,,,184.0829,M+NH4,+,1,0,60,,,,,165.0418,M-H,-,1,0,60,,,
3-(2-Hydroxyphenyl)propanoate,XIC,eTargetCompound,C9H10O3,,,ESI,5000,,0,,167.07027,M+H,+,1,0,120,,,,,189.05222,M+Na,+,1,0,60,,,,,184.09682,M+NH4,+,1,0,60,,,,,165.05572,M-H,-,1,0,60,,,
3-(3-Hydroxy-phenyl)-propanoic acid,XIC,eTargetCompound,C9H10O3,,,ESI,5000,,0,,167.07027,M+H,+,1,0,120,,,,,189.05222,M+Na,+,1,0,60,,,,,184.09682,M+NH4,+,1,0,60,,,,,165.05572,M-H,-,1,0,60,,,
3-Methoxy-4-hydroxyphenylacetaldehyde,XIC,eTargetCompound,C9H10O3,,,ESI,5000,,0,,167.07027,M+H,+,1,0,120,,,,,189.05222,M+Na,+,1,0,60,,,,,184.09682,M+NH4,+,1,0,60,,,,,165.05572,M-H,-,1,0,60,,,
3-Methoxyphenylacetic acid ,XIC,eTargetCompound,C9H10O3,,,ESI,5000,,0,,167.07027,M+H,+,1,0,120,,,,,189.05222,M+Na,+,1,0,60,,,,,184.09682,M+NH4,+,1,0,60,,,,,165.05572,M-H,-,1,0,60,,,
Desaminotyrosine,XIC,eTargetCompound,C9H10O3,,,ESI,5000,,0,,167.07027,M+H,+,1,0,120,,,,,189.05222,M+Na,+,1,0,60,,,,,184.09682,M+NH4,+,1,0,60,,,,,165.05572,M-H,-,1,0,60,,,
Phenyllactate,XIC,eTargetCompound,C9H10O3,,,ESI,5000,,0,,167.07027,M+H,+,1,0,120,,,,,189.05222,M+Na,+,1,0,60,,,,,184.09682,M+NH4,+,1,0,60,,,,,165.05572,M-H,-,1,0,60,,,
Phenyllactic acid,XIC,eTargetCompound,C9H10O3,,,ESI,5000,,0,,167.07027,M+H,+,1,0,120,,,,,189.05222,M+Na,+,1,0,60,,,,,184.09682,M+NH4,+,1,0,60,,,,,165.05572,M-H,-,1,0,60,,,
Tropate,XIC,eTargetCompound,C9H10O3,,,ESI,5000,,0,,167.07027,M+H,+,1,0,120,,,,,189.05222,M+Na,+,1,0,60,,,,,184.09682,M+NH4,+,1,0,60,,,,,165.05572,M-H,-,1,0,60,,,
Veratraldehyde,XIC,eTargetCompound,C9H10O3,,,ESI,5000,,0,,167.07027,M+H,+,1,0,120,,,,,189.05222,M+Na,+,1,0,60,,,,,184.09682,M+NH4,+,1,0,60,,,,,165.05572,M-H,-,1,0,60,,,
" (+)-Bornane-2,5-dione",XIC,eTargetCompound,C10H14O2,,,ESI,5000,,0,,167.10666,M+H,+,1,0,120,,,,,189.0886,M+Na,+,1,0,60,,,,,184.13321,M+NH4,+,1,0,60,,,,,165.0921,M-H,-,1,0,60,,,
10-oxogeranial,XIC,eTargetCompound,C10H14O2,,,ESI,5000,,0,,167.10666,M+H,+,1,0,120,,,,,189.0886,M+Na,+,1,0,60,,,,,184.13321,M+NH4,+,1,0,60,,,,,165.0921,M-H,-,1,0,60,,,
Perillic acid,XIC,eTargetCompound,C10H14O2,,,ESI,5000,,0,,167.10666,M+H,+,1,0,120,,,,,189.0886,M+Na,+,1,0,60,,,,,184.13321,M+NH4,+,1,0,60,,,,,165.0921,M-H,-,1,0,60,,,
2-Mercaptobenzothiazole,XIC,eTargetCompound,C7H5NS2,,,ESI,5000,,0,,167.99362,M+H,+,1,0,120,,,,,189.97556,M+Na,+,1,0,60,,,,,185.02017,M+NH4,+,1,0,60,,,,,165.97906,M-H,-,1,0,60,,,
AQ001_Quinolinate,XIC,eTargetCompound,,,,None,0,,,,,,,,,,,,,,,,,,,,,,,,,,,,,,,,,,166.0146,M-,-,1,21.1,60,,,
Taurocyamine,XIC,eTargetCompound,C3H9N3O3S,,,ESI,5000,,0,,168.04374,M+H,+,1,0,120,,,,,190.02568,M+Na,+,1,0,60,,,,,185.07029,M+NH4,+,1,0,60,,,,,166.02919,M-H,-,1,0,60,,,
Phenylthioacetohydroximate,XIC,eTargetCompound,C8H9NOS,,,ESI,5000,,0,,168.04776,M+H,+,1,0,120,,,,,190.02971,M+Na,+,1,0,60,,,,,185.07431,M+NH4,+,1,0,60,,,,,166.03321,M-H,-,1,0,60,,,
3-Hydroxy-4-methylanthranilate,XIC,eTargetCompound,C8H9NO3,,,ESI,5000,,0,,168.06552,M+H,+,1,0,120,,,,,190.04746,M+Na,+,1,0,60,,,,,185.09207,M+NH4,+,1,0,60,,,,,166.05097,M-H,-,1,0,60,,,
D-4-Hydroxyphenylglycine,XIC,eTargetCompound,C8H9NO3,,,ESI,5000,,0,,168.06552,M+H,+,1,0,120,,,,,190.04746,M+Na,+,1,0,60,,,,,185.09207,M+NH4,+,1,0,60,,,,,166.05097,M-H,-,1,0,60,,,
Isopyridoxal,XIC,eTargetCompound,C8H9NO3,,,ESI,5000,,0,,168.06552,M+H,+,1,0,120,,,,,190.04746,M+Na,+,1,0,60,,,,,185.09207,M+NH4,+,1,0,60,,,,,166.05097,M-H,-,1,0,60,,,
Pyridoxal,XIC,eTargetCompound,C8H9NO3,,,ESI,5000,,0,,168.06552,M+H,+,1,0,120,,,,,190.04746,M+Na,+,1,0,60,,,,,185.09207,M+NH4,+,1,0,60,,,,,166.05097,M-H,-,1,0,60,,,
3-Methoxytyramine,XIC,eTargetCompound,C9H13NO2,,,ESI,5000,,0,,168.10191,M+H,+,1,0,120,,,,,190.08385,M+Na,+,1,0,60,,,,,185.12845,M+NH4,+,1,0,60,,,,,166.08735,M-H,-,1,0,60,,,
3-Sulfopyruvate,XIC,eTargetCompound,C3H4O6S,,,ESI,5000,,0,,168.98014,M+H,+,1,0,120,,,,,190.96208,M+Na,+,1,0,60,,,,,186.00668,M+NH4,+,1,0,60,,,,,166.96558,M-H,-,1,0,60,,,
3-Phosphonopyruvate,XIC,eTargetCompound,C3H5O6P,,,ESI,5000,,0,,168.98965,M+H,+,1,0,120,,,,,190.9716,M+Na,+,1,0,60,,,,,186.0162,M+NH4,+,1,0,60,,,,,166.9751,M-H,-,1,0,60,,,
Phosphoenolpyruvic acid,XIC,eTargetCompound,C3H5O6P,,,ESI,5000,,0,,168.98965,M+H,+,1,0,120,,,,,190.9716,M+Na,+,1,0,60,,,,,186.0162,M+NH4,+,1,0,60,,,,,166.9751,M-H,-,1,0,60,,,
AP002_Phosphoenolpyruvate,XIC,eTargetCompound,,,,None,0,,,,,,,,,,,,,,,,,,,,,,,,,,,,,,,,,,166.9751,M-,-,1,26.39,60,,,
2-Methylpropanoyl phosphate,XIC,eTargetCompound,C4H9O5P,,,ESI,5000,,0,,169.02604,M+H,+,1,0,120,,,,,191.00798,M+Na,+,1,0,60,,,,,186.05259,M+NH4,+,1,0,60,,,,,167.01148,M-H,-,1,0,60,,,
Butanoylphosphate,XIC,eTargetCompound,C4H9O5P,,,ESI,5000,,0,,169.02604,M+H,+,1,0,120,,,,,191.00798,M+Na,+,1,0,60,,,,,186.05259,M+NH4,+,1,0,60,,,,,167.01148,M-H,-,1,0,60,,,
Uric acid,XIC,eTargetCompound,C5H4N4O3,,,ESI,5000,,0,,169.03562,M+H,+,1,0,120,,,,,191.01756,M+Na,+,1,0,60,,,,,186.06217,M+NH4,+,1,0,60,,,,,167.02106,M-H,-,1,0,60,,,
"3,4-Dihydroxymandelaldehyde",XIC,eTargetCompound,C8H8O4,,,ESI,5000,,0,,169.04954,M+H,+,1,0,120,,,,,191.03148,M+Na,+,1,0,60,,,,,186.07608,M+NH4,+,1,0,60,,,,,167.03498,M-H,-,1,0,60,,,
"3,4-Dihydroxyphenylacetic acid",XIC,eTargetCompound,C8H8O4,,,ESI,5000,,0,,169.04954,M+H,+,1,0,120,,,,,191.03148,M+Na,+,1,0,60,,,,,186.07608,M+NH4,+,1,0,60,,,,,167.03498,M-H,-,1,0,60,,,
3-Hydroxymandelic acid,XIC,eTargetCompound,C8H8O4,,,ESI,5000,,0,,169.04954,M+H,+,1,0,120,,,,,191.03148,M+Na,+,1,0,60,,,,,186.07608,M+NH4,+,1,0,60,,,,,167.03498,M-H,-,1,0,60,,,
4-Hydroxymandelate,XIC,eTargetCompound,C8H8O4,,,ESI,5000,,0,,169.04954,M+H,+,1,0,120,,,,,191.03148,M+Na,+,1,0,60,,,,,186.07608,M+NH4,+,1,0,60,,,,,167.03498,M-H,-,1,0,60,,,
4-Hydroxymandelic acid,XIC,eTargetCompound,C8H8O4,,,ESI,5000,,0,,169.04954,M+H,+,1,0,120,,,,,191.03148,M+Na,+,1,0,60,,,,,186.07608,M+NH4,+,1,0,60,,,,,167.03498,M-H,-,1,0,60,,,
5-Methoxysalicylic acid; 2-Hydroxy-5-methoxybenzoic acid,XIC,eTargetCompound,C8H8O4,,,ESI,5000,,0,,169.04954,M+H,+,1,0,120,,,,,191.03148,M+Na,+,1,0,60,,,,,186.07608,M+NH4,+,1,0,60,,,,,167.03498,M-H,-,1,0,60,,,
Homogentisic acid,XIC,eTargetCompound,C8H8O4,,,ESI,5000,,0,,169.04954,M+H,+,1,0,120,,,,,191.03148,M+Na,+,1,0,60,,,,,186.07608,M+NH4,+,1,0,60,,,,,167.03498,M-H,-,1,0,60,,,
Isovanillic acid; 3-hydroxy-4-methoxybenzoic acid,XIC,eTargetCompound,C8H8O4,,,ESI,5000,,0,,169.04954,M+H,+,1,0,120,,,,,191.03148,M+Na,+,1,0,60,,,,,186.07608,M+NH4,+,1,0,60,,,,,167.03498,M-H,-,1,0,60,,,
Orsellinic acid,XIC,eTargetCompound,C8H8O4,,,ESI,5000,,0,,169.04954,M+H,+,1,0,120,,,,,191.03148,M+Na,+,1,0,60,,,,,186.07608,M+NH4,+,1,0,60,,,,,167.03498,M-H,-,1,0,60,,,
Vanillic acid; 3-Methoxy-4-hydroxybenzoate,XIC,eTargetCompound,C8H8O4,,,ESI,5000,,0,,169.04954,M+H,+,1,0,120,,,,,191.03148,M+Na,+,1,0,60,,,,,186.07608,M+NH4,+,1,0,60,,,,,167.03498,M-H,-,1,0,60,,,
"1,3,5-trimethoxybenzene",XIC,eTargetCompound,C9H12O3,,,ESI,5000,,0,,169.08592,M+H,+,1,0,120,,,,,191.06787,M+Na,+,1,0,60,,,,,186.11247,M+NH4,+,1,0,60,,,,,167.07137,M-H,-,1,0,60,,,
Pyridoxamine; 2-Methyl-4-aminomethyl-5-hydroxymethyl-3-Pyridinol,XIC,eTargetCompound,C8H12N2O2,,,ESI,5000,,0,,169.09715,M+H,+,1,0,120,,,,,191.0791,M+Na,+,1,0,60,,,,,186.1237,M+NH4,+,1,0,60,,,,,167.0826,M-H,-,1,0,60,,,
 (+)-exo-5-Hydroxycamphor,XIC,eTargetCompound,C10H16O2,,,ESI,5000,,0,,169.12231,M+H,+,1,0,120,,,,,191.10425,M+Na,+,1,0,60,,,,,186.14886,M+NH4,+,1,0,60,,,,,167.10775,M-H,-,1,0,60,,,
" (1S,4R)-1-Hydroxy-2-oxolimonene",XIC,eTargetCompound,C10H16O2,,,ESI,5000,,0,,169.12231,M+H,+,1,0,120,,,,,191.10425,M+Na,+,1,0,60,,,,,186.14886,M+NH4,+,1,0,60,,,,,167.10775,M-H,-,1,0,60,,,
"(3S,6R)-6-Isopropenyl-3-methyl-2-oxo-oxepanone",XIC,eTargetCompound,C10H16O2,,,ESI,5000,,0,,169.12231,M+H,+,1,0,120,,,,,191.10425,M+Na,+,1,0,60,,,,,186.14886,M+NH4,+,1,0,60,,,,,167.10775,M-H,-,1,0,60,,,
"(3S,6S)-6-Isopropenyl-3-methyl-2-oxo-oxepanone",XIC,eTargetCompound,C10H16O2,,,ESI,5000,,0,,169.12231,M+H,+,1,0,120,,,,,191.10425,M+Na,+,1,0,60,,,,,186.14886,M+NH4,+,1,0,60,,,,,167.10775,M-H,-,1,0,60,,,
"(4R,7R)-4-Isopropenyl-7-methyl-2-oxo-oxepanone",XIC,eTargetCompound,C10H16O2,,,ESI,5000,,0,,169.12231,M+H,+,1,0,120,,,,,191.10425,M+Na,+,1,0,60,,,,,186.14886,M+NH4,+,1,0,60,,,,,167.10775,M-H,-,1,0,60,,,
"(4S,7R)-4-Isopropenyl-7-methyl-2-oxo-oxepanone",XIC,eTargetCompound,C10H16O2,,,ESI,5000,,0,,169.12231,M+H,+,1,0,120,,,,,191.10425,M+Na,+,1,0,60,,,,,186.14886,M+NH4,+,1,0,60,,,,,167.10775,M-H,-,1,0,60,,,
6-Oxocineole,XIC,eTargetCompound,C10H16O2,,,ESI,5000,,0,,169.12231,M+H,+,1,0,120,,,,,191.10425,M+Na,+,1,0,60,,,,,186.14886,M+NH4,+,1,0,60,,,,,167.10775,M-H,-,1,0,60,,,
Selenocysteine,XIC,eTargetCompound,C3H7NO2Se,,,ESI,5000,,0,,169.97148,M+H,+,1,0,120,,,,,191.95342,M+Na,+,1,0,60,,,,,186.99803,M+NH4,+,1,0,60,,,,,167.95692,M-H,-,1,0,60,,,
AC007_Cysteic_acid,XIC,eTargetCompound,,,,None,0,,,,,,,,,,,,,,,,,,,,,,,,,,,,,,,,,,167.9972,M-,-,1,19,45,,,
Cysteic acid,XIC,eTargetCompound,C3H7NO5S,,,ESI,5000,,0,,170.01177,M+H,+,1,0,120,,,,,191.99371,M+Na,+,1,0,60,,,,,187.03832,M+NH4,+,1,0,60,,,,,167.99722,M-H,-,1,0,60,,,
L-Cysteate,XIC,eTargetCompound,C3H7NO5S,,,ESI,5000,,0,,170.01177,M+H,+,1,0,120,,,,,191.99371,M+Na,+,1,0,60,,,,,187.03832,M+NH4,+,1,0,60,,,,,167.99722,M-H,-,1,0,60,,,
2-Amino-3-phosphonopropanoate,XIC,eTargetCompound,C3H8NO5P,,,ESI,5000,,0,,170.02129,M+H,+,1,0,120,,,,,192.00323,M+Na,+,1,0,60,,,,,187.04783,M+NH4,+,1,0,60,,,,,168.00673,M-H,-,1,0,60,,,
3-Amino-2-oxopropyl phosphate,XIC,eTargetCompound,C3H8NO5P,,,ESI,5000,,0,,170.02129,M+H,+,1,0,120,,,,,192.00323,M+Na,+,1,0,60,,,,,187.04783,M+NH4,+,1,0,60,,,,,168.00673,M-H,-,1,0,60,,,
Glyphosate,XIC,eTargetCompound,C3H8NO5P,,,ESI,5000,,0,,170.02129,M+H,+,1,0,120,,,,,192.00323,M+Na,+,1,0,60,,,,,187.04783,M+NH4,+,1,0,60,,,,,168.00673,M-H,-,1,0,60,,,
2-Furoylglycine; Pyromucuric acid,XIC,eTargetCompound,C7H7NO4,,,ESI,5000,,0,,170.04478,M+H,+,1,0,120,,,,,192.02673,M+Na,+,1,0,60,,,,,187.07133,M+NH4,+,1,0,60,,,,,168.03023,M-H,-,1,0,60,,,
"L-2,3-Dihydrodipicolinate",XIC,eTargetCompound,C7H7NO4,,,ESI,5000,,0,,170.04478,M+H,+,1,0,120,,,,,192.02673,M+Na,+,1,0,60,,,,,187.07133,M+NH4,+,1,0,60,,,,,168.03023,M-H,-,1,0,60,,,
Norepinephrine (Noradrenaline),XIC,eTargetCompound,C8H11NO3,,,ESI,5000,,0,,170.08117,M+H,+,1,0,120,,,,,192.06311,M+Na,+,1,0,60,,,,,187.10772,M+NH4,+,1,0,60,,,,,168.06662,M-H,-,1,0,60,,,
Pyridoxine; Gravidox,XIC,eTargetCompound,C8H11NO3,,,ESI,5000,,0,,170.08117,M+H,+,1,0,120,,,,,192.06311,M+Na,+,1,0,60,,,,,187.10772,M+NH4,+,1,0,60,,,,,168.06662,M-H,-,1,0,60,,,
1-Methylhistidine,XIC,eTargetCompound,C7H11N3O2,,,ESI,5000,,0,,170.0924,M+H,+,1,0,120,,,,,192.07435,M+Na,+,1,0,60,,,,,187.11895,M+NH4,+,1,0,60,,,,,168.07785,M-H,-,1,0,60,,,
3-Methylhistidine,XIC,eTargetCompound,C7H11N3O2,,,ESI,5000,,0,,170.0924,M+H,+,1,0,120,,,,,192.07435,M+Na,+,1,0,60,,,,,187.11895,M+NH4,+,1,0,60,,,,,168.07785,M-H,-,1,0,60,,,
a-Methylhistidine,XIC,eTargetCompound,C7H11N3O2,,,ESI,5000,,0,,170.0924,M+H,+,1,0,120,,,,,192.07435,M+Na,+,1,0,60,,,,,187.11895,M+NH4,+,1,0,60,,,,,168.07785,M-H,-,1,0,60,,,
4-Aminobiphenyl,XIC,eTargetCompound,C12H11N,,,ESI,5000,,0,,170.09643,M+H,+,1,0,120,,,,,192.07837,M+Na,+,1,0,60,,,,,187.12298,M+NH4,+,1,0,60,,,,,168.08187,M-H,-,1,0,60,,,
Diphenylamine,XIC,eTargetCompound,C12H11N,,,ESI,5000,,0,,170.09643,M+H,+,1,0,120,,,,,192.07837,M+Na,+,1,0,60,,,,,187.12298,M+NH4,+,1,0,60,,,,,168.08187,M-H,-,1,0,60,,,
(2R)-3-Sulfolactate,XIC,eTargetCompound,C3H6O6S,,,ESI,5000,,0,,170.99579,M+H,+,1,0,120,,,,,192.97773,M+Na,+,1,0,60,,,,,188.02233,M+NH4,+,1,0,60,,,,,168.98123,M-H,-,1,0,60,,,
(R)-2-O-sulfolactate,XIC,eTargetCompound,C3H6O6S,,,ESI,5000,,0,,170.99579,M+H,+,1,0,120,,,,,192.97773,M+Na,+,1,0,60,,,,,188.02233,M+NH4,+,1,0,60,,,,,168.98123,M-H,-,1,0,60,,,
(S)-2-O-Sulfolactate,XIC,eTargetCompound,C3H6O6S,,,ESI,5000,,0,,170.99579,M+H,+,1,0,120,,,,,192.97773,M+Na,+,1,0,60,,,,,188.02233,M+NH4,+,1,0,60,,,,,168.98123,M-H,-,1,0,60,,,
3-Sulfolactate,XIC,eTargetCompound,C3H6O6S,,,ESI,5000,,0,,170.99579,M+H,+,1,0,120,,,,,192.97773,M+Na,+,1,0,60,,,,,188.02233,M+NH4,+,1,0,60,,,,,168.98123,M-H,-,1,0,60,,,
AD001_DHAP,XIC,eTargetCompound,,,,None,0,,,,,,,,,,,,,,,,,,,,,,,,,,,,,,,,,,168.9907,M-,-,1,34.88,60,,,
(2R)-2-Hydroxy-3-(phosphonooxy)-propanal,XIC,eTargetCompound,C3H7O6P,,,ESI,5000,,0,,171.0053,M+H,+,1,0,120,,,,,192.98725,M+Na,+,1,0,60,,,,,188.03185,M+NH4,+,1,0,60,,,,,168.99075,M-H,-,1,0,60,,,
Dihydroxyacetone phosphate,XIC,eTargetCompound,C3H7O6P,,,ESI,5000,,0,,171.0053,M+H,+,1,0,120,,,,,192.98725,M+Na,+,1,0,60,,,,,188.03185,M+NH4,+,1,0,60,,,,,168.99075,M-H,-,1,0,60,,,
DL-Glyceraldehyde 3-phosphate,XIC,eTargetCompound,C3H7O6P,,,ESI,5000,,0,,171.0053,M+H,+,1,0,120,,,,,192.98725,M+Na,+,1,0,60,,,,,188.03185,M+NH4,+,1,0,60,,,,,168.99075,M-H,-,1,0,60,,,
AG010_DL-G3P,XIC,eTargetCompound,,,,None,0,,,,,,,,,,,,,,,,,,,,,,,,,,,,,,,,,,168.9908,M-,-,1,18.55,60,,,
4-Chlorophenylacetate,XIC,eTargetCompound,C8H7O2Cl,,,ESI,5000,,0,,171.02073,M+H,+,1,0,120,,,,,193.00268,M+Na,+,1,0,60,,,,,188.04728,M+NH4,+,1,0,60,,,,,169.00618,M-H,-,1,0,60,,,
Gallic acid ,XIC,eTargetCompound,C7H6O5,,,ESI,5000,,0,,171.0288,M+H,+,1,0,120,,,,,193.01074,M+Na,+,1,0,60,,,,,188.05535,M+NH4,+,1,0,60,,,,,169.01425,M-H,-,1,0,60,,,
5-Ureido-4-imidazole carboxylate,XIC,eTargetCompound,C5H6N4O3,,,ESI,5000,,0,,171.05127,M+H,+,1,0,120,,,,,193.03321,M+Na,+,1,0,60,,,,,188.07782,M+NH4,+,1,0,60,,,,,169.03671,M-H,-,1,0,60,,,
"3,4-Dihydroxyphenylethylene glycol",XIC,eTargetCompound,C8H10O4,,,ESI,5000,,0,,171.06519,M+H,+,1,0,120,,,,,193.04713,M+Na,+,1,0,60,,,,,188.09173,M+NH4,+,1,0,60,,,,,169.05063,M-H,-,1,0,60,,,
"3,4-Dihydroxyphenylethyleneglycol",XIC,eTargetCompound,C8H10O4,,,ESI,5000,,0,,171.06519,M+H,+,1,0,120,,,,,193.04713,M+Na,+,1,0,60,,,,,188.09173,M+NH4,+,1,0,60,,,,,169.05063,M-H,-,1,0,60,,,
" Limonene-1,2-diol",XIC,eTargetCompound,C10H18O2,,,ESI,5000,,0,,171.13796,M+H,+,1,0,120,,,,,193.1199,M+Na,+,1,0,60,,,,,188.16451,M+NH4,+,1,0,60,,,,,169.1234,M-H,-,1,0,60,,,
"(4R,7S)-7-isopropyl-4-methyloxepan-2-one",XIC,eTargetCompound,C10H18O2,,,ESI,5000,,0,,171.13796,M+H,+,1,0,120,,,,,193.1199,M+Na,+,1,0,60,,,,,188.16451,M+NH4,+,1,0,60,,,,,169.1234,M-H,-,1,0,60,,,
"(E)-3,7-Dimethylocta-1,6-diene-3,8-diol",XIC,eTargetCompound,C10H18O2,,,ESI,5000,,0,,171.13796,M+H,+,1,0,120,,,,,193.1199,M+Na,+,1,0,60,,,,,188.16451,M+NH4,+,1,0,60,,,,,169.1234,M-H,-,1,0,60,,,
10-hydroxygeraniol,XIC,eTargetCompound,C10H18O2,,,ESI,5000,,0,,171.13796,M+H,+,1,0,120,,,,,193.1199,M+Na,+,1,0,60,,,,,188.16451,M+NH4,+,1,0,60,,,,,169.1234,M-H,-,1,0,60,,,
6-endo-Hydroxycineole,XIC,eTargetCompound,C10H18O2,,,ESI,5000,,0,,171.13796,M+H,+,1,0,120,,,,,193.1199,M+Na,+,1,0,60,,,,,188.16451,M+NH4,+,1,0,60,,,,,169.1234,M-H,-,1,0,60,,,
2-Undecanone,XIC,eTargetCompound,C11H22O,,,ESI,5000,,0,,171.17434,M+H,+,1,0,120,,,,,193.15629,M+Na,+,1,0,60,,,,,188.20089,M+NH4,+,1,0,60,,,,,169.15979,M-H,-,1,0,60,,,
Dodecane,XIC,eTargetCompound,C12H26,,,ESI,5000,,0,,171.21073,M+H,+,1,0,120,,,,,193.19267,M+Na,+,1,0,60,,,,,188.23728,M+NH4,+,1,0,60,,,,,169.19617,M-H,-,1,0,60,,,
phosphoglycolohydroxamate,XIC,eTargetCompound,C2H6NO6P,,,ESI,5000,,0,,172.00055,M+H,+,1,0,120,,,,,193.98249,M+Na,+,1,0,60,,,,,189.0271,M+NH4,+,1,0,60,,,,,169.986,M-H,-,1,0,60,,,
"2,3,4,5-Tetrahydrodipicolinate",XIC,eTargetCompound,C7H9NO4,,,ESI,5000,,0,,172.06043,M+H,+,1,0,120,,,,,194.04238,M+Na,+,1,0,60,,,,,189.08698,M+NH4,+,1,0,60,,,,,170.04588,M-H,-,1,0,60,,,
AminoDHS,XIC,eTargetCompound,C7H9NO4,,,ESI,5000,,0,,172.06043,M+H,+,1,0,120,,,,,194.04238,M+Na,+,1,0,60,,,,,189.08698,M+NH4,+,1,0,60,,,,,170.04588,M-H,-,1,0,60,,,
N-Butyryl-L-homoserine lactone,XIC,eTargetCompound,C8H13NO3,,,ESI,5000,,0,,172.09682,M+H,+,1,0,120,,,,,194.07876,M+Na,+,1,0,60,,,,,189.12337,M+NH4,+,1,0,60,,,,,170.08227,M-H,-,1,0,60,,,
Benzenamine sulfate,XIC,eTargetCompound,C6H6NO3S,,,ESI,5000,,0,,173.01412,M+H,+,1,0,120,,,,,194.99606,M+Na,+,1,0,60,,,,,190.04066,M+NH4,+,1,0,60,,,,,170.99956,M-H,-,1,0,60,,,
beta-Glycerophosphoric acid,XIC,eTargetCompound,C3H9O6P,,,ESI,5000,,0,,173.02095,M+H,+,1,0,120,,,,,195.0029,M+Na,+,1,0,60,,,,,190.0475,M+NH4,+,1,0,60,,,,,171.0064,M-H,-,1,0,60,,,
Glycerol 3-phosphate ; DL-alpha-Glycerol phosphate,XIC,eTargetCompound,C3H9O6P,,,ESI,5000,,0,,173.02095,M+H,+,1,0,120,,,,,195.0029,M+Na,+,1,0,60,,,,,190.0475,M+NH4,+,1,0,60,,,,,171.0064,M-H,-,1,0,60,,,
sn-Glycerol 3-phosphate,XIC,eTargetCompound,C3H9O6P,,,ESI,5000,,0,,173.02095,M+H,+,1,0,120,,,,,195.0029,M+Na,+,1,0,60,,,,,190.0475,M+NH4,+,1,0,60,,,,,171.0064,M-H,-,1,0,60,,,
sn-glycerol-1-phosphate,XIC,eTargetCompound,C3H9O6P,,,ESI,5000,,0,,173.02095,M+H,+,1,0,120,,,,,195.0029,M+Na,+,1,0,60,,,,,190.0475,M+NH4,+,1,0,60,,,,,171.0064,M-H,-,1,0,60,,,
AG003_Glycerol_3-phosphate,XIC,eTargetCompound,,,,None,0,,,,,,,,,,,,,,,,,,,,,,,,,,,,,,,,,,171.0064,M-,-,1,14.93,50,,,
"2-Hydroxyhepta-2,4-dienedioate",XIC,eTargetCompound,C7H8O5,,,ESI,5000,,0,,173.04445,M+H,+,1,0,120,,,,,195.02639,M+Na,+,1,0,60,,,,,190.071,M+NH4,+,1,0,60,,,,,171.0299,M-H,-,1,0,60,,,
2-Oxohept-3-enedioate,XIC,eTargetCompound,C7H8O5,,,ESI,5000,,0,,173.04445,M+H,+,1,0,120,,,,,195.02639,M+Na,+,1,0,60,,,,,190.071,M+NH4,+,1,0,60,,,,,171.0299,M-H,-,1,0,60,,,
3-Dehydroshikimate,XIC,eTargetCompound,C7H8O5,,,ESI,5000,,0,,173.04445,M+H,+,1,0,120,,,,,195.02639,M+Na,+,1,0,60,,,,,190.071,M+NH4,+,1,0,60,,,,,171.0299,M-H,-,1,0,60,,,
Hydantoin-5-propionate,XIC,eTargetCompound,C6H8N2O4,,,ESI,5000,,0,,173.05568,M+H,+,1,0,120,,,,,195.03763,M+Na,+,1,0,60,,,,,190.08223,M+NH4,+,1,0,60,,,,,171.04113,M-H,-,1,0,60,,,
Gly-Pro (Glycylproline),XIC,eTargetCompound,C7H12N2O3,,,ESI,5000,,0,,173.09207,M+H,+,1,0,120,,,,,195.07401,M+Na,+,1,0,60,,,,,190.11862,M+NH4,+,1,0,60,,,,,171.07752,M-H,-,1,0,60,,,
L-prolyl-L-glycine; Prolylglycine,XIC,eTargetCompound,C7H12N2O3,,,ESI,5000,,0,,173.09207,M+H,+,1,0,120,,,,,195.07401,M+Na,+,1,0,60,,,,,190.11862,M+NH4,+,1,0,60,,,,,171.07752,M-H,-,1,0,60,,,
9-Oxononanoic acid,XIC,eTargetCompound,C9H16O3,,,ESI,5000,,0,,173.11722,M+H,+,1,0,120,,,,,195.09917,M+Na,+,1,0,60,,,,,190.14377,M+NH4,+,1,0,60,,,,,171.10267,M-H,-,1,0,60,,,
"1,4-Diguanidinobutane",XIC,eTargetCompound,C6H16N6,,,ESI,5000,,0,,173.15092,M+H,+,1,0,120,,,,,195.13287,M+Na,+,1,0,60,,,,,190.17747,M+NH4,+,1,0,60,,,,,171.13637,M-H,-,1,0,60,,,
Decanoic acid,XIC,eTargetCompound,C10H20O2,,,ESI,5000,,0,,173.15361,M+H,+,1,0,120,,,,,195.13555,M+Na,+,1,0,60,,,,,190.18016,M+NH4,+,1,0,60,,,,,171.13905,M-H,-,1,0,60,,,
"p-Menthane-3,8-diol",XIC,eTargetCompound,C10H20O2,,,ESI,5000,,0,,173.15361,M+H,+,1,0,120,,,,,195.13555,M+Na,+,1,0,60,,,,,190.18016,M+NH4,+,1,0,60,,,,,171.13905,M-H,-,1,0,60,,,
"N6,N6,N6-Trimethyl-L-lysine",XIC,eTargetCompound,C9H20N2O,,,ESI,5000,,0,,173.16484,M+H,+,1,0,120,,,,,195.14678,M+Na,+,1,0,60,,,,,190.19139,M+NH4,+,1,0,60,,,,,171.15029,M-H,-,1,0,60,,,
4-Quinolinecarboxylic acid,XIC,eTargetCompound,C10H7NO2,,,ESI,5000,,0,,174.05496,M+H,+,1,0,120,,,,,196.0369,M+Na,+,1,0,60,,,,,191.0815,M+NH4,+,1,0,60,,,,,172.0404,M-H,-,1,0,60,,,
Quinaldic acid,XIC,eTargetCompound,C10H7NO2,,,ESI,5000,,0,,174.05496,M+H,+,1,0,120,,,,,196.0369,M+Na,+,1,0,60,,,,,191.0815,M+NH4,+,1,0,60,,,,,172.0404,M-H,-,1,0,60,,,
Quinolinic acid,XIC,eTargetCompound,C10H7NO2,,,ESI,5000,,0,,174.05496,M+H,+,1,0,120,,,,,196.0369,M+Na,+,1,0,60,,,,,191.0815,M+NH4,+,1,0,60,,,,,172.0404,M-H,-,1,0,60,,,
N-Acetyl-L-glutamate 5-semialdehyde,XIC,eTargetCompound,C7H11NO4,,,ESI,5000,,0,,174.07608,M+H,+,1,0,120,,,,,196.05803,M+Na,+,1,0,60,,,,,191.10263,M+NH4,+,1,0,60,,,,,172.06153,M-H,-,1,0,60,,,
5-Guanidino-2-oxopentanoate,XIC,eTargetCompound,C6H11N3O3,,,ESI,5000,,0,,174.08732,M+H,+,1,0,120,,,,,196.06926,M+Na,+,1,0,60,,,,,191.11387,M+NH4,+,1,0,60,,,,,172.07276,M-H,-,1,0,60,,,
Hexanoylglycine,XIC,eTargetCompound,C8H15NO3,,,ESI,5000,,0,,174.11247,M+H,+,1,0,120,,,,,196.09441,M+Na,+,1,0,60,,,,,191.13902,M+NH4,+,1,0,60,,,,,172.09792,M-H,-,1,0,60,,,
N-Acetyl-D-allo-isoleucine,XIC,eTargetCompound,C8H15NO3,,,ESI,5000,,0,,174.11247,M+H,+,1,0,120,,,,,196.09441,M+Na,+,1,0,60,,,,,191.13902,M+NH4,+,1,0,60,,,,,172.09792,M-H,-,1,0,60,,,
N-Acetyl-L-leucine,XIC,eTargetCompound,C8H15NO3,,,ESI,5000,,0,,174.11247,M+H,+,1,0,120,,,,,196.09441,M+Na,+,1,0,60,,,,,191.13902,M+NH4,+,1,0,60,,,,,172.09792,M-H,-,1,0,60,,,
L-Indospicine,XIC,eTargetCompound,C7H15N3O2,,,ESI,5000,,0,,174.1237,M+H,+,1,0,120,,,,,196.10565,M+Na,+,1,0,60,,,,,191.15025,M+NH4,+,1,0,60,,,,,172.10915,M-H,-,1,0,60,,,
Phenylmethanesulfonyl fluoride,XIC,eTargetCompound,C7H7O2SF,,,ESI,5000,,0,,175.02235,M+H,+,1,0,120,,,,,197.0043,M+Na,+,1,0,60,,,,,192.0489,M+NH4,+,1,0,60,,,,,173.0078,M-H,-,1,0,60,,,
AA001_cis-Aconitate,XIC,eTargetCompound,,,,None,0,,,,,,,,,,,,,,,,,,,,,,,,,,,,,,,,,,173.0091,M-,-,1,29.15,40,,,
cis-Aconitic acid,XIC,eTargetCompound,C6H6O6,,,ESI,5000,,0,,175.02371,M+H,+,1,0,120,,,,,197.00566,M+Na,+,1,0,60,,,,,192.05026,M+NH4,+,1,0,60,,,,,173.00916,M-H,-,1,0,60,,,
L-Dehydroascorbate,XIC,eTargetCompound,C6H6O6,,,ESI,5000,,0,,175.02371,M+H,+,1,0,120,,,,,197.00566,M+Na,+,1,0,60,,,,,192.05026,M+NH4,+,1,0,60,,,,,173.00916,M-H,-,1,0,60,,,
trans-Aconitic acid,XIC,eTargetCompound,C6H6O6,,,ESI,5000,,0,,175.02371,M+H,+,1,0,120,,,,,197.00566,M+Na,+,1,0,60,,,,,192.05026,M+NH4,+,1,0,60,,,,,173.00916,M-H,-,1,0,60,,,
"5-Hydroxy-1,4-naphthoquinone",XIC,eTargetCompound,C10H6O3,,,ESI,5000,,0,,175.03897,M+H,+,1,0,120,,,,,197.02092,M+Na,+,1,0,60,,,,,192.06552,M+NH4,+,1,0,60,,,,,173.02442,M-H,-,1,0,60,,,
Lawsone,XIC,eTargetCompound,C10H6O3,,,ESI,5000,,0,,175.03897,M+H,+,1,0,120,,,,,197.02092,M+Na,+,1,0,60,,,,,192.06552,M+NH4,+,1,0,60,,,,,173.02442,M-H,-,1,0,60,,,
(2S)-2-Isopropyl-3-oxosuccinate,XIC,eTargetCompound,C7H10O5,,,ESI,5000,,0,,175.0601,M+H,+,1,0,120,,,,,197.04204,M+Na,+,1,0,60,,,,,192.08665,M+NH4,+,1,0,60,,,,,173.04555,M-H,-,1,0,60,,,
2-oxopimelate,XIC,eTargetCompound,C7H10O5,,,ESI,5000,,0,,175.0601,M+H,+,1,0,120,,,,,197.04204,M+Na,+,1,0,60,,,,,192.08665,M+NH4,+,1,0,60,,,,,173.04555,M-H,-,1,0,60,,,
Shikimate,XIC,eTargetCompound,C7H10O5,,,ESI,5000,,0,,175.0601,M+H,+,1,0,120,,,,,197.04204,M+Na,+,1,0,60,,,,,192.08665,M+NH4,+,1,0,60,,,,,173.04555,M-H,-,1,0,60,,,
formyl-isoglutamine,XIC,eTargetCompound,C6H10N2O4,,,ESI,5000,,0,,175.07133,M+H,+,1,0,120,,,,,197.05328,M+Na,+,1,0,60,,,,,192.09788,M+NH4,+,1,0,60,,,,,173.05678,M-H,-,1,0,60,,,
N-Acetyl-L-asparagine; alfa-Acetyl-L-asparagine,XIC,eTargetCompound,C6H10N2O4,,,ESI,5000,,0,,175.07133,M+H,+,1,0,120,,,,,197.05328,M+Na,+,1,0,60,,,,,192.09788,M+NH4,+,1,0,60,,,,,173.05678,M-H,-,1,0,60,,,
N-Formimino-L-glutamate,XIC,eTargetCompound,C6H10N2O4,,,ESI,5000,,0,,175.07133,M+H,+,1,0,120,,,,,197.05328,M+Na,+,1,0,60,,,,,192.09788,M+NH4,+,1,0,60,,,,,173.05678,M-H,-,1,0,60,,,
"1,8-Dihydroxy-3-methylnaphthalene",XIC,eTargetCompound,C11H10O2,,,ESI,5000,,0,,175.07536,M+H,+,1,0,120,,,,,197.0573,M+Na,+,1,0,60,,,,,192.10191,M+NH4,+,1,0,60,,,,,173.0608,M-H,-,1,0,60,,,
Indole-3-acetaldoxime,XIC,eTargetCompound,C10H10N2O,,,ESI,5000,,0,,175.08659,M+H,+,1,0,120,,,,,197.06853,M+Na,+,1,0,60,,,,,192.11314,M+NH4,+,1,0,60,,,,,173.07204,M-H,-,1,0,60,,,
Indole-3-acetamide,XIC,eTargetCompound,C10H10N2O,,,ESI,5000,,0,,175.08659,M+H,+,1,0,120,,,,,197.06853,M+Na,+,1,0,60,,,,,192.11314,M+NH4,+,1,0,60,,,,,173.07204,M-H,-,1,0,60,,,
Suberic acid,XIC,eTargetCompound,C8H14O4,,,ESI,5000,,0,,175.09649,M+H,+,1,0,120,,,,,197.07843,M+Na,+,1,0,60,,,,,192.12303,M+NH4,+,1,0,60,,,,,173.08193,M-H,-,1,0,60,,,
N5-Ethyl-L-glutamine,XIC,eTargetCompound,C7H14N2O3,,,ESI,5000,,0,,175.10772,M+H,+,1,0,120,,,,,197.08966,M+Na,+,1,0,60,,,,,192.13427,M+NH4,+,1,0,60,,,,,173.09317,M-H,-,1,0,60,,,
N-Acetylornithine,XIC,eTargetCompound,C7H14N2O3,,,ESI,5000,,0,,175.10772,M+H,+,1,0,120,,,,,197.08966,M+Na,+,1,0,60,,,,,192.13427,M+NH4,+,1,0,60,,,,,173.09317,M-H,-,1,0,60,,,
D-Arginine,XIC,eTargetCompound,C6H14N4O2,,,ESI,5000,,0,,175.11895,M+H,+,1,0,120,,,,,197.1009,M+Na,+,1,0,60,,,,,192.1455,M+NH4,+,1,0,60,,,,,173.1044,M-H,-,1,0,60,,,
L-Arginine,XIC,eTargetCompound,C6H14N4O2,,,ESI,5000,,0,,175.11895,M+H,+,1,0,120,,,,,197.1009,M+Na,+,1,0,60,,,,,192.1455,M+NH4,+,1,0,60,,,,,173.1044,M-H,-,1,0,60,,,
Gramine,XIC,eTargetCompound,C11H14N2,,,ESI,5000,,0,,175.12298,M+H,+,1,0,120,,,,,197.10492,M+Na,+,1,0,60,,,,,192.14952,M+NH4,+,1,0,60,,,,,173.10842,M-H,-,1,0,60,,,
N-Methyltryptamine,XIC,eTargetCompound,C11H14N2,,,ESI,5000,,0,,175.12298,M+H,+,1,0,120,,,,,197.10492,M+Na,+,1,0,60,,,,,192.14952,M+NH4,+,1,0,60,,,,,173.10842,M-H,-,1,0,60,,,
N-Methyltryptamine; 1-Methyl-2-(3-indolyl)ethylamine,XIC,eTargetCompound,C11H14N2,,,ESI,5000,,0,,175.12298,M+H,+,1,0,120,,,,,197.10492,M+Na,+,1,0,60,,,,,192.14952,M+NH4,+,1,0,60,,,,,173.10842,M-H,-,1,0,60,,,
Monodehydroascorbate,XIC,eTargetCompound,C6H7O6,,,ESI,5000,,0,,176.03154,M+H,+,1,0,120,,,,,198.01348,M+Na,+,1,0,60,,,,,193.05809,M+NH4,+,1,0,60,,,,,174.01699,M-H,-,1,0,60,,,
"[FA amino,oxo(6:0/2:0)] 2-amino-3-oxo-hexanedioic acid",XIC,eTargetCompound,C6H9NO5,,,ESI,5000,,0,,176.05535,M+H,+,1,0,120,,,,,198.03729,M+Na,+,1,0,60,,,,,193.0819,M+NH4,+,1,0,60,,,,,174.0408,M-H,-,1,0,60,,,
N-Acetyl-L-aspartate,XIC,eTargetCompound,C6H9NO5,,,ESI,5000,,0,,176.05535,M+H,+,1,0,120,,,,,198.03729,M+Na,+,1,0,60,,,,,193.0819,M+NH4,+,1,0,60,,,,,174.0408,M-H,-,1,0,60,,,
N-Acetyl-L-aspartic acid,XIC,eTargetCompound,C6H9NO5,,,ESI,5000,,0,,176.05535,M+H,+,1,0,120,,,,,198.03729,M+Na,+,1,0,60,,,,,193.0819,M+NH4,+,1,0,60,,,,,174.0408,M-H,-,1,0,60,,,
N-Formyl-L-glutamate,XIC,eTargetCompound,C6H9NO5,,,ESI,5000,,0,,176.05535,M+H,+,1,0,120,,,,,198.03729,M+Na,+,1,0,60,,,,,193.0819,M+NH4,+,1,0,60,,,,,174.0408,M-H,-,1,0,60,,,
AA011_N-Acetylaspartate,XIC,eTargetCompound,,,,None,0,,,,,,,,,,,,,,,,,,,,,,,,,,,,,,,,,,174.0408,M-,-,1,15.61,60,,,
7-Cyano-7-deazaguanine,XIC,eTargetCompound,C7H5N5O,,,ESI,5000,,0,,176.05669,M+H,+,1,0,120,,,,,198.03863,M+Na,+,1,0,60,,,,,193.08324,M+NH4,+,1,0,60,,,,,174.04213,M-H,-,1,0,60,,,
N-Amidino-L-aspartate,XIC,eTargetCompound,C5H9N3O4,,,ESI,5000,,0,,176.06658,M+H,+,1,0,120,,,,,198.04853,M+Na,+,1,0,60,,,,,193.09313,M+NH4,+,1,0,60,,,,,174.05203,M-H,-,1,0,60,,,
3-hydroxy-2-methyl-1H-quinolin-4-one,XIC,eTargetCompound,C10H9NO2,,,ESI,5000,,0,,176.07061,M+H,+,1,0,120,,,,,198.05255,M+Na,+,1,0,60,,,,,193.09715,M+NH4,+,1,0,60,,,,,174.05605,M-H,-,1,0,60,,,
3-Indoleglycolaldehyde,XIC,eTargetCompound,C10H9NO2,,,ESI,5000,,0,,176.07061,M+H,+,1,0,120,,,,,198.05255,M+Na,+,1,0,60,,,,,193.09715,M+NH4,+,1,0,60,,,,,174.05605,M-H,-,1,0,60,,,
5-Hydroxyindoleacetaldehyde,XIC,eTargetCompound,C10H9NO2,,,ESI,5000,,0,,176.07061,M+H,+,1,0,120,,,,,198.05255,M+Na,+,1,0,60,,,,,193.09715,M+NH4,+,1,0,60,,,,,174.05605,M-H,-,1,0,60,,,
Indoleacetic acid,XIC,eTargetCompound,C10H9NO2,,,ESI,5000,,0,,176.07061,M+H,+,1,0,120,,,,,198.05255,M+Na,+,1,0,60,,,,,193.09715,M+NH4,+,1,0,60,,,,,174.05605,M-H,-,1,0,60,,,
N-Acetylindoxyl,XIC,eTargetCompound,C10H9NO2,,,ESI,5000,,0,,176.07061,M+H,+,1,0,120,,,,,198.05255,M+Na,+,1,0,60,,,,,193.09715,M+NH4,+,1,0,60,,,,,174.05605,M-H,-,1,0,60,,,
L(+)-Citrulline; 2-Amino-5-uredovalerate,XIC,eTargetCompound,C6H13N3O3,,,ESI,5000,,0,,176.10297,M+H,+,1,0,120,,,,,198.08491,M+Na,+,1,0,60,,,,,193.12952,M+NH4,+,1,0,60,,,,,174.08841,M-H,-,1,0,60,,,
7-methylthioheptanaldoxime,XIC,eTargetCompound,C8H17NOS,,,ESI,5000,,0,,176.11036,M+H,+,1,0,120,,,,,198.09231,M+Na,+,1,0,60,,,,,193.13691,M+NH4,+,1,0,60,,,,,174.09581,M-H,-,1,0,60,,,
Debrisoquin,XIC,eTargetCompound,C10H13N3,,,ESI,5000,,0,,176.11822,M+H,+,1,0,120,,,,,198.10017,M+Na,+,1,0,60,,,,,193.14477,M+NH4,+,1,0,60,,,,,174.10367,M-H,-,1,0,60,,,
"(4S)-4,6-Dihydroxy-2,5-dioxohexanoate",XIC,eTargetCompound,C6H8O6,,,ESI,5000,,0,,177.03936,M+H,+,1,0,120,,,,,199.02131,M+Na,+,1,0,60,,,,,194.06591,M+NH4,+,1,0,60,,,,,175.02481,M-H,-,1,0,60,,,
"(4S,5S)-4,5-Dihydroxy-2,6-dioxohexanoate",XIC,eTargetCompound,C6H8O6,,,ESI,5000,,0,,177.03936,M+H,+,1,0,120,,,,,199.02131,M+Na,+,1,0,60,,,,,194.06591,M+NH4,+,1,0,60,,,,,175.02481,M-H,-,1,0,60,,,
2-Hydroxy-3-oxoadipate,XIC,eTargetCompound,C6H8O6,,,ESI,5000,,0,,177.03936,M+H,+,1,0,120,,,,,199.02131,M+Na,+,1,0,60,,,,,194.06591,M+NH4,+,1,0,60,,,,,175.02481,M-H,-,1,0,60,,,
5-Dehydro-4-deoxy-D-glucuronate,XIC,eTargetCompound,C6H8O6,,,ESI,5000,,0,,177.03936,M+H,+,1,0,120,,,,,199.02131,M+Na,+,1,0,60,,,,,194.06591,M+NH4,+,1,0,60,,,,,175.02481,M-H,-,1,0,60,,,
Ascorbic acid,XIC,eTargetCompound,C6H8O6,,,ESI,5000,,0,,177.03936,M+H,+,1,0,120,,,,,199.02131,M+Na,+,1,0,60,,,,,194.06591,M+NH4,+,1,0,60,,,,,175.02481,M-H,-,1,0,60,,,
D-(+)-Glucuronic acid gamma-lactone,XIC,eTargetCompound,C6H8O6,,,ESI,5000,,0,,177.03936,M+H,+,1,0,120,,,,,199.02131,M+Na,+,1,0,60,,,,,194.06591,M+NH4,+,1,0,60,,,,,175.02481,M-H,-,1,0,60,,,
"D-Glucurono-6,2-lactone",XIC,eTargetCompound,C6H8O6,,,ESI,5000,,0,,177.03936,M+H,+,1,0,120,,,,,199.02131,M+Na,+,1,0,60,,,,,194.06591,M+NH4,+,1,0,60,,,,,175.02481,M-H,-,1,0,60,,,
L-xylo-Hexulonolactone,XIC,eTargetCompound,C6H8O6,,,ESI,5000,,0,,177.03936,M+H,+,1,0,120,,,,,199.02131,M+Na,+,1,0,60,,,,,194.06591,M+NH4,+,1,0,60,,,,,175.02481,M-H,-,1,0,60,,,
AC002_Carbamoyl-DL-aspartic_acid,XIC,eTargetCompound,,,,None,0,,,,,,,,,,,,,,,,,,,,,,,,,,,,,,,,,,175.036,M-,-,1,16.67,80,,,
"N3-Oxalyl-L-2,3-diaminopropanoate",XIC,eTargetCompound,C5H8N2O5,,,ESI,5000,,0,,177.0506,M+H,+,1,0,120,,,,,199.03254,M+Na,+,1,0,60,,,,,194.07715,M+NH4,+,1,0,60,,,,,175.03604,M-H,-,1,0,60,,,
N-Carbamoyl-L-aspartate,XIC,eTargetCompound,C5H8N2O5,,,ESI,5000,,0,,177.0506,M+H,+,1,0,120,,,,,199.03254,M+Na,+,1,0,60,,,,,194.07715,M+NH4,+,1,0,60,,,,,175.03604,M-H,-,1,0,60,,,
"1,3,8-Naphthalenertriol",XIC,eTargetCompound,C10H8O3,,,ESI,5000,,0,,177.05462,M+H,+,1,0,120,,,,,199.03657,M+Na,+,1,0,60,,,,,194.08117,M+NH4,+,1,0,60,,,,,175.04007,M-H,-,1,0,60,,,
Herniarin,XIC,eTargetCompound,C10H8O3,,,ESI,5000,,0,,177.05462,M+H,+,1,0,120,,,,,199.03657,M+Na,+,1,0,60,,,,,194.08117,M+NH4,+,1,0,60,,,,,175.04007,M-H,-,1,0,60,,,
Allantoate,XIC,eTargetCompound,C4H8N4O4,,,ESI,5000,,0,,177.06183,M+H,+,1,0,120,,,,,199.04378,M+Na,+,1,0,60,,,,,194.08838,M+NH4,+,1,0,60,,,,,175.04728,M-H,-,1,0,60,,,
4-Hydroxyaminoquinoline N-oxide,XIC,eTargetCompound,C9H8N2O2,,,ESI,5000,,0,,177.06585,M+H,+,1,0,120,,,,,199.0478,M+Na,+,1,0,60,,,,,194.0924,M+NH4,+,1,0,60,,,,,175.0513,M-H,-,1,0,60,,,
"(2R,3S)-3-Isopropylmalate",XIC,eTargetCompound,C7H12O5,,,ESI,5000,,0,,177.07575,M+H,+,1,0,120,,,,,199.05769,M+Na,+,1,0,60,,,,,194.1023,M+NH4,+,1,0,60,,,,,175.0612,M-H,-,1,0,60,,,
2-Isopropylmalic acid,XIC,eTargetCompound,C7H12O5,,,ESI,5000,,0,,177.07575,M+H,+,1,0,120,,,,,199.05769,M+Na,+,1,0,60,,,,,194.1023,M+NH4,+,1,0,60,,,,,175.0612,M-H,-,1,0,60,,,
3-Isopropylmalic acid,XIC,eTargetCompound,C7H12O5,,,ESI,5000,,0,,177.07575,M+H,+,1,0,120,,,,,199.05769,M+Na,+,1,0,60,,,,,194.1023,M+NH4,+,1,0,60,,,,,175.0612,M-H,-,1,0,60,,,
3-Propylmalate,XIC,eTargetCompound,C7H12O5,,,ESI,5000,,0,,177.07575,M+H,+,1,0,120,,,,,199.05769,M+Na,+,1,0,60,,,,,194.1023,M+NH4,+,1,0,60,,,,,175.0612,M-H,-,1,0,60,,,
Canavanine,XIC,eTargetCompound,C5H12N4O3,,,ESI,5000,,0,,177.09822,M+H,+,1,0,120,,,,,199.08016,M+Na,+,1,0,60,,,,,194.12477,M+NH4,+,1,0,60,,,,,175.08366,M-H,-,1,0,60,,,
Cotinine,XIC,eTargetCompound,C10H12N2O,,,ESI,5000,,0,,177.10224,M+H,+,1,0,120,,,,,199.08418,M+Na,+,1,0,60,,,,,194.12879,M+NH4,+,1,0,60,,,,,175.08769,M-H,-,1,0,60,,,
N-hydroxyl-tryptamine,XIC,eTargetCompound,C10H12N2O,,,ESI,5000,,0,,177.10224,M+H,+,1,0,120,,,,,199.08418,M+Na,+,1,0,60,,,,,194.12879,M+NH4,+,1,0,60,,,,,175.08769,M-H,-,1,0,60,,,
"Serotonin, (5-hydroxytryptamine)",XIC,eTargetCompound,C10H12N2O,,,ESI,5000,,0,,177.10224,M+H,+,1,0,120,,,,,199.08418,M+Na,+,1,0,60,,,,,194.12879,M+NH4,+,1,0,60,,,,,175.08769,M-H,-,1,0,60,,,
Alliin,XIC,eTargetCompound,C6H11NO3S,,,ESI,5000,,0,,178.05324,M+H,+,1,0,120,,,,,200.03519,M+Na,+,1,0,60,,,,,195.07979,M+NH4,+,1,0,60,,,,,176.03869,M-H,-,1,0,60,,,
N-Formyl-L-methionine,XIC,eTargetCompound,C6H11NO3S,,,ESI,5000,,0,,178.05324,M+H,+,1,0,120,,,,,200.03519,M+Na,+,1,0,60,,,,,195.07979,M+NH4,+,1,0,60,,,,,176.03869,M-H,-,1,0,60,,,
S-[(E)-Prop-1-enyl]-L-cysteine S-oxide,XIC,eTargetCompound,C6H11NO3S,,,ESI,5000,,0,,178.05324,M+H,+,1,0,120,,,,,200.03519,M+Na,+,1,0,60,,,,,195.07979,M+NH4,+,1,0,60,,,,,176.03869,M-H,-,1,0,60,,,
dihomomethionine,XIC,eTargetCompound,C7H15NO2S,,,ESI,5000,,0,,178.08963,M+H,+,1,0,120,,,,,200.07157,M+Na,+,1,0,60,,,,,195.11618,M+NH4,+,1,0,60,,,,,176.07507,M-H,-,1,0,60,,,
Pyrophosphate,XIC,eTargetCompound,H4O7P2,,,ESI,5000,,0,,178.9505,M+H,+,1,0,120,,,,,200.93245,M+Na,+,1,0,60,,,,,195.97705,M+NH4,+,1,0,60,,,,,176.93595,M-H,-,1,0,60,,,
acivicin,XIC,eTargetCompound,C5H7N2O3Cl,,,ESI,5000,,0,,179.0218,M+H,+,1,0,120,,,,,201.00374,M+Na,+,1,0,60,,,,,196.04835,M+NH4,+,1,0,60,,,,,177.00724,M-H,-,1,0,60,,,
"7,8-Dihydroxycoumarin",XIC,eTargetCompound,C9H6O4,,,ESI,5000,,0,,179.03389,M+H,+,1,0,120,,,,,201.01583,M+Na,+,1,0,60,,,,,196.06043,M+NH4,+,1,0,60,,,,,177.01933,M-H,-,1,0,60,,,
Esculetin,XIC,eTargetCompound,C9H6O4,,,ESI,5000,,0,,179.03389,M+H,+,1,0,120,,,,,201.01583,M+Na,+,1,0,60,,,,,196.06043,M+NH4,+,1,0,60,,,,,177.01933,M-H,-,1,0,60,,,
Cysteinylglycine (Cys-Gly),XIC,eTargetCompound,C5H10N2O3S,,,ESI,5000,,0,,179.04849,M+H,+,1,0,120,,,,,201.03043,M+Na,+,1,0,60,,,,,196.07504,M+NH4,+,1,0,60,,,,,177.03394,M-H,-,1,0,60,,,
"2,4,6/3,5-Pentahydroxycyclohexanone",XIC,eTargetCompound,C6H10O6,,,ESI,5000,,0,,179.05501,M+H,+,1,0,120,,,,,201.03696,M+Na,+,1,0,60,,,,,196.08156,M+NH4,+,1,0,60,,,,,177.04046,M-H,-,1,0,60,,,
2-Dehydro-3-deoxy-D-galactonate,XIC,eTargetCompound,C6H10O6,,,ESI,5000,,0,,179.05501,M+H,+,1,0,120,,,,,201.03696,M+Na,+,1,0,60,,,,,196.08156,M+NH4,+,1,0,60,,,,,177.04046,M-H,-,1,0,60,,,
2-Dehydro-3-deoxy-D-gluconate,XIC,eTargetCompound,C6H10O6,,,ESI,5000,,0,,179.05501,M+H,+,1,0,120,,,,,201.03696,M+Na,+,1,0,60,,,,,196.08156,M+NH4,+,1,0,60,,,,,177.04046,M-H,-,1,0,60,,,
2-Dehydro-D-glucose,XIC,eTargetCompound,C6H10O6,,,ESI,5000,,0,,179.05501,M+H,+,1,0,120,,,,,201.03696,M+Na,+,1,0,60,,,,,196.08156,M+NH4,+,1,0,60,,,,,177.04046,M-H,-,1,0,60,,,
3-Dehydro-2-deoxy-D-gluconate,XIC,eTargetCompound,C6H10O6,,,ESI,5000,,0,,179.05501,M+H,+,1,0,120,,,,,201.03696,M+Na,+,1,0,60,,,,,196.08156,M+NH4,+,1,0,60,,,,,177.04046,M-H,-,1,0,60,,,
3-Keto-beta-D-galactose,XIC,eTargetCompound,C6H10O6,,,ESI,5000,,0,,179.05501,M+H,+,1,0,120,,,,,201.03696,M+Na,+,1,0,60,,,,,196.08156,M+NH4,+,1,0,60,,,,,177.04046,M-H,-,1,0,60,,,
5-Dehydro-2-deoxy-D-gluconate,XIC,eTargetCompound,C6H10O6,,,ESI,5000,,0,,179.05501,M+H,+,1,0,120,,,,,201.03696,M+Na,+,1,0,60,,,,,196.08156,M+NH4,+,1,0,60,,,,,177.04046,M-H,-,1,0,60,,,
5-Dehydro-D-fructose,XIC,eTargetCompound,C6H10O6,,,ESI,5000,,0,,179.05501,M+H,+,1,0,120,,,,,201.03696,M+Na,+,1,0,60,,,,,196.08156,M+NH4,+,1,0,60,,,,,177.04046,M-H,-,1,0,60,,,
D-galacto-Hexodialdose,XIC,eTargetCompound,C6H10O6,,,ESI,5000,,0,,179.05501,M+H,+,1,0,120,,,,,201.03696,M+Na,+,1,0,60,,,,,196.08156,M+NH4,+,1,0,60,,,,,177.04046,M-H,-,1,0,60,,,
"D-Galactono-1,4-lactone",XIC,eTargetCompound,C6H10O6,,,ESI,5000,,0,,179.05501,M+H,+,1,0,120,,,,,201.03696,M+Na,+,1,0,60,,,,,196.08156,M+NH4,+,1,0,60,,,,,177.04046,M-H,-,1,0,60,,,
Gluconolactone,XIC,eTargetCompound,C6H10O6,,,ESI,5000,,0,,179.05501,M+H,+,1,0,120,,,,,201.03696,M+Na,+,1,0,60,,,,,196.08156,M+NH4,+,1,0,60,,,,,177.04046,M-H,-,1,0,60,,,
"L-Galactono-1,4-lactone",XIC,eTargetCompound,C6H10O6,,,ESI,5000,,0,,179.05501,M+H,+,1,0,120,,,,,201.03696,M+Na,+,1,0,60,,,,,196.08156,M+NH4,+,1,0,60,,,,,177.04046,M-H,-,1,0,60,,,
"L-Gulono-1,4-lactone",XIC,eTargetCompound,C6H10O6,,,ESI,5000,,0,,179.05501,M+H,+,1,0,120,,,,,201.03696,M+Na,+,1,0,60,,,,,196.08156,M+NH4,+,1,0,60,,,,,177.04046,M-H,-,1,0,60,,,
Coniferyl aldehyde,XIC,eTargetCompound,C10H10O3,,,ESI,5000,,0,,179.07027,M+H,+,1,0,120,,,,,201.05222,M+Na,+,1,0,60,,,,,196.09682,M+NH4,+,1,0,60,,,,,177.05572,M-H,-,1,0,60,,,
Streptamine,XIC,eTargetCompound,C6H14N2O4,,,ESI,5000,,0,,179.10263,M+H,+,1,0,120,,,,,201.08458,M+Na,+,1,0,60,,,,,196.12918,M+NH4,+,1,0,60,,,,,177.08808,M-H,-,1,0,60,,,
Eugenol methyl ether,XIC,eTargetCompound,C11H14O2,,,ESI,5000,,0,,179.10666,M+H,+,1,0,120,,,,,201.0886,M+Na,+,1,0,60,,,,,196.13321,M+NH4,+,1,0,60,,,,,177.0921,M-H,-,1,0,60,,,
Methylisoeugenol,XIC,eTargetCompound,C11H14O2,,,ESI,5000,,0,,179.10666,M+H,+,1,0,120,,,,,201.0886,M+Na,+,1,0,60,,,,,196.13321,M+NH4,+,1,0,60,,,,,177.0921,M-H,-,1,0,60,,,
(R)-6-Hydroxynicotine,XIC,eTargetCompound,C10H14N2O,,,ESI,5000,,0,,179.11789,M+H,+,1,0,120,,,,,201.09983,M+Na,+,1,0,60,,,,,196.14444,M+NH4,+,1,0,60,,,,,177.10334,M-H,-,1,0,60,,,
(S)-6-Hydroxynicotine,XIC,eTargetCompound,C10H14N2O,,,ESI,5000,,0,,179.11789,M+H,+,1,0,120,,,,,201.09983,M+Na,+,1,0,60,,,,,196.14444,M+NH4,+,1,0,60,,,,,177.10334,M-H,-,1,0,60,,,
5-Methyl-3-isoxazolyl sulfate,XIC,eTargetCompound,C4H5NO5S,,,ESI,5000,,0,,179.99612,M+H,+,1,0,120,,,,,201.97806,M+Na,+,1,0,60,,,,,197.02267,M+NH4,+,1,0,60,,,,,177.98157,M-H,-,1,0,60,,,
"Isoxanthopterin; 2-Aminopteridine-4,7-diol",XIC,eTargetCompound,C6H5N5O2,,,ESI,5000,,0,,180.0516,M+H,+,1,0,120,,,,,202.03355,M+Na,+,1,0,60,,,,,197.07815,M+NH4,+,1,0,60,,,,,178.03705,M-H,-,1,0,60,,,
Xanthopterin,XIC,eTargetCompound,C6H5N5O2,,,ESI,5000,,0,,180.0516,M+H,+,1,0,120,,,,,202.03355,M+Na,+,1,0,60,,,,,197.07815,M+NH4,+,1,0,60,,,,,178.03705,M-H,-,1,0,60,,,
"2,5,6-Trihydroxy-5,6-dihydroquinoline",XIC,eTargetCompound,C9H9NO3,,,ESI,5000,,0,,180.06552,M+H,+,1,0,120,,,,,202.04746,M+Na,+,1,0,60,,,,,197.09207,M+NH4,+,1,0,60,,,,,178.05097,M-H,-,1,0,60,,,
3-succinoylpyridine,XIC,eTargetCompound,C9H9NO3,,,ESI,5000,,0,,180.06552,M+H,+,1,0,120,,,,,202.04746,M+Na,+,1,0,60,,,,,197.09207,M+NH4,+,1,0,60,,,,,178.05097,M-H,-,1,0,60,,,
Hippuric acid,XIC,eTargetCompound,C9H9NO3,,,ESI,5000,,0,,180.06552,M+H,+,1,0,120,,,,,202.04746,M+Na,+,1,0,60,,,,,197.09207,M+NH4,+,1,0,60,,,,,178.05097,M-H,-,1,0,60,,,
N-Acetylanthranilate,XIC,eTargetCompound,C9H9NO3,,,ESI,5000,,0,,180.06552,M+H,+,1,0,120,,,,,202.04746,M+Na,+,1,0,60,,,,,197.09207,M+NH4,+,1,0,60,,,,,178.05097,M-H,-,1,0,60,,,
1-Amino-1-deoxy-scyllo-inositol,XIC,eTargetCompound,C6H13NO5,,,ESI,5000,,0,,180.08665,M+H,+,1,0,120,,,,,202.06859,M+Na,+,1,0,60,,,,,197.1132,M+NH4,+,1,0,60,,,,,178.0721,M-H,-,1,0,60,,,
D-Galactosamine,XIC,eTargetCompound,C6H13NO5,,,ESI,5000,,0,,180.08665,M+H,+,1,0,120,,,,,202.06859,M+Na,+,1,0,60,,,,,197.1132,M+NH4,+,1,0,60,,,,,178.0721,M-H,-,1,0,60,,,
D-Glucosamine,XIC,eTargetCompound,C6H13NO5,,,ESI,5000,,0,,180.08665,M+H,+,1,0,120,,,,,202.06859,M+Na,+,1,0,60,,,,,197.1132,M+NH4,+,1,0,60,,,,,178.0721,M-H,-,1,0,60,,,
D-Mannosamine,XIC,eTargetCompound,C6H13NO5,,,ESI,5000,,0,,180.08665,M+H,+,1,0,120,,,,,202.06859,M+Na,+,1,0,60,,,,,197.1132,M+NH4,+,1,0,60,,,,,178.0721,M-H,-,1,0,60,,,
Kanosamine,XIC,eTargetCompound,C6H13NO5,,,ESI,5000,,0,,180.08665,M+H,+,1,0,120,,,,,202.06859,M+Na,+,1,0,60,,,,,197.1132,M+NH4,+,1,0,60,,,,,178.0721,M-H,-,1,0,60,,,
Salsolinol ,XIC,eTargetCompound,C10H13NO2,,,ESI,5000,,0,,180.10191,M+H,+,1,0,120,,,,,202.08385,M+Na,+,1,0,60,,,,,197.12845,M+NH4,+,1,0,60,,,,,178.08735,M-H,-,1,0,60,,,
2-Hydroxy-3-(4-hydroxyphenyl)propenoate,XIC,eTargetCompound,C9H8O4,,,ESI,5000,,0,,181.04954,M+H,+,1,0,120,,,,,203.03148,M+Na,+,1,0,60,,,,,198.07608,M+NH4,+,1,0,60,,,,,179.03498,M-H,-,1,0,60,,,
"3,4-Dihydroxy-trans-cinnamate",XIC,eTargetCompound,C9H8O4,,,ESI,5000,,0,,181.04954,M+H,+,1,0,120,,,,,203.03148,M+Na,+,1,0,60,,,,,198.07608,M+NH4,+,1,0,60,,,,,179.03498,M-H,-,1,0,60,,,
4-Hydroxyphenylpyruvic acid (4-HPPA),XIC,eTargetCompound,C9H8O4,,,ESI,5000,,0,,181.04954,M+H,+,1,0,120,,,,,203.03148,M+Na,+,1,0,60,,,,,198.07608,M+NH4,+,1,0,60,,,,,179.03498,M-H,-,1,0,60,,,
Caffeate,XIC,eTargetCompound,C9H8O4,,,ESI,5000,,0,,181.04954,M+H,+,1,0,120,,,,,203.03148,M+Na,+,1,0,60,,,,,198.07608,M+NH4,+,1,0,60,,,,,179.03498,M-H,-,1,0,60,,,
"Caffeic acid (3,4-Dihydroxy-cinnamic acid)",XIC,eTargetCompound,C9H8O4,,,ESI,5000,,0,,181.04954,M+H,+,1,0,120,,,,,203.03148,M+Na,+,1,0,60,,,,,198.07608,M+NH4,+,1,0,60,,,,,179.03498,M-H,-,1,0,60,,,
5-Methylthio-D-ribose,XIC,eTargetCompound,C6H12O4S,,,ESI,5000,,0,,181.05291,M+H,+,1,0,120,,,,,203.03485,M+Na,+,1,0,60,,,,,198.07946,M+NH4,+,1,0,60,,,,,179.03835,M-H,-,1,0,60,,,
Nicotinuric acid,XIC,eTargetCompound,C8H8N2O3,,,ESI,5000,,0,,181.06077,M+H,+,1,0,120,,,,,203.04271,M+Na,+,1,0,60,,,,,198.08732,M+NH4,+,1,0,60,,,,,179.04622,M-H,-,1,0,60,,,
L-Methionine sulfoximine,XIC,eTargetCompound,C5H12N2O3S,,,ESI,5000,,0,,181.06414,M+H,+,1,0,120,,,,,203.04608,M+Na,+,1,0,60,,,,,198.09069,M+NH4,+,1,0,60,,,,,179.04959,M-H,-,1,0,60,,,
1D-chiro-inositol,XIC,eTargetCompound,C6H12O6,,,ESI,5000,,0,,181.07066,M+H,+,1,0,120,,,,,203.05261,M+Na,+,1,0,60,,,,,198.09721,M+NH4,+,1,0,60,,,,,179.05611,M-H,-,1,0,60,,,
1L-chiro-inositol,XIC,eTargetCompound,C6H12O6,,,ESI,5000,,0,,181.07066,M+H,+,1,0,120,,,,,203.05261,M+Na,+,1,0,60,,,,,198.09721,M+NH4,+,1,0,60,,,,,179.05611,M-H,-,1,0,60,,,
2-Deoxy-D-gluconate,XIC,eTargetCompound,C6H12O6,,,ESI,5000,,0,,181.07066,M+H,+,1,0,120,,,,,203.05261,M+Na,+,1,0,60,,,,,198.09721,M+NH4,+,1,0,60,,,,,179.05611,M-H,-,1,0,60,,,
alpha-D-Glucose,XIC,eTargetCompound,C6H12O6,,,ESI,5000,,0,,181.07066,M+H,+,1,0,120,,,,,203.05261,M+Na,+,1,0,60,,,,,198.09721,M+NH4,+,1,0,60,,,,,179.05611,M-H,-,1,0,60,,,
beta-D-Galactose,XIC,eTargetCompound,C6H12O6,,,ESI,5000,,0,,181.07066,M+H,+,1,0,120,,,,,203.05261,M+Na,+,1,0,60,,,,,198.09721,M+NH4,+,1,0,60,,,,,179.05611,M-H,-,1,0,60,,,
beta-D-Glucose,XIC,eTargetCompound,C6H12O6,,,ESI,5000,,0,,181.07066,M+H,+,1,0,120,,,,,203.05261,M+Na,+,1,0,60,,,,,198.09721,M+NH4,+,1,0,60,,,,,179.05611,M-H,-,1,0,60,,,
D-(beta)-Fructose; beta-D-Fructose,XIC,eTargetCompound,C6H12O6,,,ESI,5000,,0,,181.07066,M+H,+,1,0,120,,,,,203.05261,M+Na,+,1,0,60,,,,,198.09721,M+NH4,+,1,0,60,,,,,179.05611,M-H,-,1,0,60,,,
D-Allose,XIC,eTargetCompound,C6H12O6,,,ESI,5000,,0,,181.07066,M+H,+,1,0,120,,,,,203.05261,M+Na,+,1,0,60,,,,,198.09721,M+NH4,+,1,0,60,,,,,179.05611,M-H,-,1,0,60,,,
D-Altrose,XIC,eTargetCompound,C6H12O6,,,ESI,5000,,0,,181.07066,M+H,+,1,0,120,,,,,203.05261,M+Na,+,1,0,60,,,,,198.09721,M+NH4,+,1,0,60,,,,,179.05611,M-H,-,1,0,60,,,
D-Fructose,XIC,eTargetCompound,C6H12O6,,,ESI,5000,,0,,181.07066,M+H,+,1,0,120,,,,,203.05261,M+Na,+,1,0,60,,,,,198.09721,M+NH4,+,1,0,60,,,,,179.05611,M-H,-,1,0,60,,,
D-Fuconate,XIC,eTargetCompound,C6H12O6,,,ESI,5000,,0,,181.07066,M+H,+,1,0,120,,,,,203.05261,M+Na,+,1,0,60,,,,,198.09721,M+NH4,+,1,0,60,,,,,179.05611,M-H,-,1,0,60,,,
D-Galactose,XIC,eTargetCompound,C6H12O6,,,ESI,5000,,0,,181.07066,M+H,+,1,0,120,,,,,203.05261,M+Na,+,1,0,60,,,,,198.09721,M+NH4,+,1,0,60,,,,,179.05611,M-H,-,1,0,60,,,
D-Glucose,XIC,eTargetCompound,C6H12O6,,,ESI,5000,,0,,181.07066,M+H,+,1,0,120,,,,,203.05261,M+Na,+,1,0,60,,,,,198.09721,M+NH4,+,1,0,60,,,,,179.05611,M-H,-,1,0,60,,,
D-Hamamelose,XIC,eTargetCompound,C6H12O6,,,ESI,5000,,0,,181.07066,M+H,+,1,0,120,,,,,203.05261,M+Na,+,1,0,60,,,,,198.09721,M+NH4,+,1,0,60,,,,,179.05611,M-H,-,1,0,60,,,
D-Hexose,XIC,eTargetCompound,C6H12O6,,,ESI,5000,,0,,181.07066,M+H,+,1,0,120,,,,,203.05261,M+Na,+,1,0,60,,,,,198.09721,M+NH4,+,1,0,60,,,,,179.05611,M-H,-,1,0,60,,,
D-Idose,XIC,eTargetCompound,C6H12O6,,,ESI,5000,,0,,181.07066,M+H,+,1,0,120,,,,,203.05261,M+Na,+,1,0,60,,,,,198.09721,M+NH4,+,1,0,60,,,,,179.05611,M-H,-,1,0,60,,,
D-Mannose,XIC,eTargetCompound,C6H12O6,,,ESI,5000,,0,,181.07066,M+H,+,1,0,120,,,,,203.05261,M+Na,+,1,0,60,,,,,198.09721,M+NH4,+,1,0,60,,,,,179.05611,M-H,-,1,0,60,,,
D-Psicose,XIC,eTargetCompound,C6H12O6,,,ESI,5000,,0,,181.07066,M+H,+,1,0,120,,,,,203.05261,M+Na,+,1,0,60,,,,,198.09721,M+NH4,+,1,0,60,,,,,179.05611,M-H,-,1,0,60,,,
D-Sorbose,XIC,eTargetCompound,C6H12O6,,,ESI,5000,,0,,181.07066,M+H,+,1,0,120,,,,,203.05261,M+Na,+,1,0,60,,,,,198.09721,M+NH4,+,1,0,60,,,,,179.05611,M-H,-,1,0,60,,,
D-Tagatose,XIC,eTargetCompound,C6H12O6,,,ESI,5000,,0,,181.07066,M+H,+,1,0,120,,,,,203.05261,M+Na,+,1,0,60,,,,,198.09721,M+NH4,+,1,0,60,,,,,179.05611,M-H,-,1,0,60,,,
D-Talose,XIC,eTargetCompound,C6H12O6,,,ESI,5000,,0,,181.07066,M+H,+,1,0,120,,,,,203.05261,M+Na,+,1,0,60,,,,,198.09721,M+NH4,+,1,0,60,,,,,179.05611,M-H,-,1,0,60,,,
L-Fuconate,XIC,eTargetCompound,C6H12O6,,,ESI,5000,,0,,181.07066,M+H,+,1,0,120,,,,,203.05261,M+Na,+,1,0,60,,,,,198.09721,M+NH4,+,1,0,60,,,,,179.05611,M-H,-,1,0,60,,,
L-Galactose,XIC,eTargetCompound,C6H12O6,,,ESI,5000,,0,,181.07066,M+H,+,1,0,120,,,,,203.05261,M+Na,+,1,0,60,,,,,198.09721,M+NH4,+,1,0,60,,,,,179.05611,M-H,-,1,0,60,,,
L-Gulose,XIC,eTargetCompound,C6H12O6,,,ESI,5000,,0,,181.07066,M+H,+,1,0,120,,,,,203.05261,M+Na,+,1,0,60,,,,,198.09721,M+NH4,+,1,0,60,,,,,179.05611,M-H,-,1,0,60,,,
L-Rhamnonate,XIC,eTargetCompound,C6H12O6,,,ESI,5000,,0,,181.07066,M+H,+,1,0,120,,,,,203.05261,M+Na,+,1,0,60,,,,,198.09721,M+NH4,+,1,0,60,,,,,179.05611,M-H,-,1,0,60,,,
L-Sorbose,XIC,eTargetCompound,C6H12O6,,,ESI,5000,,0,,181.07066,M+H,+,1,0,120,,,,,203.05261,M+Na,+,1,0,60,,,,,198.09721,M+NH4,+,1,0,60,,,,,179.05611,M-H,-,1,0,60,,,
Muco-Inositol,XIC,eTargetCompound,C6H12O6,,,ESI,5000,,0,,181.07066,M+H,+,1,0,120,,,,,203.05261,M+Na,+,1,0,60,,,,,198.09721,M+NH4,+,1,0,60,,,,,179.05611,M-H,-,1,0,60,,,
myo-Inositol,XIC,eTargetCompound,C6H12O6,,,ESI,5000,,0,,181.07066,M+H,+,1,0,120,,,,,203.05261,M+Na,+,1,0,60,,,,,198.09721,M+NH4,+,1,0,60,,,,,179.05611,M-H,-,1,0,60,,,
scyllo-Inositol,XIC,eTargetCompound,C6H12O6,,,ESI,5000,,0,,181.07066,M+H,+,1,0,120,,,,,203.05261,M+Na,+,1,0,60,,,,,198.09721,M+NH4,+,1,0,60,,,,,179.05611,M-H,-,1,0,60,,,
"1,7-Dimethylxanthine (paraxanthine)",XIC,eTargetCompound,C7H8N4O2,,,ESI,5000,,0,,181.072,M+H,+,1,0,120,,,,,203.05395,M+Na,+,1,0,60,,,,,198.09855,M+NH4,+,1,0,60,,,,,179.05745,M-H,-,1,0,60,,,
"Theobromine; 3,7-Dimethylxanthine",XIC,eTargetCompound,C7H8N4O2,,,ESI,5000,,0,,181.072,M+H,+,1,0,120,,,,,203.05395,M+Na,+,1,0,60,,,,,198.09855,M+NH4,+,1,0,60,,,,,179.05745,M-H,-,1,0,60,,,
Theophylline,XIC,eTargetCompound,C7H8N4O2,,,ESI,5000,,0,,181.072,M+H,+,1,0,120,,,,,203.05395,M+Na,+,1,0,60,,,,,198.09855,M+NH4,+,1,0,60,,,,,179.05745,M-H,-,1,0,60,,,
"1,10-Phenanthroline",XIC,eTargetCompound,C12H8N2,,,ESI,5000,,0,,181.07602,M+H,+,1,0,120,,,,,203.05797,M+Na,+,1,0,60,,,,,198.10257,M+NH4,+,1,0,60,,,,,179.06147,M-H,-,1,0,60,,,
Coniferyl alcohol,XIC,eTargetCompound,C10H12O3,,,ESI,5000,,0,,181.08592,M+H,+,1,0,120,,,,,203.06787,M+Na,+,1,0,60,,,,,198.11247,M+NH4,+,1,0,60,,,,,179.07137,M-H,-,1,0,60,,,
5-Hydroxykynurenamine,XIC,eTargetCompound,C9H12N2O2,,,ESI,5000,,0,,181.09715,M+H,+,1,0,120,,,,,203.0791,M+Na,+,1,0,60,,,,,198.1237,M+NH4,+,1,0,60,,,,,179.0826,M-H,-,1,0,60,,,
2-Methyl-3-hydroxy-5-formylpyridine-4-carboxylate,XIC,eTargetCompound,C8H7NO4,,,ESI,5000,,0,,182.04478,M+H,+,1,0,120,,,,,204.02673,M+Na,+,1,0,60,,,,,199.07133,M+NH4,+,1,0,60,,,,,180.03023,M-H,-,1,0,60,,,
Phosphinothricin,XIC,eTargetCompound,C5H12NO4P,,,ESI,5000,,0,,182.05767,M+H,+,1,0,120,,,,,204.03962,M+Na,+,1,0,60,,,,,199.08422,M+NH4,+,1,0,60,,,,,180.04312,M-H,-,1,0,60,,,
3-Amino-3-(4-hydroxyphenyl)propanoate,XIC,eTargetCompound,C9H11NO3,,,ESI,5000,,0,,182.08117,M+H,+,1,0,120,,,,,204.06311,M+Na,+,1,0,60,,,,,199.10772,M+NH4,+,1,0,60,,,,,180.06662,M-H,-,1,0,60,,,
"Beta-Tyrosine, (3-Amino-3-(4-hydroxyphenyl)propanoic)",XIC,eTargetCompound,C9H11NO3,,,ESI,5000,,0,,182.08117,M+H,+,1,0,120,,,,,204.06311,M+Na,+,1,0,60,,,,,199.10772,M+NH4,+,1,0,60,,,,,180.06662,M-H,-,1,0,60,,,
D-Tyrosine,XIC,eTargetCompound,C9H11NO3,,,ESI,5000,,0,,182.08117,M+H,+,1,0,120,,,,,204.06311,M+Na,+,1,0,60,,,,,199.10772,M+NH4,+,1,0,60,,,,,180.06662,M-H,-,1,0,60,,,
L-Threo-3-Phenylserine; DL-3-Phenylserine,XIC,eTargetCompound,C9H11NO3,,,ESI,5000,,0,,182.08117,M+H,+,1,0,120,,,,,204.06311,M+Na,+,1,0,60,,,,,199.10772,M+NH4,+,1,0,60,,,,,180.06662,M-H,-,1,0,60,,,
L-Tyrosine,XIC,eTargetCompound,C9H11NO3,,,ESI,5000,,0,,182.08117,M+H,+,1,0,120,,,,,204.06311,M+Na,+,1,0,60,,,,,199.10772,M+NH4,+,1,0,60,,,,,180.06662,M-H,-,1,0,60,,,
o-Tyrosine,XIC,eTargetCompound,C9H11NO3,,,ESI,5000,,0,,182.08117,M+H,+,1,0,120,,,,,204.06311,M+Na,+,1,0,60,,,,,199.10772,M+NH4,+,1,0,60,,,,,180.06662,M-H,-,1,0,60,,,
Acetylcholine chloride,XIC,eTargetCompound,C7H16ClNO2,,,ESI,5000,,0,,182.09423,M+H,+,1,0,120,,,,,204.07618,M+Na,+,1,0,60,,,,,199.12078,M+NH4,+,1,0,60,,,,,180.07968,M-H,-,1,0,60,,,
"3,4-Dimethoxyphenethylamine",XIC,eTargetCompound,C10H15NO2,,,ESI,5000,,0,,182.11756,M+H,+,1,0,120,,,,,204.0995,M+Na,+,1,0,60,,,,,199.1441,M+NH4,+,1,0,60,,,,,180.103,M-H,-,1,0,60,,,
Dicyclohexylamine,XIC,eTargetCompound,C12H23N,,,ESI,5000,,0,,182.19033,M+H,+,1,0,120,,,,,204.17227,M+Na,+,1,0,60,,,,,199.21688,M+NH4,+,1,0,60,,,,,180.17577,M-H,-,1,0,60,,,
Stipitatate,XIC,eTargetCompound,C8H6O5,,,ESI,5000,,0,,183.0288,M+H,+,1,0,120,,,,,205.01074,M+Na,+,1,0,60,,,,,200.05535,M+NH4,+,1,0,60,,,,,181.01425,M-H,-,1,0,60,,,
Acenaphthenequinone,XIC,eTargetCompound,C12H6O2,,,ESI,5000,,0,,183.04406,M+H,+,1,0,120,,,,,205.026,M+Na,+,1,0,60,,,,,200.07061,M+NH4,+,1,0,60,,,,,181.0295,M-H,-,1,0,60,,,
1-Methyluric acid,XIC,eTargetCompound,C6H6N4O3,,,ESI,5000,,0,,183.05127,M+H,+,1,0,120,,,,,205.03321,M+Na,+,1,0,60,,,,,200.07782,M+NH4,+,1,0,60,,,,,181.03671,M-H,-,1,0,60,,,
9-Methyluric acid,XIC,eTargetCompound,C6H6N4O3,,,ESI,5000,,0,,183.05127,M+H,+,1,0,120,,,,,205.03321,M+Na,+,1,0,60,,,,,200.07782,M+NH4,+,1,0,60,,,,,181.03671,M-H,-,1,0,60,,,
(R)-3-(4-Hydroxyphenyl)lactate,XIC,eTargetCompound,C9H10O4,,,ESI,5000,,0,,183.06519,M+H,+,1,0,120,,,,,205.04713,M+Na,+,1,0,60,,,,,200.09173,M+NH4,+,1,0,60,,,,,181.05063,M-H,-,1,0,60,,,
"3-(2,3-Dihydroxyphenyl)propanoate",XIC,eTargetCompound,C9H10O4,,,ESI,5000,,0,,183.06519,M+H,+,1,0,120,,,,,205.04713,M+Na,+,1,0,60,,,,,200.09173,M+NH4,+,1,0,60,,,,,181.05063,M-H,-,1,0,60,,,
3-(4-Hydroxyphenyl)lactate,XIC,eTargetCompound,C9H10O4,,,ESI,5000,,0,,183.06519,M+H,+,1,0,120,,,,,205.04713,M+Na,+,1,0,60,,,,,200.09173,M+NH4,+,1,0,60,,,,,181.05063,M-H,-,1,0,60,,,
3-Methoxy-4-hydroxyphenylglycolaldehyde,XIC,eTargetCompound,C9H10O4,,,ESI,5000,,0,,183.06519,M+H,+,1,0,120,,,,,205.04713,M+Na,+,1,0,60,,,,,200.09173,M+NH4,+,1,0,60,,,,,181.05063,M-H,-,1,0,60,,,
"cis-3-(3-Carboxyethenyl)-3,5-cyclohexadiene-1,2-diol",XIC,eTargetCompound,C9H10O4,,,ESI,5000,,0,,183.06519,M+H,+,1,0,120,,,,,205.04713,M+Na,+,1,0,60,,,,,200.09173,M+NH4,+,1,0,60,,,,,181.05063,M-H,-,1,0,60,,,
Dihydrocaffeic acid,XIC,eTargetCompound,C9H10O4,,,ESI,5000,,0,,183.06519,M+H,+,1,0,120,,,,,205.04713,M+Na,+,1,0,60,,,,,200.09173,M+NH4,+,1,0,60,,,,,181.05063,M-H,-,1,0,60,,,
homovanillate,XIC,eTargetCompound,C9H10O4,,,ESI,5000,,0,,183.06519,M+H,+,1,0,120,,,,,205.04713,M+Na,+,1,0,60,,,,,200.09173,M+NH4,+,1,0,60,,,,,181.05063,M-H,-,1,0,60,,,
Homovanillic acid,XIC,eTargetCompound,C9H10O4,,,ESI,5000,,0,,183.06519,M+H,+,1,0,120,,,,,205.04713,M+Na,+,1,0,60,,,,,200.09173,M+NH4,+,1,0,60,,,,,181.05063,M-H,-,1,0,60,,,
Hydroxyphenyllactic acid,XIC,eTargetCompound,C9H10O4,,,ESI,5000,,0,,183.06519,M+H,+,1,0,120,,,,,205.04713,M+Na,+,1,0,60,,,,,200.09173,M+NH4,+,1,0,60,,,,,181.05063,M-H,-,1,0,60,,,
Isohomovanillic acid,XIC,eTargetCompound,C9H10O4,,,ESI,5000,,0,,183.06519,M+H,+,1,0,120,,,,,205.04713,M+Na,+,1,0,60,,,,,200.09173,M+NH4,+,1,0,60,,,,,181.05063,M-H,-,1,0,60,,,
Diisopropyl phosphate,XIC,eTargetCompound,C6H15O4P,,,ESI,5000,,0,,183.07807,M+H,+,1,0,120,,,,,205.06002,M+Na,+,1,0,60,,,,,200.10462,M+NH4,+,1,0,60,,,,,181.06352,M-H,-,1,0,60,,,
2-Hydroxyfluorene,XIC,eTargetCompound,C13H10O,,,ESI,5000,,0,,183.08044,M+H,+,1,0,120,,,,,205.06239,M+Na,+,1,0,60,,,,,200.10699,M+NH4,+,1,0,60,,,,,181.06589,M-H,-,1,0,60,,,
D-Iditol,XIC,eTargetCompound,C6H14O6,,,ESI,5000,,0,,183.08631,M+H,+,1,0,120,,,,,205.06826,M+Na,+,1,0,60,,,,,200.11286,M+NH4,+,1,0,60,,,,,181.07176,M-H,-,1,0,60,,,
D-Sorbitol,XIC,eTargetCompound,C6H14O6,,,ESI,5000,,0,,183.08631,M+H,+,1,0,120,,,,,205.06826,M+Na,+,1,0,60,,,,,200.11286,M+NH4,+,1,0,60,,,,,181.07176,M-H,-,1,0,60,,,
Dulcitol; L-Iditol,XIC,eTargetCompound,C6H14O6,,,ESI,5000,,0,,183.08631,M+H,+,1,0,120,,,,,205.06826,M+Na,+,1,0,60,,,,,200.11286,M+NH4,+,1,0,60,,,,,181.07176,M-H,-,1,0,60,,,
Galactitol,XIC,eTargetCompound,C6H14O6,,,ESI,5000,,0,,183.08631,M+H,+,1,0,120,,,,,205.06826,M+Na,+,1,0,60,,,,,200.11286,M+NH4,+,1,0,60,,,,,181.07176,M-H,-,1,0,60,,,
Mannitol,XIC,eTargetCompound,C6H14O6,,,ESI,5000,,0,,183.08631,M+H,+,1,0,120,,,,,205.06826,M+Na,+,1,0,60,,,,,200.11286,M+NH4,+,1,0,60,,,,,181.07176,M-H,-,1,0,60,,,
L-Lathyrine,XIC,eTargetCompound,C7H10N4O2,,,ESI,5000,,0,,183.08765,M+H,+,1,0,120,,,,,205.0696,M+Na,+,1,0,60,,,,,200.1142,M+NH4,+,1,0,60,,,,,181.0731,M-H,-,1,0,60,,,
"2-Oxo-delta3-4,5,5-trimethylcyclopentenylacetate",XIC,eTargetCompound,C10H14O3,,,ESI,5000,,0,,183.10157,M+H,+,1,0,120,,,,,205.08352,M+Na,+,1,0,60,,,,,200.12812,M+NH4,+,1,0,60,,,,,181.08702,M-H,-,1,0,60,,,
"5-Oxo-1,2-campholide",XIC,eTargetCompound,C10H14O3,,,ESI,5000,,0,,183.10157,M+H,+,1,0,120,,,,,205.08352,M+Na,+,1,0,60,,,,,200.12812,M+NH4,+,1,0,60,,,,,181.08702,M-H,-,1,0,60,,,
Dihydroconiferyl alcohol,XIC,eTargetCompound,C10H14O3,,,ESI,5000,,0,,183.10157,M+H,+,1,0,120,,,,,205.08352,M+Na,+,1,0,60,,,,,200.12812,M+NH4,+,1,0,60,,,,,181.08702,M-H,-,1,0,60,,,
Geosmin,XIC,eTargetCompound,C12H22O,,,ESI,5000,,0,,183.17434,M+H,+,1,0,120,,,,,205.15629,M+Na,+,1,0,60,,,,,200.20089,M+NH4,+,1,0,60,,,,,181.15979,M-H,-,1,0,60,,,
Selenohomocysteine,XIC,eTargetCompound,C4H9NO2Se,,,ESI,5000,,0,,183.98713,M+H,+,1,0,120,,,,,205.96907,M+Na,+,1,0,60,,,,,201.01368,M+NH4,+,1,0,60,,,,,181.97257,M-H,-,1,0,60,,,
Se-Methylselenocysteine,XIC,eTargetCompound,C4H9NO2Se,,,ESI,5000,,0,,183.98713,M+H,+,1,0,120,,,,,205.96907,M+Na,+,1,0,60,,,,,201.01368,M+NH4,+,1,0,60,,,,,181.97257,M-H,-,1,0,60,,,
saccharin,XIC,eTargetCompound,C7H5NO3S,,,ESI,5000,,0,,184.00629,M+H,+,1,0,120,,,,,205.98823,M+Na,+,1,0,60,,,,,201.03284,M+NH4,+,1,0,60,,,,,181.99174,M-H,-,1,0,60,,,
L-Homocysteic acid,XIC,eTargetCompound,C4H9NO5S,,,ESI,5000,,0,,184.02742,M+H,+,1,0,120,,,,,206.00936,M+Na,+,1,0,60,,,,,201.05397,M+NH4,+,1,0,60,,,,,182.01287,M-H,-,1,0,60,,,
"3,5-Dihydroxy-phenylglycine",XIC,eTargetCompound,C8H9NO4,,,ESI,5000,,0,,184.06043,M+H,+,1,0,120,,,,,206.04238,M+Na,+,1,0,60,,,,,201.08698,M+NH4,+,1,0,60,,,,,182.04588,M-H,-,1,0,60,,,
3-Carboxy-4-methoxy-N-methyl-2-pyridone,XIC,eTargetCompound,C8H9NO4,,,ESI,5000,,0,,184.06043,M+H,+,1,0,120,,,,,206.04238,M+Na,+,1,0,60,,,,,201.08698,M+NH4,+,1,0,60,,,,,182.04588,M-H,-,1,0,60,,,
3-Hydroxy-4-hydroxymethyl-2-methylpyridine-5-carboxylate,XIC,eTargetCompound,C8H9NO4,,,ESI,5000,,0,,184.06043,M+H,+,1,0,120,,,,,206.04238,M+Na,+,1,0,60,,,,,201.08698,M+NH4,+,1,0,60,,,,,182.04588,M-H,-,1,0,60,,,
4-Pyridoxic acid ,XIC,eTargetCompound,C8H9NO4,,,ESI,5000,,0,,184.06043,M+H,+,1,0,120,,,,,206.04238,M+Na,+,1,0,60,,,,,201.08698,M+NH4,+,1,0,60,,,,,182.04588,M-H,-,1,0,60,,,
Choline sulfate,XIC,eTargetCompound,C5H13NO4S,,,ESI,5000,,0,,184.06381,M+H,+,1,0,120,,,,,206.04575,M+Na,+,1,0,60,,,,,201.09035,M+NH4,+,1,0,60,,,,,182.04925,M-H,-,1,0,60,,,
Choline phosphate,XIC,eTargetCompound,C5H14NO4P,,,ESI,5000,,0,,184.07332,M+H,+,1,0,120,,,,,206.05527,M+Na,+,1,0,60,,,,,201.09987,M+NH4,+,1,0,60,,,,,182.05877,M-H,-,1,0,60,,,
p-Fluorophenylalanine,XIC,eTargetCompound,C9H10FNO2,,,ESI,5000,,0,,184.07683,M+H,+,1,0,120,,,,,206.05878,M+Na,+,1,0,60,,,,,201.10338,M+NH4,+,1,0,60,,,,,182.06228,M-H,-,1,0,60,,,
"2,6-Diamino-4-hydroxy-5-(N-methyl)formamidopyrimidine",XIC,eTargetCompound,C6H9N5O2,,,ESI,5000,,0,,184.0829,M+H,+,1,0,120,,,,,206.06485,M+Na,+,1,0,60,,,,,201.10945,M+NH4,+,1,0,60,,,,,182.06835,M-H,-,1,0,60,,,
Epinephrine (Or L-Adrenaline),XIC,eTargetCompound,C9H13NO3,,,ESI,5000,,0,,184.09682,M+H,+,1,0,120,,,,,206.07876,M+Na,+,1,0,60,,,,,201.12337,M+NH4,+,1,0,60,,,,,182.08227,M-H,-,1,0,60,,,
L-Normetanephrine,XIC,eTargetCompound,C9H13NO3,,,ESI,5000,,0,,184.09682,M+H,+,1,0,120,,,,,206.07876,M+Na,+,1,0,60,,,,,201.12337,M+NH4,+,1,0,60,,,,,182.08227,M-H,-,1,0,60,,,
"Nalpha,Nalpha-Dimethyl-L-histidine",XIC,eTargetCompound,C8H13N3O2,,,ESI,5000,,0,,184.10805,M+H,+,1,0,120,,,,,206.09,M+Na,+,1,0,60,,,,,201.1346,M+NH4,+,1,0,60,,,,,182.0935,M-H,-,1,0,60,,,
(3R)-3-Isopropenyl-6-oxoheptanoate,XIC,eTargetCompound,C10H15O3,,,ESI,5000,,0,,184.1094,M+H,+,1,0,120,,,,,206.09134,M+Na,+,1,0,60,,,,,201.13594,M+NH4,+,1,0,60,,,,,182.09484,M-H,-,1,0,60,,,
(3S)-3-Isopropenyl-6-oxoheptanoate,XIC,eTargetCompound,C10H15O3,,,ESI,5000,,0,,184.1094,M+H,+,1,0,120,,,,,206.09134,M+Na,+,1,0,60,,,,,201.13594,M+NH4,+,1,0,60,,,,,182.09484,M-H,-,1,0,60,,,
3-Phosphonooxypyruvate,XIC,eTargetCompound,C3H5O7P,,,ESI,5000,,0,,184.98457,M+H,+,1,0,120,,,,,206.96651,M+Na,+,1,0,60,,,,,202.01111,M+NH4,+,1,0,60,,,,,182.97001,M-H,-,1,0,60,,,
Chelidonic acid,XIC,eTargetCompound,C7H4O6,,,ESI,5000,,0,,185.00806,M+H,+,1,0,120,,,,,206.99001,M+Na,+,1,0,60,,,,,202.03461,M+NH4,+,1,0,60,,,,,182.99351,M-H,-,1,0,60,,,
"2,4-Dinitrophenol",XIC,eTargetCompound,C6H4N2O5,,,ESI,5000,,0,,185.0193,M+H,+,1,0,120,,,,,207.00124,M+Na,+,1,0,60,,,,,202.04585,M+NH4,+,1,0,60,,,,,183.00474,M-H,-,1,0,60,,,
"3,4-Dihydroxy-2-butanone 4-phosphate",XIC,eTargetCompound,C4H9O6P,,,ESI,5000,,0,,185.02095,M+H,+,1,0,120,,,,,207.0029,M+Na,+,1,0,60,,,,,202.0475,M+NH4,+,1,0,60,,,,,183.0064,M-H,-,1,0,60,,,
5-Hydroxyisourate,XIC,eTargetCompound,C5H4N4O4,,,ESI,5000,,0,,185.03053,M+H,+,1,0,120,,,,,207.01248,M+Na,+,1,0,60,,,,,202.05708,M+NH4,+,1,0,60,,,,,183.01598,M-H,-,1,0,60,,,
"3,4-Dihydroxymandelate",XIC,eTargetCompound,C8H8O5,,,ESI,5000,,0,,185.04445,M+H,+,1,0,120,,,,,207.02639,M+Na,+,1,0,60,,,,,202.071,M+NH4,+,1,0,60,,,,,183.0299,M-H,-,1,0,60,,,
3-Methoxy-4-hydroxyphenylethyleneglycol,XIC,eTargetCompound,C9H12O4,,,ESI,5000,,0,,185.08084,M+H,+,1,0,120,,,,,207.06278,M+Na,+,1,0,60,,,,,202.10738,M+NH4,+,1,0,60,,,,,183.06628,M-H,-,1,0,60,,,
"cis-3-(Carboxy-ethyl)-3,5-cyclo-hexadiene-1,2-diol",XIC,eTargetCompound,C9H12O4,,,ESI,5000,,0,,185.08084,M+H,+,1,0,120,,,,,207.06278,M+Na,+,1,0,60,,,,,202.10738,M+NH4,+,1,0,60,,,,,183.06628,M-H,-,1,0,60,,,
"1,6,6-Trimethyl-2,7-dioxabicyclo[3.2.2]nonan-3-one",XIC,eTargetCompound,C10H16O3,,,ESI,5000,,0,,185.11722,M+H,+,1,0,120,,,,,207.09917,M+Na,+,1,0,60,,,,,202.14377,M+NH4,+,1,0,60,,,,,183.10267,M-H,-,1,0,60,,,
"4,5-dihydro-5,5-dimethyl-4-(3-oxobutyl)furan-2(3H)-one",XIC,eTargetCompound,C10H16O3,,,ESI,5000,,0,,185.11722,M+H,+,1,0,120,,,,,207.09917,M+Na,+,1,0,60,,,,,202.14377,M+NH4,+,1,0,60,,,,,183.10267,M-H,-,1,0,60,,,
Dodecylaldehyde,XIC,eTargetCompound,C12H24O,,,ESI,5000,,0,,185.18999,M+H,+,1,0,120,,,,,207.17194,M+Na,+,1,0,60,,,,,202.21654,M+NH4,+,1,0,60,,,,,183.17544,M-H,-,1,0,60,,,
Tridecane,XIC,eTargetCompound,C13H28,,,ESI,5000,,0,,185.22638,M+H,+,1,0,120,,,,,207.20832,M+Na,+,1,0,60,,,,,202.25293,M+NH4,+,1,0,60,,,,,183.21182,M-H,-,1,0,60,,,
L-Serine O-sulfate,XIC,eTargetCompound,C3H7NO6S,,,ESI,5000,,0,,186.00668,M+H,+,1,0,120,,,,,207.98863,M+Na,+,1,0,60,,,,,203.03323,M+NH4,+,1,0,60,,,,,183.99213,M-H,-,1,0,60,,,
D-O-Phosphoserine,XIC,eTargetCompound,C3H8NO6P,,,ESI,5000,,0,,186.0162,M+H,+,1,0,120,,,,,207.99814,M+Na,+,1,0,60,,,,,203.04275,M+NH4,+,1,0,60,,,,,184.00165,M-H,-,1,0,60,,,
Phosphoserine,XIC,eTargetCompound,C3H8NO6P,,,ESI,5000,,0,,186.0162,M+H,+,1,0,120,,,,,207.99814,M+Na,+,1,0,60,,,,,203.04275,M+NH4,+,1,0,60,,,,,184.00165,M-H,-,1,0,60,,,
2-Amino-3-carboxymuconate semialdehyde,XIC,eTargetCompound,C7H7NO5,,,ESI,5000,,0,,186.0397,M+H,+,1,0,120,,,,,208.02164,M+Na,+,1,0,60,,,,,203.06625,M+NH4,+,1,0,60,,,,,184.02515,M-H,-,1,0,60,,,
N-Hydroxy-4-aminobiphenyl,XIC,eTargetCompound,C12H11NO,,,ESI,5000,,0,,186.09134,M+H,+,1,0,120,,,,,208.07329,M+Na,+,1,0,60,,,,,203.11789,M+NH4,+,1,0,60,,,,,184.07679,M-H,-,1,0,60,,,
Ecgonine,XIC,eTargetCompound,C9H15NO3,,,ESI,5000,,0,,186.11247,M+H,+,1,0,120,,,,,208.09441,M+Na,+,1,0,60,,,,,203.13902,M+NH4,+,1,0,60,,,,,184.09792,M-H,-,1,0,60,,,
Pseudoecgonine,XIC,eTargetCompound,C9H15NO3,,,ESI,5000,,0,,186.11247,M+H,+,1,0,120,,,,,208.09441,M+Na,+,1,0,60,,,,,203.13902,M+NH4,+,1,0,60,,,,,184.09792,M-H,-,1,0,60,,,
(5R)-6-Hydroxy-5-isopropenyl-2-methylhexanoate,XIC,eTargetCompound,C10H17O3,,,ESI,5000,,0,,186.12505,M+H,+,1,0,120,,,,,208.10699,M+Na,+,1,0,60,,,,,203.1516,M+NH4,+,1,0,60,,,,,184.11049,M-H,-,1,0,60,,,
(5S)-6-Hydroxy-5-isopropenyl-2-methylhexanoate,XIC,eTargetCompound,C10H17O3,,,ESI,5000,,0,,186.12505,M+H,+,1,0,120,,,,,208.10699,M+Na,+,1,0,60,,,,,203.1516,M+NH4,+,1,0,60,,,,,184.11049,M-H,-,1,0,60,,,
2-Phospho-D-glycerate,XIC,eTargetCompound,C3H7O7P,,,ESI,5000,,0,,187.00022,M+H,+,1,0,120,,,,,208.98216,M+Na,+,1,0,60,,,,,204.02676,M+NH4,+,1,0,60,,,,,184.98566,M-H,-,1,0,60,,,
3-Phospho-D-glycerate,XIC,eTargetCompound,C3H7O7P,,,ESI,5000,,0,,187.00022,M+H,+,1,0,120,,,,,208.98216,M+Na,+,1,0,60,,,,,204.02676,M+NH4,+,1,0,60,,,,,184.98566,M-H,-,1,0,60,,,
3-Phosphoglyceric acid,XIC,eTargetCompound,C3H7O7P,,,ESI,5000,,0,,187.00022,M+H,+,1,0,120,,,,,208.98216,M+Na,+,1,0,60,,,,,204.02676,M+NH4,+,1,0,60,,,,,184.98566,M-H,-,1,0,60,,,
AP003_3PG,XIC,eTargetCompound,,,,None,0,,,,,,,,,,,,,,,,,,,,,,,,,,,,,,,,,,184.9857,M-,-,1,26.38,60,,,
AP011_2-Phospho-D-glycerate,XIC,eTargetCompound,,,,None,0,,,,,,,,,,,,,,,,,,,,,,,,,,,,,,,,,,184.9857,M-,-,1,26.38,60,,,
"2-Carboxy-cis,cis-muconate",XIC,eTargetCompound,C7H6O6,,,ESI,5000,,0,,187.02371,M+H,+,1,0,120,,,,,209.00566,M+Na,+,1,0,60,,,,,204.05026,M+NH4,+,1,0,60,,,,,185.00916,M-H,-,1,0,60,,,
3-Fumarylpyruvate,XIC,eTargetCompound,C7H6O6,,,ESI,5000,,0,,187.02371,M+H,+,1,0,120,,,,,209.00566,M+Na,+,1,0,60,,,,,204.05026,M+NH4,+,1,0,60,,,,,185.00916,M-H,-,1,0,60,,,
Maleylpyruvate,XIC,eTargetCompound,C7H6O6,,,ESI,5000,,0,,187.02371,M+H,+,1,0,120,,,,,209.00566,M+Na,+,1,0,60,,,,,204.05026,M+NH4,+,1,0,60,,,,,185.00916,M-H,-,1,0,60,,,
Angelicin,XIC,eTargetCompound,C11H6O3,,,ESI,5000,,0,,187.03897,M+H,+,1,0,120,,,,,209.02092,M+Na,+,1,0,60,,,,,204.06552,M+NH4,+,1,0,60,,,,,185.02442,M-H,-,1,0,60,,,
"(+/-)-trans-Acenaphthene-1,2-diol",XIC,eTargetCompound,C12H10O2,,,ESI,5000,,0,,187.07536,M+H,+,1,0,120,,,,,209.0573,M+Na,+,1,0,60,,,,,204.10191,M+NH4,+,1,0,60,,,,,185.0608,M-H,-,1,0,60,,,
Ala-Pro (Alanyl-Proline),XIC,eTargetCompound,C8H14N2O3,,,ESI,5000,,0,,187.10772,M+H,+,1,0,120,,,,,209.08966,M+Na,+,1,0,60,,,,,204.13427,M+NH4,+,1,0,60,,,,,185.09317,M-H,-,1,0,60,,,
Paraquat,XIC,eTargetCompound,C12H14N2,,,ESI,5000,,0,,187.12298,M+H,+,1,0,120,,,,,209.10492,M+Na,+,1,0,60,,,,,204.14952,M+NH4,+,1,0,60,,,,,185.10842,M-H,-,1,0,60,,,
10-Oxodecanoate,XIC,eTargetCompound,C10H18O3,,,ESI,5000,,0,,187.13287,M+H,+,1,0,120,,,,,209.11482,M+Na,+,1,0,60,,,,,204.15942,M+NH4,+,1,0,60,,,,,185.11832,M-H,-,1,0,60,,,
1-Dodecanol,XIC,eTargetCompound,C12H26O,,,ESI,5000,,0,,187.20564,M+H,+,1,0,120,,,,,209.18759,M+Na,+,1,0,60,,,,,204.23219,M+NH4,+,1,0,60,,,,,185.19109,M-H,-,1,0,60,,,
2-(Acetamidomethylene)succinate,XIC,eTargetCompound,C7H9NO5,,,ESI,5000,,0,,188.05535,M+H,+,1,0,120,,,,,210.03729,M+Na,+,1,0,60,,,,,205.0819,M+NH4,+,1,0,60,,,,,186.0408,M-H,-,1,0,60,,,
Indoleacrylic acid,XIC,eTargetCompound,C11H9NO2,,,ESI,5000,,0,,188.07061,M+H,+,1,0,120,,,,,210.05255,M+Na,+,1,0,60,,,,,205.09715,M+NH4,+,1,0,60,,,,,186.05605,M-H,-,1,0,60,,,
trans-3-Indoleacrylic acid,XIC,eTargetCompound,C11H9NO2,,,ESI,5000,,0,,188.07061,M+H,+,1,0,120,,,,,210.05255,M+Na,+,1,0,60,,,,,205.09715,M+NH4,+,1,0,60,,,,,186.05605,M-H,-,1,0,60,,,
[FA hydroxy(4:0)] N-(3S-hydroxy-butanoyl)-homoserine lactone,XIC,eTargetCompound,C8H13NO4,,,ESI,5000,,0,,188.09173,M+H,+,1,0,120,,,,,210.07368,M+Na,+,1,0,60,,,,,205.11828,M+NH4,+,1,0,60,,,,,186.07718,M-H,-,1,0,60,,,
6-Acetamido-2-oxohexanoate,XIC,eTargetCompound,C8H13NO4,,,ESI,5000,,0,,188.09173,M+H,+,1,0,120,,,,,210.07368,M+Na,+,1,0,60,,,,,205.11828,M+NH4,+,1,0,60,,,,,186.07718,M-H,-,1,0,60,,,
6-Acetamido-3-oxohexanoate,XIC,eTargetCompound,C8H13NO4,,,ESI,5000,,0,,188.09173,M+H,+,1,0,120,,,,,210.07368,M+Na,+,1,0,60,,,,,205.11828,M+NH4,+,1,0,60,,,,,186.07718,M-H,-,1,0,60,,,
N2-Acetyl-L-aminoadipate semialdehyde,XIC,eTargetCompound,C8H13NO4,,,ESI,5000,,0,,188.09173,M+H,+,1,0,120,,,,,210.07368,M+Na,+,1,0,60,,,,,205.11828,M+NH4,+,1,0,60,,,,,186.07718,M-H,-,1,0,60,,,
8-Amino-7-oxononanoate,XIC,eTargetCompound,C9H17NO3,,,ESI,5000,,0,,188.12812,M+H,+,1,0,120,,,,,210.11006,M+Na,+,1,0,60,,,,,205.15467,M+NH4,+,1,0,60,,,,,186.11357,M-H,-,1,0,60,,,
N1-Acetylspermidine,XIC,eTargetCompound,C9H21N3O,,,ESI,5000,,0,,188.17574,M+H,+,1,0,120,,,,,210.15768,M+Na,+,1,0,60,,,,,205.20229,M+NH4,+,1,0,60,,,,,186.16119,M-H,-,1,0,60,,,
N8-Acetylspermidine,XIC,eTargetCompound,C9H21N3O,,,ESI,5000,,0,,188.17574,M+H,+,1,0,120,,,,,210.15768,M+Na,+,1,0,60,,,,,205.20229,M+NH4,+,1,0,60,,,,,186.16119,M-H,-,1,0,60,,,
p-cresol sulfate potassium; p-Cresol sulfate,XIC,eTargetCompound,C7H8O4S,,,ESI,5000,,0,,189.02161,M+H,+,1,0,120,,,,,211.00355,M+Na,+,1,0,60,,,,,206.04816,M+NH4,+,1,0,60,,,,,187.00705,M-H,-,1,0,60,,,
(E)-2-(Methoxycarbonylmethyl)butenedioate,XIC,eTargetCompound,C7H8O6,,,ESI,5000,,0,,189.03936,M+H,+,1,0,120,,,,,211.02131,M+Na,+,1,0,60,,,,,206.06591,M+NH4,+,1,0,60,,,,,187.02481,M-H,-,1,0,60,,,
(E)-3-(Methoxycarbonyl)pent-2-enedioate,XIC,eTargetCompound,C7H8O6,,,ESI,5000,,0,,189.03936,M+H,+,1,0,120,,,,,211.02131,M+Na,+,1,0,60,,,,,206.06591,M+NH4,+,1,0,60,,,,,187.02481,M-H,-,1,0,60,,,
"(Z)-But-2-ene-1,2,3-tricarboxylate",XIC,eTargetCompound,C7H8O6,,,ESI,5000,,0,,189.03936,M+H,+,1,0,120,,,,,211.02131,M+Na,+,1,0,60,,,,,206.06591,M+NH4,+,1,0,60,,,,,187.02481,M-H,-,1,0,60,,,
"But-1-ene-1,2,4-tricarboxylate",XIC,eTargetCompound,C7H8O6,,,ESI,5000,,0,,189.03936,M+H,+,1,0,120,,,,,211.02131,M+Na,+,1,0,60,,,,,206.06591,M+NH4,+,1,0,60,,,,,187.02481,M-H,-,1,0,60,,,
trans-homoaconitate,XIC,eTargetCompound,C7H8O6,,,ESI,5000,,0,,189.03936,M+H,+,1,0,120,,,,,211.02131,M+Na,+,1,0,60,,,,,206.06591,M+NH4,+,1,0,60,,,,,187.02481,M-H,-,1,0,60,,,
Plumbagin,XIC,eTargetCompound,C11H8O3,,,ESI,5000,,0,,189.05462,M+H,+,1,0,120,,,,,211.03657,M+Na,+,1,0,60,,,,,206.08117,M+NH4,+,1,0,60,,,,,187.04007,M-H,-,1,0,60,,,
2-oxosuberate,XIC,eTargetCompound,C8H12O5,,,ESI,5000,,0,,189.07575,M+H,+,1,0,120,,,,,211.05769,M+Na,+,1,0,60,,,,,206.1023,M+NH4,+,1,0,60,,,,,187.0612,M-H,-,1,0,60,,,
N-Acetylglutamine,XIC,eTargetCompound,C7H12N2O4,,,ESI,5000,,0,,189.08698,M+H,+,1,0,120,,,,,211.06893,M+Na,+,1,0,60,,,,,206.11353,M+NH4,+,1,0,60,,,,,187.07243,M-H,-,1,0,60,,,
Azelaic acid,XIC,eTargetCompound,C9H16O4,,,ESI,5000,,0,,189.11214,M+H,+,1,0,120,,,,,211.09408,M+Na,+,1,0,60,,,,,206.13868,M+NH4,+,1,0,60,,,,,187.09758,M-H,-,1,0,60,,,
6-Acetamido-3-aminohexanoate,XIC,eTargetCompound,C8H16N2O3,,,ESI,5000,,0,,189.12337,M+H,+,1,0,120,,,,,211.10531,M+Na,+,1,0,60,,,,,206.14992,M+NH4,+,1,0,60,,,,,187.10882,M-H,-,1,0,60,,,
Glycyl-L-leucine,XIC,eTargetCompound,C8H16N2O3,,,ESI,5000,,0,,189.12337,M+H,+,1,0,120,,,,,211.10531,M+Na,+,1,0,60,,,,,206.14992,M+NH4,+,1,0,60,,,,,187.10882,M-H,-,1,0,60,,,
N2-Acetyl-L-lysine,XIC,eTargetCompound,C8H16N2O3,,,ESI,5000,,0,,189.12337,M+H,+,1,0,120,,,,,211.10531,M+Na,+,1,0,60,,,,,206.14992,M+NH4,+,1,0,60,,,,,187.10882,M-H,-,1,0,60,,,
N6-Acetyl-L-lysine,XIC,eTargetCompound,C8H16N2O3,,,ESI,5000,,0,,189.12337,M+H,+,1,0,120,,,,,211.10531,M+Na,+,1,0,60,,,,,206.14992,M+NH4,+,1,0,60,,,,,187.10882,M-H,-,1,0,60,,,
Homoarginine,XIC,eTargetCompound,C7H16N4O2,,,ESI,5000,,0,,189.1346,M+H,+,1,0,120,,,,,211.11655,M+Na,+,1,0,60,,,,,206.16115,M+NH4,+,1,0,60,,,,,187.12005,M-H,-,1,0,60,,,
"N,N-Dimethyltryptamine",XIC,eTargetCompound,C12H16N2,,,ESI,5000,,0,,189.13863,M+H,+,1,0,120,,,,,211.12057,M+Na,+,1,0,60,,,,,206.16517,M+NH4,+,1,0,60,,,,,187.12407,M-H,-,1,0,60,,,
10-hydroxydecanoic acid,XIC,eTargetCompound,C10H20O3,,,ESI,5000,,0,,189.14852,M+H,+,1,0,120,,,,,211.13047,M+Na,+,1,0,60,,,,,206.17507,M+NH4,+,1,0,60,,,,,187.13397,M-H,-,1,0,60,,,
3-hydroxydecanoic acid,XIC,eTargetCompound,C10H20O3,,,ESI,5000,,0,,189.14852,M+H,+,1,0,120,,,,,211.13047,M+Na,+,1,0,60,,,,,206.17507,M+NH4,+,1,0,60,,,,,187.13397,M-H,-,1,0,60,,,
"7,8-Diaminononanoate",XIC,eTargetCompound,C9H20N2O2,,,ESI,5000,,0,,189.15975,M+H,+,1,0,120,,,,,211.1417,M+Na,+,1,0,60,,,,,206.1863,M+NH4,+,1,0,60,,,,,187.1452,M-H,-,1,0,60,,,
Quisqualic acid,XIC,eTargetCompound,C5H7N3O5,,,ESI,5000,,0,,190.04585,M+H,+,1,0,120,,,,,212.02779,M+Na,+,1,0,60,,,,,207.0724,M+NH4,+,1,0,60,,,,,188.03129,M-H,-,1,0,60,,,
"2-oxo-1,2-dihydroquinoline-4-carboxylate",XIC,eTargetCompound,C10H7NO3,,,ESI,5000,,0,,190.04987,M+H,+,1,0,120,,,,,212.03181,M+Na,+,1,0,60,,,,,207.07642,M+NH4,+,1,0,60,,,,,188.03532,M-H,-,1,0,60,,,
Kynurenic acid,XIC,eTargetCompound,C10H7NO3,,,ESI,5000,,0,,190.04987,M+H,+,1,0,120,,,,,212.03181,M+Na,+,1,0,60,,,,,207.07642,M+NH4,+,1,0,60,,,,,188.03532,M-H,-,1,0,60,,,
N-Acetylisatin,XIC,eTargetCompound,C10H7NO3,,,ESI,5000,,0,,190.04987,M+H,+,1,0,120,,,,,212.03181,M+Na,+,1,0,60,,,,,207.07642,M+NH4,+,1,0,60,,,,,188.03532,M-H,-,1,0,60,,,
AA002_N-Acetyl-L-glutamic_Acid,XIC,eTargetCompound,,,,None,0,,,,,,,,,,,,,,,,,,,,,,,,,,,,,,,,,,188.0564,M-,-,1,15.41,120,,,
AminoDHQ,XIC,eTargetCompound,C7H11NO5,,,ESI,5000,,0,,190.071,M+H,+,1,0,120,,,,,212.05294,M+Na,+,1,0,60,,,,,207.09755,M+NH4,+,1,0,60,,,,,188.05645,M-H,-,1,0,60,,,
L-2-Amino-6-oxoheptanedioate,XIC,eTargetCompound,C7H11NO5,,,ESI,5000,,0,,190.071,M+H,+,1,0,120,,,,,212.05294,M+Na,+,1,0,60,,,,,207.09755,M+NH4,+,1,0,60,,,,,188.05645,M-H,-,1,0,60,,,
N-Acetyl-L-glutamic acid,XIC,eTargetCompound,C7H11NO5,,,ESI,5000,,0,,190.071,M+H,+,1,0,120,,,,,212.05294,M+Na,+,1,0,60,,,,,207.09755,M+NH4,+,1,0,60,,,,,188.05645,M-H,-,1,0,60,,,
3-Indolepropionic acid,XIC,eTargetCompound,C11H11NO2,,,ESI,5000,,0,,190.08626,M+H,+,1,0,120,,,,,212.0682,M+Na,+,1,0,60,,,,,207.1128,M+NH4,+,1,0,60,,,,,188.0717,M-H,-,1,0,60,,,
Methyl indole-3-acetate,XIC,eTargetCompound,C11H11NO2,,,ESI,5000,,0,,190.08626,M+H,+,1,0,120,,,,,212.0682,M+Na,+,1,0,60,,,,,207.1128,M+NH4,+,1,0,60,,,,,188.0717,M-H,-,1,0,60,,,
Prenyl-L-cysteine,XIC,eTargetCompound,C8H15NO2S,,,ESI,5000,,0,,190.08963,M+H,+,1,0,120,,,,,212.07157,M+Na,+,1,0,60,,,,,207.11618,M+NH4,+,1,0,60,,,,,188.07507,M-H,-,1,0,60,,,
(2S)-2-{[1-(R)-Carboxyethyl]amino}pentanoate,XIC,eTargetCompound,C8H15NO4,,,ESI,5000,,0,,190.10738,M+H,+,1,0,120,,,,,212.08933,M+Na,+,1,0,60,,,,,207.13393,M+NH4,+,1,0,60,,,,,188.09283,M-H,-,1,0,60,,,
2 -(Butylamido)-4-hydroxybutanoic acid,XIC,eTargetCompound,C8H15NO4,,,ESI,5000,,0,,190.10738,M+H,+,1,0,120,,,,,212.08933,M+Na,+,1,0,60,,,,,207.13393,M+NH4,+,1,0,60,,,,,188.09283,M-H,-,1,0,60,,,
L-Homocitrulline,XIC,eTargetCompound,C7H15N3O3,,,ESI,5000,,0,,190.11862,M+H,+,1,0,120,,,,,212.10056,M+Na,+,1,0,60,,,,,207.14517,M+NH4,+,1,0,60,,,,,188.10406,M-H,-,1,0,60,,,
8-methylthiooctanaldoxime,XIC,eTargetCompound,C9H19NOS,,,ESI,5000,,0,,190.12601,M+H,+,1,0,120,,,,,212.10796,M+Na,+,1,0,60,,,,,207.15256,M+NH4,+,1,0,60,,,,,188.11146,M-H,-,1,0,60,,,
EPTC,XIC,eTargetCompound,C9H19NOS,,,ESI,5000,,0,,190.12601,M+H,+,1,0,120,,,,,212.10796,M+Na,+,1,0,60,,,,,207.15256,M+NH4,+,1,0,60,,,,,188.11146,M-H,-,1,0,60,,,
ethanedisulfonate,XIC,eTargetCompound,C2H6O6S2,,,ESI,5000,,0,,190.96786,M+H,+,1,0,120,,,,,212.9498,M+Na,+,1,0,60,,,,,207.9944,M+NH4,+,1,0,60,,,,,188.9533,M-H,-,1,0,60,,,
Oxalosuccinate,XIC,eTargetCompound,C6H6O7,,,ESI,5000,,0,,191.01863,M+H,+,1,0,120,,,,,213.00057,M+Na,+,1,0,60,,,,,208.04518,M+NH4,+,1,0,60,,,,,189.00408,M-H,-,1,0,60,,,
"3,5-Dihydroxy-1,4-naphthoquinone",XIC,eTargetCompound,C10H6O4,,,ESI,5000,,0,,191.03389,M+H,+,1,0,120,,,,,213.01583,M+Na,+,1,0,60,,,,,208.06043,M+NH4,+,1,0,60,,,,,189.01933,M-H,-,1,0,60,,,
4-Nitroquinoline N-oxide,XIC,eTargetCompound,C9H6N2O3,,,ESI,5000,,0,,191.04512,M+H,+,1,0,120,,,,,213.02706,M+Na,+,1,0,60,,,,,208.07167,M+NH4,+,1,0,60,,,,,189.03057,M-H,-,1,0,60,,,
"[FA hydroxy,oxo(7:0/2:0)] 4-hydroxy-2-oxo-Heptanedioic acid",XIC,eTargetCompound,C7H10O6,,,ESI,5000,,0,,191.05501,M+H,+,1,0,120,,,,,213.03696,M+Na,+,1,0,60,,,,,208.08156,M+NH4,+,1,0,60,,,,,189.04046,M-H,-,1,0,60,,,
3-Dehydroquinate,XIC,eTargetCompound,C7H10O6,,,ESI,5000,,0,,191.05501,M+H,+,1,0,120,,,,,213.03696,M+Na,+,1,0,60,,,,,208.08156,M+NH4,+,1,0,60,,,,,189.04046,M-H,-,1,0,60,,,
(R)-3-((R)-3-Hydroxybutanoyloxy)butanoate,XIC,eTargetCompound,C8H14O5,,,ESI,5000,,0,,191.0914,M+H,+,1,0,120,,,,,213.07334,M+Na,+,1,0,60,,,,,208.11795,M+NH4,+,1,0,60,,,,,189.07685,M-H,-,1,0,60,,,
"2,6-Diaminoheptanedioic acid",XIC,eTargetCompound,C7H14N2O4,,,ESI,5000,,0,,191.10263,M+H,+,1,0,120,,,,,213.08458,M+Na,+,1,0,60,,,,,208.12918,M+NH4,+,1,0,60,,,,,189.08808,M-H,-,1,0,60,,,
"meso-2,6-Diaminoheptanedioate",XIC,eTargetCompound,C7H14N2O4,,,ESI,5000,,0,,191.10263,M+H,+,1,0,120,,,,,213.08458,M+Na,+,1,0,60,,,,,208.12918,M+NH4,+,1,0,60,,,,,189.08808,M-H,-,1,0,60,,,
N-(omega)-Hydroxyarginine,XIC,eTargetCompound,C6H14N4O3,,,ESI,5000,,0,,191.11387,M+H,+,1,0,120,,,,,213.09581,M+Na,+,1,0,60,,,,,208.14042,M+NH4,+,1,0,60,,,,,189.09931,M-H,-,1,0,60,,,
5-Methoxytryptamine; Mexamine,XIC,eTargetCompound,C11H14N2O,,,ESI,5000,,0,,191.11789,M+H,+,1,0,120,,,,,213.09983,M+Na,+,1,0,60,,,,,208.14444,M+NH4,+,1,0,60,,,,,189.10334,M-H,-,1,0,60,,,
N-Methylserotonin,XIC,eTargetCompound,C11H14N2O,,,ESI,5000,,0,,191.11789,M+H,+,1,0,120,,,,,213.09983,M+Na,+,1,0,60,,,,,208.14444,M+NH4,+,1,0,60,,,,,189.10334,M-H,-,1,0,60,,,
Nitrilotriacetic acid,XIC,eTargetCompound,C6H9NO6,,,ESI,5000,,0,,192.05026,M+H,+,1,0,120,,,,,214.03221,M+Na,+,1,0,60,,,,,209.07681,M+NH4,+,1,0,60,,,,,190.03571,M-H,-,1,0,60,,,
"5,6-Dihydroxy-3-methyl-2-oxo-1,2-dihydroquinoline",XIC,eTargetCompound,C10H9NO3,,,ESI,5000,,0,,192.06552,M+H,+,1,0,120,,,,,214.04746,M+Na,+,1,0,60,,,,,209.09207,M+NH4,+,1,0,60,,,,,190.05097,M-H,-,1,0,60,,,
5-Hydroxyindoleacetate,XIC,eTargetCompound,C10H9NO3,,,ESI,5000,,0,,192.06552,M+H,+,1,0,120,,,,,214.04746,M+Na,+,1,0,60,,,,,209.09207,M+NH4,+,1,0,60,,,,,190.05097,M-H,-,1,0,60,,,
N-Acetyl-L-methionine,XIC,eTargetCompound,C7H13NO3S,,,ESI,5000,,0,,192.06889,M+H,+,1,0,120,,,,,214.05084,M+Na,+,1,0,60,,,,,209.09544,M+NH4,+,1,0,60,,,,,190.05434,M-H,-,1,0,60,,,
trihomomethionine,XIC,eTargetCompound,C8H17NO2S,,,ESI,5000,,0,,192.10528,M+H,+,1,0,120,,,,,214.08722,M+Na,+,1,0,60,,,,,209.13183,M+NH4,+,1,0,60,,,,,190.09072,M-H,-,1,0,60,,,
NC006_Citrate,XIC,eTargetCompound,,,,None,0,,,,,,,,,,,,,,,,,,,,,,,,,,,,,,,,,,191.0197,M-,-,1,28.01,60,,,
NI001_Iso-citrate,XIC,eTargetCompound,,,,None,0,,,,,,,,,,,,,,,,,,,,,,,,,,,,,,,,,,191.0197,M-,-,1,29.15,60,,,
"(1R,2S)-1-Hydroxypropane-1,2,3-tricarboxylate",XIC,eTargetCompound,C6H8O7,,,ESI,5000,,0,,193.03428,M+H,+,1,0,120,,,,,215.01622,M+Na,+,1,0,60,,,,,210.06083,M+NH4,+,1,0,60,,,,,191.01973,M-H,-,1,0,60,,,
"(1S,2S)-1-Hydroxypropane-1,2,3-tricarboxylate",XIC,eTargetCompound,C6H8O7,,,ESI,5000,,0,,193.03428,M+H,+,1,0,120,,,,,215.01622,M+Na,+,1,0,60,,,,,210.06083,M+NH4,+,1,0,60,,,,,191.01973,M-H,-,1,0,60,,,
"2,5-Didehydro-D-gluconate",XIC,eTargetCompound,C6H8O7,,,ESI,5000,,0,,193.03428,M+H,+,1,0,120,,,,,215.01622,M+Na,+,1,0,60,,,,,210.06083,M+NH4,+,1,0,60,,,,,191.01973,M-H,-,1,0,60,,,
2-Dehydro-3-deoxy-D-glucarate,XIC,eTargetCompound,C6H8O7,,,ESI,5000,,0,,193.03428,M+H,+,1,0,120,,,,,215.01622,M+Na,+,1,0,60,,,,,210.06083,M+NH4,+,1,0,60,,,,,191.01973,M-H,-,1,0,60,,,
5-Dehydro-4-deoxy-D-glucarate,XIC,eTargetCompound,C6H8O7,,,ESI,5000,,0,,193.03428,M+H,+,1,0,120,,,,,215.01622,M+Na,+,1,0,60,,,,,210.06083,M+NH4,+,1,0,60,,,,,191.01973,M-H,-,1,0,60,,,
Carboxymethyloxysuccinate,XIC,eTargetCompound,C6H8O7,,,ESI,5000,,0,,193.03428,M+H,+,1,0,120,,,,,215.01622,M+Na,+,1,0,60,,,,,210.06083,M+NH4,+,1,0,60,,,,,191.01973,M-H,-,1,0,60,,,
Citric acid,XIC,eTargetCompound,C6H8O7,,,ESI,5000,,0,,193.03428,M+H,+,1,0,120,,,,,215.01622,M+Na,+,1,0,60,,,,,210.06083,M+NH4,+,1,0,60,,,,,191.01973,M-H,-,1,0,60,,,
Diketogulonicacid,XIC,eTargetCompound,C6H8O7,,,ESI,5000,,0,,193.03428,M+H,+,1,0,120,,,,,215.01622,M+Na,+,1,0,60,,,,,210.06083,M+NH4,+,1,0,60,,,,,191.01973,M-H,-,1,0,60,,,
DL-Isocitric acid,XIC,eTargetCompound,C6H8O7,,,ESI,5000,,0,,193.03428,M+H,+,1,0,120,,,,,215.01622,M+Na,+,1,0,60,,,,,210.06083,M+NH4,+,1,0,60,,,,,191.01973,M-H,-,1,0,60,,,
"1,3,6,8-Naphthalenetetrol",XIC,eTargetCompound,C10H8O4,,,ESI,5000,,0,,193.04954,M+H,+,1,0,120,,,,,215.03148,M+Na,+,1,0,60,,,,,210.07608,M+NH4,+,1,0,60,,,,,191.03498,M-H,-,1,0,60,,,
Scopoletin; Chrysatropic acid,XIC,eTargetCompound,C10H8O4,,,ESI,5000,,0,,193.04954,M+H,+,1,0,120,,,,,215.03148,M+Na,+,1,0,60,,,,,210.07608,M+NH4,+,1,0,60,,,,,191.03498,M-H,-,1,0,60,,,
"5D-5-O-Methyl-2,3,5/4,6-pentahydroxycyclohexanone",XIC,eTargetCompound,C7H12O6,,,ESI,5000,,0,,193.07066,M+H,+,1,0,120,,,,,215.05261,M+Na,+,1,0,60,,,,,210.09721,M+NH4,+,1,0,60,,,,,191.05611,M-H,-,1,0,60,,,
Quinic acid,XIC,eTargetCompound,C7H12O6,,,ESI,5000,,0,,193.07066,M+H,+,1,0,120,,,,,215.05261,M+Na,+,1,0,60,,,,,210.09721,M+NH4,+,1,0,60,,,,,191.05611,M-H,-,1,0,60,,,
3-Hydroxycotinine (3HC),XIC,eTargetCompound,C10H12N2O2,,,ESI,5000,,0,,193.09715,M+H,+,1,0,120,,,,,215.0791,M+Na,+,1,0,60,,,,,210.1237,M+NH4,+,1,0,60,,,,,191.0826,M-H,-,1,0,60,,,
Cotinine N-oxide,XIC,eTargetCompound,C10H12N2O2,,,ESI,5000,,0,,193.09715,M+H,+,1,0,120,,,,,215.0791,M+Na,+,1,0,60,,,,,210.1237,M+NH4,+,1,0,60,,,,,191.0826,M-H,-,1,0,60,,,
Oxoamide,XIC,eTargetCompound,C10H12N2O2,,,ESI,5000,,0,,193.09715,M+H,+,1,0,120,,,,,215.0791,M+Na,+,1,0,60,,,,,210.1237,M+NH4,+,1,0,60,,,,,191.0826,M-H,-,1,0,60,,,
trans-3-Hydroxycotinine,XIC,eTargetCompound,C10H12N2O2,,,ESI,5000,,0,,193.09715,M+H,+,1,0,120,,,,,215.0791,M+Na,+,1,0,60,,,,,210.1237,M+NH4,+,1,0,60,,,,,191.0826,M-H,-,1,0,60,,,
beta-Ionone,XIC,eTargetCompound,C13H20O,,,ESI,5000,,0,,193.15869,M+H,+,1,0,120,,,,,215.14064,M+Na,+,1,0,60,,,,,210.18524,M+NH4,+,1,0,60,,,,,191.14414,M-H,-,1,0,60,,,
"5,6-Dihydroxyindole-2-carboxylate",XIC,eTargetCompound,C9H7NO4,,,ESI,5000,,0,,194.04478,M+H,+,1,0,120,,,,,216.02673,M+Na,+,1,0,60,,,,,211.07133,M+NH4,+,1,0,60,,,,,192.03023,M-H,-,1,0,60,,,
D-Dopachrome,XIC,eTargetCompound,C9H7NO4,,,ESI,5000,,0,,194.04478,M+H,+,1,0,120,,,,,216.02673,M+Na,+,1,0,60,,,,,211.07133,M+NH4,+,1,0,60,,,,,192.03023,M-H,-,1,0,60,,,
L-Dopachrome,XIC,eTargetCompound,C9H7NO4,,,ESI,5000,,0,,194.04478,M+H,+,1,0,120,,,,,216.02673,M+Na,+,1,0,60,,,,,211.07133,M+NH4,+,1,0,60,,,,,192.03023,M-H,-,1,0,60,,,
2-Methylhippuric acid,XIC,eTargetCompound,C10H11NO3,,,ESI,5000,,0,,194.08117,M+H,+,1,0,120,,,,,216.06311,M+Na,+,1,0,60,,,,,211.10772,M+NH4,+,1,0,60,,,,,192.06662,M-H,-,1,0,60,,,
"5,6-Dihydroxy-3-methyl-2-oxo-1,2,5,6-tetrahydroquinoline",XIC,eTargetCompound,C10H11NO3,,,ESI,5000,,0,,194.08117,M+H,+,1,0,120,,,,,216.06311,M+Na,+,1,0,60,,,,,211.10772,M+NH4,+,1,0,60,,,,,192.06662,M-H,-,1,0,60,,,
Methylhippuric acid,XIC,eTargetCompound,C10H11NO3,,,ESI,5000,,0,,194.08117,M+H,+,1,0,120,,,,,216.06311,M+Na,+,1,0,60,,,,,211.10772,M+NH4,+,1,0,60,,,,,192.06662,M-H,-,1,0,60,,,
Phenylacetylglycine,XIC,eTargetCompound,C10H11NO3,,,ESI,5000,,0,,194.08117,M+H,+,1,0,120,,,,,216.06311,M+Na,+,1,0,60,,,,,211.10772,M+NH4,+,1,0,60,,,,,192.06662,M-H,-,1,0,60,,,
(-)-Salsoline,XIC,eTargetCompound,C11H15NO2,,,ESI,5000,,0,,194.11756,M+H,+,1,0,120,,,,,216.0995,M+Na,+,1,0,60,,,,,211.1441,M+NH4,+,1,0,60,,,,,192.103,M-H,-,1,0,60,,,
2-Dehydro-D-gluconate,XIC,eTargetCompound,C6H10O7,,,ESI,5000,,0,,195.04993,M+H,+,1,0,120,,,,,217.03187,M+Na,+,1,0,60,,,,,212.07648,M+NH4,+,1,0,60,,,,,193.03538,M-H,-,1,0,60,,,
3-Dehydro-L-gulonate,XIC,eTargetCompound,C6H10O7,,,ESI,5000,,0,,195.04993,M+H,+,1,0,120,,,,,217.03187,M+Na,+,1,0,60,,,,,212.07648,M+NH4,+,1,0,60,,,,,193.03538,M-H,-,1,0,60,,,
5-Dehydro-D-gluconate,XIC,eTargetCompound,C6H10O7,,,ESI,5000,,0,,195.04993,M+H,+,1,0,120,,,,,217.03187,M+Na,+,1,0,60,,,,,212.07648,M+NH4,+,1,0,60,,,,,193.03538,M-H,-,1,0,60,,,
D-Fructuronate,XIC,eTargetCompound,C6H10O7,,,ESI,5000,,0,,195.04993,M+H,+,1,0,120,,,,,217.03187,M+Na,+,1,0,60,,,,,212.07648,M+NH4,+,1,0,60,,,,,193.03538,M-H,-,1,0,60,,,
D-Galacturonate,XIC,eTargetCompound,C6H10O7,,,ESI,5000,,0,,195.04993,M+H,+,1,0,120,,,,,217.03187,M+Na,+,1,0,60,,,,,212.07648,M+NH4,+,1,0,60,,,,,193.03538,M-H,-,1,0,60,,,
D-Glucuronate,XIC,eTargetCompound,C6H10O7,,,ESI,5000,,0,,195.04993,M+H,+,1,0,120,,,,,217.03187,M+Na,+,1,0,60,,,,,212.07648,M+NH4,+,1,0,60,,,,,193.03538,M-H,-,1,0,60,,,
D-Glucuronic acid,XIC,eTargetCompound,C6H10O7,,,ESI,5000,,0,,195.04993,M+H,+,1,0,120,,,,,217.03187,M+Na,+,1,0,60,,,,,212.07648,M+NH4,+,1,0,60,,,,,193.03538,M-H,-,1,0,60,,,
D-Mannuronate,XIC,eTargetCompound,C6H10O7,,,ESI,5000,,0,,195.04993,M+H,+,1,0,120,,,,,217.03187,M+Na,+,1,0,60,,,,,212.07648,M+NH4,+,1,0,60,,,,,193.03538,M-H,-,1,0,60,,,
D-Tagaturonate,XIC,eTargetCompound,C6H10O7,,,ESI,5000,,0,,195.04993,M+H,+,1,0,120,,,,,217.03187,M+Na,+,1,0,60,,,,,212.07648,M+NH4,+,1,0,60,,,,,193.03538,M-H,-,1,0,60,,,
Galacturonic acid,XIC,eTargetCompound,C6H10O7,,,ESI,5000,,0,,195.04993,M+H,+,1,0,120,,,,,217.03187,M+Na,+,1,0,60,,,,,212.07648,M+NH4,+,1,0,60,,,,,193.03538,M-H,-,1,0,60,,,
L-Guluronic acid,XIC,eTargetCompound,C6H10O7,,,ESI,5000,,0,,195.04993,M+H,+,1,0,120,,,,,217.03187,M+Na,+,1,0,60,,,,,212.07648,M+NH4,+,1,0,60,,,,,193.03538,M-H,-,1,0,60,,,
L-Iduronic acid,XIC,eTargetCompound,C6H10O7,,,ESI,5000,,0,,195.04993,M+H,+,1,0,120,,,,,217.03187,M+Na,+,1,0,60,,,,,212.07648,M+NH4,+,1,0,60,,,,,193.03538,M-H,-,1,0,60,,,
AG011_D-Glucuronate,XIC,eTargetCompound,,,,None,0,,,,,,,,,,,,,,,,,,,,,,,,,,,,,,,,,,193.0354,M-,-,1,12.52,60,,,
5-Hydroxyconiferaldehyde,XIC,eTargetCompound,C10H10O4,,,ESI,5000,,0,,195.06519,M+H,+,1,0,120,,,,,217.04713,M+Na,+,1,0,60,,,,,212.09173,M+NH4,+,1,0,60,,,,,193.05063,M-H,-,1,0,60,,,
6-Hydroxymellein,XIC,eTargetCompound,C10H10O4,,,ESI,5000,,0,,195.06519,M+H,+,1,0,120,,,,,217.04713,M+Na,+,1,0,60,,,,,212.09173,M+NH4,+,1,0,60,,,,,193.05063,M-H,-,1,0,60,,,
Ferulate,XIC,eTargetCompound,C10H10O4,,,ESI,5000,,0,,195.06519,M+H,+,1,0,120,,,,,217.04713,M+Na,+,1,0,60,,,,,212.09173,M+NH4,+,1,0,60,,,,,193.05063,M-H,-,1,0,60,,,
Isoferulic acid,XIC,eTargetCompound,C10H10O4,,,ESI,5000,,0,,195.06519,M+H,+,1,0,120,,,,,217.04713,M+Na,+,1,0,60,,,,,212.09173,M+NH4,+,1,0,60,,,,,193.05063,M-H,-,1,0,60,,,
Scytalone,XIC,eTargetCompound,C10H10O4,,,ESI,5000,,0,,195.06519,M+H,+,1,0,120,,,,,217.04713,M+Na,+,1,0,60,,,,,212.09173,M+NH4,+,1,0,60,,,,,193.05063,M-H,-,1,0,60,,,
trans-Ferulic acid,XIC,eTargetCompound,C10H10O4,,,ESI,5000,,0,,195.06519,M+H,+,1,0,120,,,,,217.04713,M+Na,+,1,0,60,,,,,212.09173,M+NH4,+,1,0,60,,,,,193.05063,M-H,-,1,0,60,,,
4-Aminohippuric acid,XIC,eTargetCompound,C9H10N2O3,,,ESI,5000,,0,,195.07642,M+H,+,1,0,120,,,,,217.05836,M+Na,+,1,0,60,,,,,212.10297,M+NH4,+,1,0,60,,,,,193.06187,M-H,-,1,0,60,,,
(-)-Quebrachitol,XIC,eTargetCompound,C7H14O6,,,ESI,5000,,0,,195.08631,M+H,+,1,0,120,,,,,217.06826,M+Na,+,1,0,60,,,,,212.11286,M+NH4,+,1,0,60,,,,,193.07176,M-H,-,1,0,60,,,
1-O-Methyl-myo-inositol,XIC,eTargetCompound,C7H14O6,,,ESI,5000,,0,,195.08631,M+H,+,1,0,120,,,,,217.06826,M+Na,+,1,0,60,,,,,212.11286,M+NH4,+,1,0,60,,,,,193.07176,M-H,-,1,0,60,,,
3-O-Methyl-myo-inositol,XIC,eTargetCompound,C7H14O6,,,ESI,5000,,0,,195.08631,M+H,+,1,0,120,,,,,217.06826,M+Na,+,1,0,60,,,,,212.11286,M+NH4,+,1,0,60,,,,,193.07176,M-H,-,1,0,60,,,
4-O-Methyl-myo-inositol,XIC,eTargetCompound,C7H14O6,,,ESI,5000,,0,,195.08631,M+H,+,1,0,120,,,,,217.06826,M+Na,+,1,0,60,,,,,212.11286,M+NH4,+,1,0,60,,,,,193.07176,M-H,-,1,0,60,,,
5-O-Methyl-myo-inositol,XIC,eTargetCompound,C7H14O6,,,ESI,5000,,0,,195.08631,M+H,+,1,0,120,,,,,217.06826,M+Na,+,1,0,60,,,,,212.11286,M+NH4,+,1,0,60,,,,,193.07176,M-H,-,1,0,60,,,
D-Pinitol,XIC,eTargetCompound,C7H14O6,,,ESI,5000,,0,,195.08631,M+H,+,1,0,120,,,,,217.06826,M+Na,+,1,0,60,,,,,212.11286,M+NH4,+,1,0,60,,,,,193.07176,M-H,-,1,0,60,,,
Methyl beta-D-galactoside,XIC,eTargetCompound,C7H14O6,,,ESI,5000,,0,,195.08631,M+H,+,1,0,120,,,,,217.06826,M+Na,+,1,0,60,,,,,212.11286,M+NH4,+,1,0,60,,,,,193.07176,M-H,-,1,0,60,,,
O-Methyl-scyllo-inositol,XIC,eTargetCompound,C7H14O6,,,ESI,5000,,0,,195.08631,M+H,+,1,0,120,,,,,217.06826,M+Na,+,1,0,60,,,,,212.11286,M+NH4,+,1,0,60,,,,,193.07176,M-H,-,1,0,60,,,
Caffeine,XIC,eTargetCompound,C8H10N4O2,,,ESI,5000,,0,,195.08765,M+H,+,1,0,120,,,,,217.0696,M+Na,+,1,0,60,,,,,212.1142,M+NH4,+,1,0,60,,,,,193.0731,M-H,-,1,0,60,,,
6-Hydroxypseudooxynicotine,XIC,eTargetCompound,C10H14N2O2,,,ESI,5000,,0,,195.1128,M+H,+,1,0,120,,,,,217.09475,M+Na,+,1,0,60,,,,,212.13935,M+NH4,+,1,0,60,,,,,193.09825,M-H,-,1,0,60,,,
Oxidized Latia luciferin,XIC,eTargetCompound,C13H22O,,,ESI,5000,,0,,195.17434,M+H,+,1,0,120,,,,,217.15629,M+Na,+,1,0,60,,,,,212.20089,M+NH4,+,1,0,60,,,,,193.15979,M-H,-,1,0,60,,,
"2-Carboxy-2,3-dihydro-5,6-dihydroxyindole",XIC,eTargetCompound,C9H9NO4,,,ESI,5000,,0,,196.06043,M+H,+,1,0,120,,,,,218.04238,M+Na,+,1,0,60,,,,,213.08698,M+NH4,+,1,0,60,,,,,194.04588,M-H,-,1,0,60,,,
4-Carboxyphenylglycine; 4-CPG,XIC,eTargetCompound,C9H9NO4,,,ESI,5000,,0,,196.06043,M+H,+,1,0,120,,,,,218.04238,M+Na,+,1,0,60,,,,,213.08698,M+NH4,+,1,0,60,,,,,194.04588,M-H,-,1,0,60,,,
Benzamidohydroxyacetic acid,XIC,eTargetCompound,C9H9NO4,,,ESI,5000,,0,,196.06043,M+H,+,1,0,120,,,,,218.04238,M+Na,+,1,0,60,,,,,213.08698,M+NH4,+,1,0,60,,,,,194.04588,M-H,-,1,0,60,,,
Dopaquinone,XIC,eTargetCompound,C9H9NO4,,,ESI,5000,,0,,196.06043,M+H,+,1,0,120,,,,,218.04238,M+Na,+,1,0,60,,,,,213.08698,M+NH4,+,1,0,60,,,,,194.04588,M-H,-,1,0,60,,,
Salicyluric acid,XIC,eTargetCompound,C9H9NO4,,,ESI,5000,,0,,196.06043,M+H,+,1,0,120,,,,,218.04238,M+Na,+,1,0,60,,,,,213.08698,M+NH4,+,1,0,60,,,,,194.04588,M-H,-,1,0,60,,,
AIS1_MES,XIC,eInternalStandard,,,,None,0,,1,,,,,,,,,,,,,,,,,,,,,,,,,,,,,,,,194.049,M-,-,1,8.82,120,,,
2-Amino-2-deoxy-D-gluconate,XIC,eTargetCompound,C6H13NO6,,,ESI,5000,,0,,196.08156,M+H,+,1,0,120,,,,,218.06351,M+Na,+,1,0,60,,,,,213.10811,M+NH4,+,1,0,60,,,,,194.06701,M-H,-,1,0,60,,,
"2-Amino-4-hydroxy-6-hydroxymethyl-7,8-dihydropteridine",XIC,eTargetCompound,C7H9N5O2,,,ESI,5000,,0,,196.0829,M+H,+,1,0,120,,,,,218.06485,M+Na,+,1,0,60,,,,,213.10945,M+NH4,+,1,0,60,,,,,194.06835,M-H,-,1,0,60,,,
L-Tyrosine methyl ester,XIC,eTargetCompound,C10H13NO3,,,ESI,5000,,0,,196.09682,M+H,+,1,0,120,,,,,218.07876,M+Na,+,1,0,60,,,,,213.12337,M+NH4,+,1,0,60,,,,,194.08227,M-H,-,1,0,60,,,
phenazine methosulfate,XIC,eTargetCompound,C13H11N2,,,ESI,5000,,0,,196.0995,M+H,+,1,0,120,,,,,218.08144,M+Na,+,1,0,60,,,,,213.12605,M+NH4,+,1,0,60,,,,,194.08495,M-H,-,1,0,60,,,
1-Carboxyvinyl carboxyphosphonate,XIC,eTargetCompound,C4H5O7P,,,ESI,5000,,0,,196.98457,M+H,+,1,0,120,,,,,218.96651,M+Na,+,1,0,60,,,,,214.01111,M+NH4,+,1,0,60,,,,,194.97001,M-H,-,1,0,60,,,
Tetrahydroxypteridine,XIC,eTargetCompound,C6H4N4O4,,,ESI,5000,,0,,197.03053,M+H,+,1,0,120,,,,,219.01248,M+Na,+,1,0,60,,,,,214.05708,M+NH4,+,1,0,60,,,,,195.01598,M-H,-,1,0,60,,,
Xanthine-8-carboxylate,XIC,eTargetCompound,C6H4N4O4,,,ESI,5000,,0,,197.03053,M+H,+,1,0,120,,,,,219.01248,M+Na,+,1,0,60,,,,,214.05708,M+NH4,+,1,0,60,,,,,195.01598,M-H,-,1,0,60,,,
"3-(3,4-Dihydroxyphenyl)pyruvate",XIC,eTargetCompound,C9H8O5,,,ESI,5000,,0,,197.04445,M+H,+,1,0,120,,,,,219.02639,M+Na,+,1,0,60,,,,,214.071,M+NH4,+,1,0,60,,,,,195.0299,M-H,-,1,0,60,,,
AG004_Gluconic_acid,XIC,eTargetCompound,,,,None,0,,,,,,,,,,,,,,,,,,,,,,,,,,,,,,,,,,195.051,M-,-,1,8.18,30,,,
2-Carboxy-D-arabinitol,XIC,eTargetCompound,C6H12O7,,,ESI,5000,,0,,197.06558,M+H,+,1,0,120,,,,,219.04752,M+Na,+,1,0,60,,,,,214.09213,M+NH4,+,1,0,60,,,,,195.05103,M-H,-,1,0,60,,,
D-Altronate,XIC,eTargetCompound,C6H12O7,,,ESI,5000,,0,,197.06558,M+H,+,1,0,120,,,,,219.04752,M+Na,+,1,0,60,,,,,214.09213,M+NH4,+,1,0,60,,,,,195.05103,M-H,-,1,0,60,,,
D-Galactonate,XIC,eTargetCompound,C6H12O7,,,ESI,5000,,0,,197.06558,M+H,+,1,0,120,,,,,219.04752,M+Na,+,1,0,60,,,,,214.09213,M+NH4,+,1,0,60,,,,,195.05103,M-H,-,1,0,60,,,
D-Mannonate,XIC,eTargetCompound,C6H12O7,,,ESI,5000,,0,,197.06558,M+H,+,1,0,120,,,,,219.04752,M+Na,+,1,0,60,,,,,214.09213,M+NH4,+,1,0,60,,,,,195.05103,M-H,-,1,0,60,,,
Galactonic acid,XIC,eTargetCompound,C6H12O7,,,ESI,5000,,0,,197.06558,M+H,+,1,0,120,,,,,219.04752,M+Na,+,1,0,60,,,,,214.09213,M+NH4,+,1,0,60,,,,,195.05103,M-H,-,1,0,60,,,
Gluconic acid,XIC,eTargetCompound,C6H12O7,,,ESI,5000,,0,,197.06558,M+H,+,1,0,120,,,,,219.04752,M+Na,+,1,0,60,,,,,214.09213,M+NH4,+,1,0,60,,,,,195.05103,M-H,-,1,0,60,,,
L-Galactonate,XIC,eTargetCompound,C6H12O7,,,ESI,5000,,0,,197.06558,M+H,+,1,0,120,,,,,219.04752,M+Na,+,1,0,60,,,,,214.09213,M+NH4,+,1,0,60,,,,,195.05103,M-H,-,1,0,60,,,
L-Gulonate,XIC,eTargetCompound,C6H12O7,,,ESI,5000,,0,,197.06558,M+H,+,1,0,120,,,,,219.04752,M+Na,+,1,0,60,,,,,214.09213,M+NH4,+,1,0,60,,,,,195.05103,M-H,-,1,0,60,,,
L-Idonate,XIC,eTargetCompound,C6H12O7,,,ESI,5000,,0,,197.06558,M+H,+,1,0,120,,,,,219.04752,M+Na,+,1,0,60,,,,,214.09213,M+NH4,+,1,0,60,,,,,195.05103,M-H,-,1,0,60,,,
"1,3-Dimethyluric acid (Oxytheophylline)",XIC,eTargetCompound,C7H8N4O3,,,ESI,5000,,0,,197.06692,M+H,+,1,0,120,,,,,219.04886,M+Na,+,1,0,60,,,,,214.09347,M+NH4,+,1,0,60,,,,,195.05236,M-H,-,1,0,60,,,
"1,7-Dimethyluric acid",XIC,eTargetCompound,C7H8N4O3,,,ESI,5000,,0,,197.06692,M+H,+,1,0,120,,,,,219.04886,M+Na,+,1,0,60,,,,,214.09347,M+NH4,+,1,0,60,,,,,195.05236,M-H,-,1,0,60,,,
"3,7-Dimethyluric acid",XIC,eTargetCompound,C7H8N4O3,,,ESI,5000,,0,,197.06692,M+H,+,1,0,120,,,,,219.04886,M+Na,+,1,0,60,,,,,214.09347,M+NH4,+,1,0,60,,,,,195.05236,M-H,-,1,0,60,,,
5-Hydroxyconiferyl alcohol,XIC,eTargetCompound,C10H12O4,,,ESI,5000,,0,,197.08084,M+H,+,1,0,120,,,,,219.06278,M+Na,+,1,0,60,,,,,214.10738,M+NH4,+,1,0,60,,,,,195.06628,M-H,-,1,0,60,,,
phlorisobutyrophenone,XIC,eTargetCompound,C10H12O4,,,ESI,5000,,0,,197.08084,M+H,+,1,0,120,,,,,219.06278,M+Na,+,1,0,60,,,,,214.10738,M+NH4,+,1,0,60,,,,,195.06628,M-H,-,1,0,60,,,
cis-Stilbene oxide,XIC,eTargetCompound,C14H12O,,,ESI,5000,,0,,197.09609,M+H,+,1,0,120,,,,,219.07804,M+Na,+,1,0,60,,,,,214.12264,M+NH4,+,1,0,60,,,,,195.08154,M-H,-,1,0,60,,,
Geranyl acetate,XIC,eTargetCompound,C12H20O2,,,ESI,5000,,0,,197.15361,M+H,+,1,0,120,,,,,219.13555,M+Na,+,1,0,60,,,,,214.18016,M+NH4,+,1,0,60,,,,,195.13905,M-H,-,1,0,60,,,
L-(+)-Selenomethionine,XIC,eTargetCompound,C5H11NO2Se,,,ESI,5000,,0,,198.00278,M+H,+,1,0,120,,,,,219.98472,M+Na,+,1,0,60,,,,,215.02933,M+NH4,+,1,0,60,,,,,195.98822,M-H,-,1,0,60,,,
Selenomethionine,XIC,eTargetCompound,C5H11NO2Se,,,ESI,5000,,0,,198.00278,M+H,+,1,0,120,,,,,219.98472,M+Na,+,1,0,60,,,,,215.02933,M+NH4,+,1,0,60,,,,,195.98822,M-H,-,1,0,60,,,
Phosphoguanidinoacetate,XIC,eTargetCompound,C3H8N3O5P,,,ESI,5000,,0,,198.02743,M+H,+,1,0,120,,,,,220.00938,M+Na,+,1,0,60,,,,,215.05398,M+NH4,+,1,0,60,,,,,196.01288,M-H,-,1,0,60,,,
"3-Hydroxy-2-methylpyridine-4,5-dicarboxylate",XIC,eTargetCompound,C8H7NO5,,,ESI,5000,,0,,198.0397,M+H,+,1,0,120,,,,,220.02164,M+Na,+,1,0,60,,,,,215.06625,M+NH4,+,1,0,60,,,,,196.02515,M-H,-,1,0,60,,,
Clavulanate-9-aldehyde,XIC,eTargetCompound,C8H7NO5,,,ESI,5000,,0,,198.0397,M+H,+,1,0,120,,,,,220.02164,M+Na,+,1,0,60,,,,,215.06625,M+NH4,+,1,0,60,,,,,196.02515,M-H,-,1,0,60,,,
TRIBOA,XIC,eTargetCompound,C8H7NO5,,,ESI,5000,,0,,198.0397,M+H,+,1,0,120,,,,,220.02164,M+Na,+,1,0,60,,,,,215.06625,M+NH4,+,1,0,60,,,,,196.02515,M-H,-,1,0,60,,,
Tauropine,XIC,eTargetCompound,C5H11NO5S,,,ESI,5000,,0,,198.04307,M+H,+,1,0,120,,,,,220.02501,M+Na,+,1,0,60,,,,,215.06962,M+NH4,+,1,0,60,,,,,196.02852,M-H,-,1,0,60,,,
Guanidinoethyl methyl phosphate,XIC,eTargetCompound,C4H12N3O4P,,,ESI,5000,,0,,198.06382,M+H,+,1,0,120,,,,,220.04576,M+Na,+,1,0,60,,,,,215.09037,M+NH4,+,1,0,60,,,,,196.04927,M-H,-,1,0,60,,,
"3,4-Dihydroxy-L-phenylalanine (L-Dopa)",XIC,eTargetCompound,C9H11NO4,,,ESI,5000,,0,,198.07608,M+H,+,1,0,120,,,,,220.05803,M+Na,+,1,0,60,,,,,215.10263,M+NH4,+,1,0,60,,,,,196.06153,M-H,-,1,0,60,,,
N-Hydroxy-L-tyrosine,XIC,eTargetCompound,C9H11NO4,,,ESI,5000,,0,,198.07608,M+H,+,1,0,120,,,,,220.05803,M+Na,+,1,0,60,,,,,215.10263,M+NH4,+,1,0,60,,,,,196.06153,M-H,-,1,0,60,,,
N-Acetyl-L-histidine,XIC,eTargetCompound,C8H11N3O3,,,ESI,5000,,0,,198.08732,M+H,+,1,0,120,,,,,220.06926,M+Na,+,1,0,60,,,,,215.11387,M+NH4,+,1,0,60,,,,,196.07276,M-H,-,1,0,60,,,
Metanephrine,XIC,eTargetCompound,C10H15NO3,,,ESI,5000,,0,,198.11247,M+H,+,1,0,120,,,,,220.09441,M+Na,+,1,0,60,,,,,215.13902,M+NH4,+,1,0,60,,,,,196.09792,M-H,-,1,0,60,,,
2-Oxopropyl-CoM,XIC,eTargetCompound,C5H10O4S2,,,ESI,5000,,0,,199.00933,M+H,+,1,0,120,,,,,220.99127,M+Na,+,1,0,60,,,,,216.03588,M+NH4,+,1,0,60,,,,,196.99477,M-H,-,1,0,60,,,
"3,4-Dihydroxyphthalate",XIC,eTargetCompound,C8H6O6,,,ESI,5000,,0,,199.02371,M+H,+,1,0,120,,,,,221.00566,M+Na,+,1,0,60,,,,,216.05026,M+NH4,+,1,0,60,,,,,197.00916,M-H,-,1,0,60,,,
"2,4-Dinitrophenylhydrazine",XIC,eTargetCompound,C6H6N4O4,,,ESI,5000,,0,,199.04618,M+H,+,1,0,120,,,,,221.02813,M+Na,+,1,0,60,,,,,216.07273,M+NH4,+,1,0,60,,,,,197.03163,M-H,-,1,0,60,,,
"3-(3,4-Dihydroxyphenyl)lactate",XIC,eTargetCompound,C9H10O5,,,ESI,5000,,0,,199.0601,M+H,+,1,0,120,,,,,221.04204,M+Na,+,1,0,60,,,,,216.08665,M+NH4,+,1,0,60,,,,,197.04555,M-H,-,1,0,60,,,
Syringic acid,XIC,eTargetCompound,C9H10O5,,,ESI,5000,,0,,199.0601,M+H,+,1,0,120,,,,,221.04204,M+Na,+,1,0,60,,,,,216.08665,M+NH4,+,1,0,60,,,,,197.04555,M-H,-,1,0,60,,,
Vanillylmandelic acid,XIC,eTargetCompound,C9H10O5,,,ESI,5000,,0,,199.0601,M+H,+,1,0,120,,,,,221.04204,M+Na,+,1,0,60,,,,,216.08665,M+NH4,+,1,0,60,,,,,197.04555,M-H,-,1,0,60,,,
(S)-2-Amino-3-(3-hydroxy-4-oxo-4H-pyridin-1-yl)propanoate,XIC,eTargetCompound,C8H10N2O4,,,ESI,5000,,0,,199.07133,M+H,+,1,0,120,,,,,221.05328,M+Na,+,1,0,60,,,,,216.09788,M+NH4,+,1,0,60,,,,,197.05678,M-H,-,1,0,60,,,
Clavaminic acid,XIC,eTargetCompound,C8H10N2O4,,,ESI,5000,,0,,199.07133,M+H,+,1,0,120,,,,,221.05328,M+Na,+,1,0,60,,,,,216.09788,M+NH4,+,1,0,60,,,,,197.05678,M-H,-,1,0,60,,,
5-Acetylamino-6-amino-3-methyluracil,XIC,eTargetCompound,C7H10N4O3,,,ESI,5000,,0,,199.08257,M+H,+,1,0,120,,,,,221.06451,M+Na,+,1,0,60,,,,,216.10912,M+NH4,+,1,0,60,,,,,197.06801,M-H,-,1,0,60,,,
Harmalol,XIC,eTargetCompound,C12H10N2O,,,ESI,5000,,0,,199.08659,M+H,+,1,0,120,,,,,221.06853,M+Na,+,1,0,60,,,,,216.11314,M+NH4,+,1,0,60,,,,,197.07204,M-H,-,1,0,60,,,
"1-(3,4-dimethoxylphenyl)ethane-1,2-diol",XIC,eTargetCompound,C10H14O4,,,ESI,5000,,0,,199.09649,M+H,+,1,0,120,,,,,221.07843,M+Na,+,1,0,60,,,,,216.12303,M+NH4,+,1,0,60,,,,,197.08193,M-H,-,1,0,60,,,
Hercynine,XIC,eTargetCompound,C9H16N3O2,,,ESI,5000,,0,,199.13153,M+H,+,1,0,120,,,,,221.11347,M+Na,+,1,0,60,,,,,216.15808,M+NH4,+,1,0,60,,,,,197.11698,M-H,-,1,0,60,,,
Guaiazulene,XIC,eTargetCompound,C15H18,,,ESI,5000,,0,,199.14813,M+H,+,1,0,120,,,,,221.13007,M+Na,+,1,0,60,,,,,216.17468,M+NH4,+,1,0,60,,,,,197.13357,M-H,-,1,0,60,,,
(-)-Menthyl acetate,XIC,eTargetCompound,C12H22O2,,,ESI,5000,,0,,199.16926,M+H,+,1,0,120,,,,,221.1512,M+Na,+,1,0,60,,,,,216.19581,M+NH4,+,1,0,60,,,,,197.1547,M-H,-,1,0,60,,,
Iminoerythrose 4-phosphate,XIC,eTargetCompound,C4H10NO6P,,,ESI,5000,,0,,200.03185,M+H,+,1,0,120,,,,,222.01379,M+Na,+,1,0,60,,,,,217.0584,M+NH4,+,1,0,60,,,,,198.0173,M-H,-,1,0,60,,,
L-Threonine O-3-phosphate,XIC,eTargetCompound,C4H10NO6P,,,ESI,5000,,0,,200.03185,M+H,+,1,0,120,,,,,222.01379,M+Na,+,1,0,60,,,,,217.0584,M+NH4,+,1,0,60,,,,,198.0173,M-H,-,1,0,60,,,
O-Phospho-L-homoserine,XIC,eTargetCompound,C4H10NO6P,,,ESI,5000,,0,,200.03185,M+H,+,1,0,120,,,,,222.01379,M+Na,+,1,0,60,,,,,217.0584,M+NH4,+,1,0,60,,,,,198.0173,M-H,-,1,0,60,,,
Clavulanic acid,XIC,eTargetCompound,C8H9NO5,,,ESI,5000,,0,,200.05535,M+H,+,1,0,120,,,,,222.03729,M+Na,+,1,0,60,,,,,217.0819,M+NH4,+,1,0,60,,,,,198.0408,M-H,-,1,0,60,,,
3-(Uracil-1-yl)-L-alanine,XIC,eTargetCompound,C7H9N3O4,,,ESI,5000,,0,,200.06658,M+H,+,1,0,120,,,,,222.04853,M+Na,+,1,0,60,,,,,217.09313,M+NH4,+,1,0,60,,,,,198.05203,M-H,-,1,0,60,,,
Isowillardiine,XIC,eTargetCompound,C7H9N3O4,,,ESI,5000,,0,,200.06658,M+H,+,1,0,120,,,,,222.04853,M+Na,+,1,0,60,,,,,217.09313,M+NH4,+,1,0,60,,,,,198.05203,M-H,-,1,0,60,,,
Ecgonine methyl ester,XIC,eTargetCompound,C10H17NO3,,,ESI,5000,,0,,200.12812,M+H,+,1,0,120,,,,,222.11006,M+Na,+,1,0,60,,,,,217.15467,M+NH4,+,1,0,60,,,,,198.11357,M-H,-,1,0,60,,,
AE001_Erythrose4-phosphate,XIC,eTargetCompound,,,,None,0,,,,,,,,,,,,,,,,,,,,,,,,,,,,,,,,,,199.0013,M-,-,1,36.07,60,,,
D-Erythrose 4-phosphate,XIC,eTargetCompound,C4H9O7P,,,ESI,5000,,0,,201.01587,M+H,+,1,0,120,,,,,222.99781,M+Na,+,1,0,60,,,,,218.04241,M+NH4,+,1,0,60,,,,,199.00131,M-H,-,1,0,60,,,
Erythrulose 1-phosphate,XIC,eTargetCompound,C4H9O7P,,,ESI,5000,,0,,201.01587,M+H,+,1,0,120,,,,,222.99781,M+Na,+,1,0,60,,,,,218.04241,M+NH4,+,1,0,60,,,,,199.00131,M-H,-,1,0,60,,,
(R)-2-Hydroxypropyl-CoM,XIC,eTargetCompound,C5H12O4S2,,,ESI,5000,,0,,201.02498,M+H,+,1,0,120,,,,,223.00692,M+Na,+,1,0,60,,,,,218.05153,M+NH4,+,1,0,60,,,,,199.01042,M-H,-,1,0,60,,,
(S)-2-Hydroxypropyl-CoM,XIC,eTargetCompound,C5H12O4S2,,,ESI,5000,,0,,201.02498,M+H,+,1,0,120,,,,,223.00692,M+Na,+,1,0,60,,,,,218.05153,M+NH4,+,1,0,60,,,,,199.01042,M-H,-,1,0,60,,,
4-Fumarylacetoacetate,XIC,eTargetCompound,C8H8O6,,,ESI,5000,,0,,201.03936,M+H,+,1,0,120,,,,,223.02131,M+Na,+,1,0,60,,,,,218.06591,M+NH4,+,1,0,60,,,,,199.02481,M-H,-,1,0,60,,,
4-Maleylacetoacetate,XIC,eTargetCompound,C8H8O6,,,ESI,5000,,0,,201.03936,M+H,+,1,0,120,,,,,223.02131,M+Na,+,1,0,60,,,,,218.06591,M+NH4,+,1,0,60,,,,,199.02481,M-H,-,1,0,60,,,
"3-(3,4-Dihydroxypyridin-1-yl)-L-alanine",XIC,eTargetCompound,C8H12N2O4,,,ESI,5000,,0,,201.08698,M+H,+,1,0,120,,,,,223.06893,M+Na,+,1,0,60,,,,,218.11353,M+NH4,+,1,0,60,,,,,199.07243,M-H,-,1,0,60,,,
Dihydroclavaminic acid,XIC,eTargetCompound,C8H12N2O4,,,ESI,5000,,0,,201.08698,M+H,+,1,0,120,,,,,223.06893,M+Na,+,1,0,60,,,,,218.11353,M+NH4,+,1,0,60,,,,,199.07243,M-H,-,1,0,60,,,
1-Tridecanol,XIC,eTargetCompound,C13H28O,,,ESI,5000,,0,,201.22129,M+H,+,1,0,120,,,,,223.20324,M+Na,+,1,0,60,,,,,218.24784,M+NH4,+,1,0,60,,,,,199.20674,M-H,-,1,0,60,,,
Cysteine-S-sulfate,XIC,eTargetCompound,C3H7NO5S2 ,,,ESI,5000,,0,,201.98384,M+H,+,1,0,120,,,,,223.96578,M+Na,+,1,0,60,,,,,219.01039,M+NH4,+,1,0,60,,,,,199.96929,M-H,-,1,0,60,,,
S-Sulfo-L-cysteine,XIC,eTargetCompound,C3H7NO5S2,,,ESI,5000,,0,,201.98384,M+H,+,1,0,120,,,,,223.96578,M+Na,+,1,0,60,,,,,219.01039,M+NH4,+,1,0,60,,,,,199.96929,M-H,-,1,0,60,,,
AC005_L-Cysteine_S-sulfate,XIC,eTargetCompound,,,,None,0,,,,,,,,,,,,,,,,,,,,,,,,,,,,,,,,,,199.9693,M-,-,1,28.02,80,,,
thiabendazole,XIC,eTargetCompound,C10H7N3S,,,ESI,5000,,0,,202.04334,M+H,+,1,0,120,,,,,224.02529,M+Na,+,1,0,60,,,,,219.06989,M+NH4,+,1,0,60,,,,,200.02879,M-H,-,1,0,60,,,
Simazine,XIC,eTargetCompound,C7H12N5Cl,,,ESI,5000,,0,,202.0854,M+H,+,1,0,120,,,,,224.06734,M+Na,+,1,0,60,,,,,219.11195,M+NH4,+,1,0,60,,,,,200.07085,M-H,-,1,0,60,,,
Heteropyrithiamine,XIC,eTargetCompound,C11H13N4,,,ESI,5000,,0,,202.1213,M+H,+,1,0,120,,,,,224.10324,M+Na,+,1,0,60,,,,,219.14785,M+NH4,+,1,0,60,,,,,200.10674,M-H,-,1,0,60,,,
Capryloylglycine,XIC,eTargetCompound,C10H19NO3,,,ESI,5000,,0,,202.14377,M+H,+,1,0,120,,,,,224.12571,M+Na,+,1,0,60,,,,,219.17032,M+NH4,+,1,0,60,,,,,200.12922,M-H,-,1,0,60,,,
"4-carboxy-2-hydroxy-cis,cis-muconate",XIC,eTargetCompound,C7H6O7,,,ESI,5000,,0,,203.01863,M+H,+,1,0,120,,,,,225.00057,M+Na,+,1,0,60,,,,,220.04518,M+NH4,+,1,0,60,,,,,201.00408,M-H,-,1,0,60,,,
4-Carboxy-2-oxo-3-hexenedioate,XIC,eTargetCompound,C7H6O7,,,ESI,5000,,0,,203.01863,M+H,+,1,0,120,,,,,225.00057,M+Na,+,1,0,60,,,,,220.04518,M+NH4,+,1,0,60,,,,,201.00408,M-H,-,1,0,60,,,
D-Erythritol 4-phosphate,XIC,eTargetCompound,C4H11O7P,,,ESI,5000,,0,,203.03152,M+H,+,1,0,120,,,,,225.01346,M+Na,+,1,0,60,,,,,220.05806,M+NH4,+,1,0,60,,,,,201.01696,M-H,-,1,0,60,,,
Bergaptol,XIC,eTargetCompound,C11H6O4,,,ESI,5000,,0,,203.03389,M+H,+,1,0,120,,,,,225.01583,M+Na,+,1,0,60,,,,,220.06043,M+NH4,+,1,0,60,,,,,201.01933,M-H,-,1,0,60,,,
Xanthotoxol,XIC,eTargetCompound,C11H6O4,,,ESI,5000,,0,,203.03389,M+H,+,1,0,120,,,,,225.01583,M+Na,+,1,0,60,,,,,220.06043,M+NH4,+,1,0,60,,,,,201.01933,M-H,-,1,0,60,,,
"5-Hydroxy-2-oxo-4-ureido-2,5-dihydro-1H-imidazole-5-carboxylate",XIC,eTargetCompound,C5H6N4O5,,,ESI,5000,,0,,203.0411,M+H,+,1,0,120,,,,,225.02304,M+Na,+,1,0,60,,,,,220.06764,M+NH4,+,1,0,60,,,,,201.02654,M-H,-,1,0,60,,,
"alpha,beta-Didehydrotryptophan",XIC,eTargetCompound,C11H10N2O2,,,ESI,5000,,0,,203.0815,M+H,+,1,0,120,,,,,225.06345,M+Na,+,1,0,60,,,,,220.10805,M+NH4,+,1,0,60,,,,,201.06695,M-H,-,1,0,60,,,
Diethyl 2-methyl-3-oxosuccinate,XIC,eTargetCompound,C9H14O5,,,ESI,5000,,0,,203.0914,M+H,+,1,0,120,,,,,225.07334,M+Na,+,1,0,60,,,,,220.11795,M+NH4,+,1,0,60,,,,,201.07685,M-H,-,1,0,60,,,
Proclavaminic acid,XIC,eTargetCompound,C8H14N2O4,,,ESI,5000,,0,,203.10263,M+H,+,1,0,120,,,,,225.08458,M+Na,+,1,0,60,,,,,220.12918,M+NH4,+,1,0,60,,,,,201.08808,M-H,-,1,0,60,,,
Sebacic acid,XIC,eTargetCompound,C10H18O4,,,ESI,5000,,0,,203.12779,M+H,+,1,0,120,,,,,225.10973,M+Na,+,1,0,60,,,,,220.15433,M+NH4,+,1,0,60,,,,,201.11323,M-H,-,1,0,60,,,
Symmetric dimethylarginine,XIC,eTargetCompound,C8H18N4O2,,,ESI,5000,,0,,203.15025,M+H,+,1,0,120,,,,,225.1322,M+Na,+,1,0,60,,,,,220.1768,M+NH4,+,1,0,60,,,,,201.1357,M-H,-,1,0,60,,,
alpha-Curcumene,XIC,eTargetCompound,C15H22,,,ESI,5000,,0,,203.17943,M+H,+,1,0,120,,,,,225.16137,M+Na,+,1,0,60,,,,,220.20598,M+NH4,+,1,0,60,,,,,201.16487,M-H,-,1,0,60,,,
Spermine,XIC,eTargetCompound,C10H26N4,,,ESI,5000,,0,,203.22302,M+H,+,1,0,120,,,,,225.20497,M+Na,+,1,0,60,,,,,220.24957,M+NH4,+,1,0,60,,,,,201.20847,M-H,-,1,0,60,,,
Indole-3-pyruvic acid,XIC,eTargetCompound,C11H9NO3,,,ESI,5000,,0,,204.06552,M+H,+,1,0,120,,,,,226.04746,M+Na,+,1,0,60,,,,,221.09207,M+NH4,+,1,0,60,,,,,202.05097,M-H,-,1,0,60,,,
N2-Acetyl-L-aminoadipate,XIC,eTargetCompound,C8H13NO5,,,ESI,5000,,0,,204.08665,M+H,+,1,0,120,,,,,226.06859,M+Na,+,1,0,60,,,,,221.1132,M+NH4,+,1,0,60,,,,,202.0721,M-H,-,1,0,60,,,
3-Indolebutyric acid,XIC,eTargetCompound,C12H13NO2,,,ESI,5000,,0,,204.10191,M+H,+,1,0,120,,,,,226.08385,M+Na,+,1,0,60,,,,,221.12845,M+NH4,+,1,0,60,,,,,202.08735,M-H,-,1,0,60,,,
L-Tryptophanamide,XIC,eTargetCompound,C11H13N3O,,,ESI,5000,,0,,204.11314,M+H,+,1,0,120,,,,,226.09508,M+Na,+,1,0,60,,,,,221.13969,M+NH4,+,1,0,60,,,,,202.09859,M-H,-,1,0,60,,,
Acetyl-L-carnitine,XIC,eTargetCompound,C9H17NO4,,,ESI,5000,,0,,204.12303,M+H,+,1,0,120,,,,,226.10498,M+Na,+,1,0,60,,,,,221.14958,M+NH4,+,1,0,60,,,,,202.10848,M-H,-,1,0,60,,,
N6-(delta2-Isopentenyl)-adenine,XIC,eTargetCompound,C10H13N5,,,ESI,5000,,0,,204.12437,M+H,+,1,0,120,,,,,226.10632,M+Na,+,1,0,60,,,,,221.15092,M+NH4,+,1,0,60,,,,,202.10982,M-H,-,1,0,60,,,
9-methylthiononanaldoxime,XIC,eTargetCompound,C10H21NOS,,,ESI,5000,,0,,204.14166,M+H,+,1,0,120,,,,,226.12361,M+Na,+,1,0,60,,,,,221.16821,M+NH4,+,1,0,60,,,,,202.12711,M-H,-,1,0,60,,,
CCCP,XIC,eTargetCompound,C9H5N4Cl,,,ESI,5000,,0,,205.02755,M+H,+,1,0,120,,,,,227.0095,M+Na,+,1,0,60,,,,,222.0541,M+NH4,+,1,0,60,,,,,203.013,M-H,-,1,0,60,,,
Oxaloglutarate,XIC,eTargetCompound,C7H8O7,,,ESI,5000,,0,,205.03428,M+H,+,1,0,120,,,,,227.01622,M+Na,+,1,0,60,,,,,222.06083,M+NH4,+,1,0,60,,,,,203.01973,M-H,-,1,0,60,,,
"1,4-Dihydroxy-2-naphthoate",XIC,eTargetCompound,C11H8O4,,,ESI,5000,,0,,205.04954,M+H,+,1,0,120,,,,,227.03148,M+Na,+,1,0,60,,,,,222.07608,M+NH4,+,1,0,60,,,,,203.03498,M-H,-,1,0,60,,,
"1,4-dihydroxy-6-naphthoate",XIC,eTargetCompound,C11H8O4,,,ESI,5000,,0,,205.04954,M+H,+,1,0,120,,,,,227.03148,M+Na,+,1,0,60,,,,,222.07608,M+NH4,+,1,0,60,,,,,203.03498,M-H,-,1,0,60,,,
D-Tryptophan,XIC,eTargetCompound,C11H12N2O2,,,ESI,5000,,0,,205.09715,M+H,+,1,0,120,,,,,227.0791,M+Na,+,1,0,60,,,,,222.1237,M+NH4,+,1,0,60,,,,,203.0826,M-H,-,1,0,60,,,
L-Tryptophan,XIC,eTargetCompound,C11H12N2O2,,,ESI,5000,,0,,205.09715,M+H,+,1,0,120,,,,,227.0791,M+Na,+,1,0,60,,,,,222.1237,M+NH4,+,1,0,60,,,,,203.0826,M-H,-,1,0,60,,,
"Diethyl (2R,3R)-2-methyl-3-hydroxysuccinate",XIC,eTargetCompound,C9H16O5,,,ESI,5000,,0,,205.10705,M+H,+,1,0,120,,,,,227.08899,M+Na,+,1,0,60,,,,,222.1336,M+NH4,+,1,0,60,,,,,203.0925,M-H,-,1,0,60,,,
N5-(L-1-Carboxyethyl)-L-ornithine,XIC,eTargetCompound,C8H16N2O4,,,ESI,5000,,0,,205.11828,M+H,+,1,0,120,,,,,227.10023,M+Na,+,1,0,60,,,,,222.14483,M+NH4,+,1,0,60,,,,,203.10373,M-H,-,1,0,60,,,
N6-Acetyl-N6-hydroxy-L-lysine,XIC,eTargetCompound,C8H16N2O4,,,ESI,5000,,0,,205.11828,M+H,+,1,0,120,,,,,227.10023,M+Na,+,1,0,60,,,,,222.14483,M+NH4,+,1,0,60,,,,,203.10373,M-H,-,1,0,60,,,
O-Acetylcarnitine,XIC,eTargetCompound,C9H18NO4,,,ESI,5000,,0,,205.13086,M+H,+,1,0,120,,,,,227.1128,M+Na,+,1,0,60,,,,,222.15741,M+NH4,+,1,0,60,,,,,203.11631,M-H,-,1,0,60,,,
Bufotenine,XIC,eTargetCompound,C12H16N2O,,,ESI,5000,,0,,205.13354,M+H,+,1,0,120,,,,,227.11548,M+Na,+,1,0,60,,,,,222.16009,M+NH4,+,1,0,60,,,,,203.11899,M-H,-,1,0,60,,,
 (-)-alpha-Cedrene,XIC,eTargetCompound,C15H24,,,ESI,5000,,0,,205.19508,M+H,+,1,0,120,,,,,227.17702,M+Na,+,1,0,60,,,,,222.22163,M+NH4,+,1,0,60,,,,,203.18052,M-H,-,1,0,60,,,
 (-)-Thujopsene,XIC,eTargetCompound,C15H24,,,ESI,5000,,0,,205.19508,M+H,+,1,0,120,,,,,227.17702,M+Na,+,1,0,60,,,,,222.22163,M+NH4,+,1,0,60,,,,,203.18052,M-H,-,1,0,60,,,
 (+)-delta-Cadinene,XIC,eTargetCompound,C15H24,,,ESI,5000,,0,,205.19508,M+H,+,1,0,120,,,,,227.17702,M+Na,+,1,0,60,,,,,222.22163,M+NH4,+,1,0,60,,,,,203.18052,M-H,-,1,0,60,,,
 (+)-Longifolene,XIC,eTargetCompound,C15H24,,,ESI,5000,,0,,205.19508,M+H,+,1,0,120,,,,,227.17702,M+Na,+,1,0,60,,,,,222.22163,M+NH4,+,1,0,60,,,,,203.18052,M-H,-,1,0,60,,,
 beta-Cadinene,XIC,eTargetCompound,C15H24,,,ESI,5000,,0,,205.19508,M+H,+,1,0,120,,,,,227.17702,M+Na,+,1,0,60,,,,,222.22163,M+NH4,+,1,0,60,,,,,203.18052,M-H,-,1,0,60,,,
 beta-Caryophyllene,XIC,eTargetCompound,C15H24,,,ESI,5000,,0,,205.19508,M+H,+,1,0,120,,,,,227.17702,M+Na,+,1,0,60,,,,,222.22163,M+NH4,+,1,0,60,,,,,203.18052,M-H,-,1,0,60,,,
 Germacrene B,XIC,eTargetCompound,C15H24,,,ESI,5000,,0,,205.19508,M+H,+,1,0,120,,,,,227.17702,M+Na,+,1,0,60,,,,,222.22163,M+NH4,+,1,0,60,,,,,203.18052,M-H,-,1,0,60,,,
 Humulene,XIC,eTargetCompound,C15H24,,,ESI,5000,,0,,205.19508,M+H,+,1,0,120,,,,,227.17702,M+Na,+,1,0,60,,,,,222.22163,M+NH4,+,1,0,60,,,,,203.18052,M-H,-,1,0,60,,,
 Trichodiene,XIC,eTargetCompound,C15H24,,,ESI,5000,,0,,205.19508,M+H,+,1,0,120,,,,,227.17702,M+Na,+,1,0,60,,,,,222.22163,M+NH4,+,1,0,60,,,,,203.18052,M-H,-,1,0,60,,,
 Zingiberene,XIC,eTargetCompound,C15H24,,,ESI,5000,,0,,205.19508,M+H,+,1,0,120,,,,,227.17702,M+Na,+,1,0,60,,,,,222.22163,M+NH4,+,1,0,60,,,,,203.18052,M-H,-,1,0,60,,,
&beta;-sesquiphellandrene,XIC,eTargetCompound,C15H24,,,ESI,5000,,0,,205.19508,M+H,+,1,0,120,,,,,227.17702,M+Na,+,1,0,60,,,,,222.22163,M+NH4,+,1,0,60,,,,,203.18052,M-H,-,1,0,60,,,
&gamma;-humulene,XIC,eTargetCompound,C15H24,,,ESI,5000,,0,,205.19508,M+H,+,1,0,120,,,,,227.17702,M+Na,+,1,0,60,,,,,222.22163,M+NH4,+,1,0,60,,,,,203.18052,M-H,-,1,0,60,,,
(-)-&beta;-bisabolene,XIC,eTargetCompound,C15H24,,,ESI,5000,,0,,205.19508,M+H,+,1,0,120,,,,,227.17702,M+Na,+,1,0,60,,,,,222.22163,M+NH4,+,1,0,60,,,,,203.18052,M-H,-,1,0,60,,,
(-)-Germacrene D,XIC,eTargetCompound,C15H24,,,ESI,5000,,0,,205.19508,M+H,+,1,0,120,,,,,227.17702,M+Na,+,1,0,60,,,,,222.22163,M+NH4,+,1,0,60,,,,,203.18052,M-H,-,1,0,60,,,
(+)-Germacrene A,XIC,eTargetCompound,C15H24,,,ESI,5000,,0,,205.19508,M+H,+,1,0,120,,,,,227.17702,M+Na,+,1,0,60,,,,,222.22163,M+NH4,+,1,0,60,,,,,203.18052,M-H,-,1,0,60,,,
alpha-Chamigrene,XIC,eTargetCompound,C15H24,,,ESI,5000,,0,,205.19508,M+H,+,1,0,120,,,,,227.17702,M+Na,+,1,0,60,,,,,222.22163,M+NH4,+,1,0,60,,,,,203.18052,M-H,-,1,0,60,,,
alpha-Copaene,XIC,eTargetCompound,C15H24,,,ESI,5000,,0,,205.19508,M+H,+,1,0,120,,,,,227.17702,M+Na,+,1,0,60,,,,,222.22163,M+NH4,+,1,0,60,,,,,203.18052,M-H,-,1,0,60,,,
alpha-Cubebene,XIC,eTargetCompound,C15H24,,,ESI,5000,,0,,205.19508,M+H,+,1,0,120,,,,,227.17702,M+Na,+,1,0,60,,,,,222.22163,M+NH4,+,1,0,60,,,,,203.18052,M-H,-,1,0,60,,,
alpha-Farnesene,XIC,eTargetCompound,C15H24,,,ESI,5000,,0,,205.19508,M+H,+,1,0,120,,,,,227.17702,M+Na,+,1,0,60,,,,,222.22163,M+NH4,+,1,0,60,,,,,203.18052,M-H,-,1,0,60,,,
alpha-Ylangene,XIC,eTargetCompound,C15H24,,,ESI,5000,,0,,205.19508,M+H,+,1,0,120,,,,,227.17702,M+Na,+,1,0,60,,,,,222.22163,M+NH4,+,1,0,60,,,,,203.18052,M-H,-,1,0,60,,,
"Amorpha-4,11-diene",XIC,eTargetCompound,C15H24,,,ESI,5000,,0,,205.19508,M+H,+,1,0,120,,,,,227.17702,M+Na,+,1,0,60,,,,,222.22163,M+NH4,+,1,0,60,,,,,203.18052,M-H,-,1,0,60,,,
Aristolochene,XIC,eTargetCompound,C15H24,,,ESI,5000,,0,,205.19508,M+H,+,1,0,120,,,,,227.17702,M+Na,+,1,0,60,,,,,222.22163,M+NH4,+,1,0,60,,,,,203.18052,M-H,-,1,0,60,,,
beta-Chamigrene,XIC,eTargetCompound,C15H24,,,ESI,5000,,0,,205.19508,M+H,+,1,0,120,,,,,227.17702,M+Na,+,1,0,60,,,,,222.22163,M+NH4,+,1,0,60,,,,,203.18052,M-H,-,1,0,60,,,
beta-Cubebene,XIC,eTargetCompound,C15H24,,,ESI,5000,,0,,205.19508,M+H,+,1,0,120,,,,,227.17702,M+Na,+,1,0,60,,,,,222.22163,M+NH4,+,1,0,60,,,,,203.18052,M-H,-,1,0,60,,,
beta-Farnesene,XIC,eTargetCompound,C15H24,,,ESI,5000,,0,,205.19508,M+H,+,1,0,120,,,,,227.17702,M+Na,+,1,0,60,,,,,222.22163,M+NH4,+,1,0,60,,,,,203.18052,M-H,-,1,0,60,,,
beta-Santalene,XIC,eTargetCompound,C15H24,,,ESI,5000,,0,,205.19508,M+H,+,1,0,120,,,,,227.17702,M+Na,+,1,0,60,,,,,222.22163,M+NH4,+,1,0,60,,,,,203.18052,M-H,-,1,0,60,,,
beta-Selinene,XIC,eTargetCompound,C15H24,,,ESI,5000,,0,,205.19508,M+H,+,1,0,120,,,,,227.17702,M+Na,+,1,0,60,,,,,222.22163,M+NH4,+,1,0,60,,,,,203.18052,M-H,-,1,0,60,,,
epi-Isozizaene,XIC,eTargetCompound,C15H24,,,ESI,5000,,0,,205.19508,M+H,+,1,0,120,,,,,227.17702,M+Na,+,1,0,60,,,,,222.22163,M+NH4,+,1,0,60,,,,,203.18052,M-H,-,1,0,60,,,
Pentalenene,XIC,eTargetCompound,C15H24,,,ESI,5000,,0,,205.19508,M+H,+,1,0,120,,,,,227.17702,M+Na,+,1,0,60,,,,,222.22163,M+NH4,+,1,0,60,,,,,203.18052,M-H,-,1,0,60,,,
valencene,XIC,eTargetCompound,C15H24,,,ESI,5000,,0,,205.19508,M+H,+,1,0,120,,,,,227.17702,M+Na,+,1,0,60,,,,,222.22163,M+NH4,+,1,0,60,,,,,203.18052,M-H,-,1,0,60,,,
Vetispiradiene,XIC,eTargetCompound,C15H24,,,ESI,5000,,0,,205.19508,M+H,+,1,0,120,,,,,227.17702,M+Na,+,1,0,60,,,,,222.22163,M+NH4,+,1,0,60,,,,,203.18052,M-H,-,1,0,60,,,
Xanthurenic acid,XIC,eTargetCompound,C10H7NO4,,,ESI,5000,,0,,206.04478,M+H,+,1,0,120,,,,,228.02673,M+Na,+,1,0,60,,,,,223.07133,M+NH4,+,1,0,60,,,,,204.03023,M-H,-,1,0,60,,,
5-Methoxyindoleacetate,XIC,eTargetCompound,C11H11NO3,,,ESI,5000,,0,,206.08117,M+H,+,1,0,120,,,,,228.06311,M+Na,+,1,0,60,,,,,223.10772,M+NH4,+,1,0,60,,,,,204.06662,M-H,-,1,0,60,,,
Cinnamoylglycine,XIC,eTargetCompound,C11H11NO3,,,ESI,5000,,0,,206.08117,M+H,+,1,0,120,,,,,228.06311,M+Na,+,1,0,60,,,,,223.10772,M+NH4,+,1,0,60,,,,,204.06662,M-H,-,1,0,60,,,
Indolelactic acid,XIC,eTargetCompound,C11H11NO3,,,ESI,5000,,0,,206.08117,M+H,+,1,0,120,,,,,228.06311,M+Na,+,1,0,60,,,,,223.10772,M+NH4,+,1,0,60,,,,,204.06662,M-H,-,1,0,60,,,
tetrahomomethionine,XIC,eTargetCompound,C9H19NO2S,,,ESI,5000,,0,,206.12093,M+H,+,1,0,120,,,,,228.10287,M+Na,+,1,0,60,,,,,223.14748,M+NH4,+,1,0,60,,,,,204.10637,M-H,-,1,0,60,,,
Pantothenol,XIC,eTargetCompound,C9H19NO4,,,ESI,5000,,0,,206.13868,M+H,+,1,0,120,,,,,228.12063,M+Na,+,1,0,60,,,,,223.16523,M+NH4,+,1,0,60,,,,,204.12413,M-H,-,1,0,60,,,
"3-Hydroxy-N6,N6,N6-trimethyl-L-lysine",XIC,eTargetCompound,C9H21N2O3,,,ESI,5000,,0,,206.16249,M+H,+,1,0,120,,,,,228.14444,M+Na,+,1,0,60,,,,,223.18904,M+NH4,+,1,0,60,,,,,204.14794,M-H,-,1,0,60,,,
3-Oxalomalate,XIC,eTargetCompound,C6H6O8,,,ESI,5000,,0,,207.01354,M+H,+,1,0,120,,,,,228.99549,M+Na,+,1,0,60,,,,,224.04009,M+NH4,+,1,0,60,,,,,204.99899,M-H,-,1,0,60,,,
flaviolin,XIC,eTargetCompound,C10H6O5,,,ESI,5000,,0,,207.0288,M+H,+,1,0,120,,,,,229.01074,M+Na,+,1,0,60,,,,,224.05535,M+NH4,+,1,0,60,,,,,205.01425,M-H,-,1,0,60,,,
"(2S,3R)-3-Hydroxybutane-1,2,3-tricarboxylate",XIC,eTargetCompound,C7H10O7,,,ESI,5000,,0,,207.04993,M+H,+,1,0,120,,,,,229.03187,M+Na,+,1,0,60,,,,,224.07648,M+NH4,+,1,0,60,,,,,205.03538,M-H,-,1,0,60,,,
"2-Hydroxybutane-1,2,4-tricarboxylate",XIC,eTargetCompound,C7H10O7,,,ESI,5000,,0,,207.04993,M+H,+,1,0,120,,,,,229.03187,M+Na,+,1,0,60,,,,,224.07648,M+NH4,+,1,0,60,,,,,205.03538,M-H,-,1,0,60,,,
2-Methylcitrate,XIC,eTargetCompound,C7H10O7,,,ESI,5000,,0,,207.04993,M+H,+,1,0,120,,,,,229.03187,M+Na,+,1,0,60,,,,,224.07648,M+NH4,+,1,0,60,,,,,205.03538,M-H,-,1,0,60,,,
Homoisocitrate,XIC,eTargetCompound,C7H10O7,,,ESI,5000,,0,,207.04993,M+H,+,1,0,120,,,,,229.03187,M+Na,+,1,0,60,,,,,224.07648,M+NH4,+,1,0,60,,,,,205.03538,M-H,-,1,0,60,,,
(R)-Lipoic acid,XIC,eTargetCompound,C8H14O2S2,,,ESI,5000,,0,,207.0508,M+H,+,1,0,120,,,,,229.03274,M+Na,+,1,0,60,,,,,224.07735,M+NH4,+,1,0,60,,,,,205.03624,M-H,-,1,0,60,,,
DL-Thioctic acid,XIC,eTargetCompound,C8H14O2S2,,,ESI,5000,,0,,207.0508,M+H,+,1,0,120,,,,,229.03274,M+Na,+,1,0,60,,,,,224.07735,M+NH4,+,1,0,60,,,,,205.03624,M-H,-,1,0,60,,,
Lipoate,XIC,eTargetCompound,C8H14O2S2,,,ESI,5000,,0,,207.0508,M+H,+,1,0,120,,,,,229.03274,M+Na,+,1,0,60,,,,,224.07735,M+NH4,+,1,0,60,,,,,205.03624,M-H,-,1,0,60,,,
Indolylmethylthiohydroximate,XIC,eTargetCompound,C10H10N2OS,,,ESI,5000,,0,,207.05866,M+H,+,1,0,120,,,,,229.0406,M+Na,+,1,0,60,,,,,224.08521,M+NH4,+,1,0,60,,,,,205.04411,M-H,-,1,0,60,,,
Scoparone,XIC,eTargetCompound,C11H10O4,,,ESI,5000,,0,,207.06519,M+H,+,1,0,120,,,,,229.04713,M+Na,+,1,0,60,,,,,224.09173,M+NH4,+,1,0,60,,,,,205.05063,M-H,-,1,0,60,,,
L-(+)-Tartaric acid; Diethyl tartrate,XIC,eTargetCompound,C8H14O6,,,ESI,5000,,0,,207.08631,M+H,+,1,0,120,,,,,229.06826,M+Na,+,1,0,60,,,,,224.11286,M+NH4,+,1,0,60,,,,,205.07176,M-H,-,1,0,60,,,
Benzyl 2-methyl-3-oxobutanoate,XIC,eTargetCompound,C12H14O3,,,ESI,5000,,0,,207.10157,M+H,+,1,0,120,,,,,229.08352,M+Na,+,1,0,60,,,,,224.12812,M+NH4,+,1,0,60,,,,,205.08702,M-H,-,1,0,60,,,
"4-(2-Aminophenyl)-2,4-dioxobutanoate",XIC,eTargetCompound,C10H9NO4,,,ESI,5000,,0,,208.06043,M+H,+,1,0,120,,,,,230.04238,M+Na,+,1,0,60,,,,,225.08698,M+NH4,+,1,0,60,,,,,206.04588,M-H,-,1,0,60,,,
AA009_N-α-Acetyl-L-methionine_sulfoxide,XIC,eTargetCompound,,,,None,0,,,,,,,,,,,,,,,,,,,,,,,,,,,,,,,,,,206.0493,M-,-,1,6.94,50,,,
Dihydrolipoamide,XIC,eTargetCompound,C8H17NOS2,,,ESI,5000,,0,,208.08243,M+H,+,1,0,120,,,,,230.06438,M+Na,+,1,0,60,,,,,225.10898,M+NH4,+,1,0,60,,,,,206.06788,M-H,-,1,0,60,,,
N-Acetyl-L-phenylalanine,XIC,eTargetCompound,C11H13NO3,,,ESI,5000,,0,,208.09682,M+H,+,1,0,120,,,,,230.07876,M+Na,+,1,0,60,,,,,225.12337,M+NH4,+,1,0,60,,,,,206.08227,M-H,-,1,0,60,,,
NNK (carcinogen),XIC,eTargetCompound,C10H13N3O2,,,ESI,5000,,0,,208.10805,M+H,+,1,0,120,,,,,230.09,M+Na,+,1,0,60,,,,,225.1346,M+NH4,+,1,0,60,,,,,206.0935,M-H,-,1,0,60,,,
Stipitatonate,XIC,eTargetCompound,C9H4O6,,,ESI,5000,,0,,209.00806,M+H,+,1,0,120,,,,,230.99001,M+Na,+,1,0,60,,,,,226.03461,M+NH4,+,1,0,60,,,,,206.99351,M-H,-,1,0,60,,,
2-(2'-methylthio)ethylmalic-acid,XIC,eTargetCompound,C7H12O5S,,,ESI,5000,,0,,209.04782,M+H,+,1,0,120,,,,,231.02977,M+Na,+,1,0,60,,,,,226.07437,M+NH4,+,1,0,60,,,,,207.03327,M-H,-,1,0,60,,,
3-(2'-methylthio)ethylmalic-acid,XIC,eTargetCompound,C7H12O5S,,,ESI,5000,,0,,209.04782,M+H,+,1,0,120,,,,,231.02977,M+Na,+,1,0,60,,,,,226.07437,M+NH4,+,1,0,60,,,,,207.03327,M-H,-,1,0,60,,,
"3,4-Dimethoxycinnamic acid",XIC,eTargetCompound,C11H12O4,,,ESI,5000,,0,,209.08084,M+H,+,1,0,120,,,,,231.06278,M+Na,+,1,0,60,,,,,226.10738,M+NH4,+,1,0,60,,,,,207.06628,M-H,-,1,0,60,,,
6-Methoxymellein,XIC,eTargetCompound,C11H12O4,,,ESI,5000,,0,,209.08084,M+H,+,1,0,120,,,,,231.06278,M+Na,+,1,0,60,,,,,226.10738,M+NH4,+,1,0,60,,,,,207.06628,M-H,-,1,0,60,,,
Sinapoyl aldehyde,XIC,eTargetCompound,C11H12O4,,,ESI,5000,,0,,209.08084,M+H,+,1,0,120,,,,,231.06278,M+Na,+,1,0,60,,,,,226.10738,M+NH4,+,1,0,60,,,,,207.06628,M-H,-,1,0,60,,,
L-Kynurenine,XIC,eTargetCompound,C10H12N2O3,,,ESI,5000,,0,,209.09207,M+H,+,1,0,120,,,,,231.07401,M+Na,+,1,0,60,,,,,226.11862,M+NH4,+,1,0,60,,,,,207.07752,M-H,-,1,0,60,,,
Chalcone,XIC,eTargetCompound,C15H12O,,,ESI,5000,,0,,209.09609,M+H,+,1,0,120,,,,,231.07804,M+Na,+,1,0,60,,,,,226.12264,M+NH4,+,1,0,60,,,,,207.08154,M-H,-,1,0,60,,,
"Benzyl (2R,3S)-2-methyl-3-hydroxybutanoate",XIC,eTargetCompound,C12H16O3,,,ESI,5000,,0,,209.11722,M+H,+,1,0,120,,,,,231.09917,M+Na,+,1,0,60,,,,,226.14377,M+NH4,+,1,0,60,,,,,207.10267,M-H,-,1,0,60,,,
4-Hydroxyphenylacetylglycine,XIC,eTargetCompound,C10H11NO4,,,ESI,5000,,0,,210.07608,M+H,+,1,0,120,,,,,232.05803,M+Na,+,1,0,60,,,,,227.10263,M+NH4,+,1,0,60,,,,,208.06153,M-H,-,1,0,60,,,
N-Benzyloxycarbonylglycine,XIC,eTargetCompound,C10H11NO4,,,ESI,5000,,0,,210.07608,M+H,+,1,0,120,,,,,232.05803,M+Na,+,1,0,60,,,,,227.10263,M+NH4,+,1,0,60,,,,,208.06153,M-H,-,1,0,60,,,
"2,4.6-Trichloroanisole",XIC,eTargetCompound,C7H5OCl3,,,ESI,5000,,0,,210.94787,M+H,+,1,0,120,,,,,232.92982,M+Na,+,1,0,60,,,,,227.97442,M+NH4,+,1,0,60,,,,,208.93332,M-H,-,1,0,60,,,
"2,4-Dichloro-2,5-dihydro-5-oxofuran-2-acetate",XIC,eTargetCompound,C6H4O4Cl2,,,ESI,5000,,0,,210.95594,M+H,+,1,0,120,,,,,232.93789,M+Na,+,1,0,60,,,,,227.98249,M+NH4,+,1,0,60,,,,,208.94139,M-H,-,1,0,60,,,
D-Saccharic acid,XIC,eTargetCompound,C6H10O8,,,ESI,5000,,0,,211.04484,M+H,+,1,0,120,,,,,233.02679,M+Na,+,1,0,60,,,,,228.07139,M+NH4,+,1,0,60,,,,,209.03029,M-H,-,1,0,60,,,
Galactarate,XIC,eTargetCompound,C6H10O8,,,ESI,5000,,0,,211.04484,M+H,+,1,0,120,,,,,233.02679,M+Na,+,1,0,60,,,,,228.07139,M+NH4,+,1,0,60,,,,,209.03029,M-H,-,1,0,60,,,
5-Hydroxyferulate,XIC,eTargetCompound,C10H10O5,,,ESI,5000,,0,,211.0601,M+H,+,1,0,120,,,,,233.04204,M+Na,+,1,0,60,,,,,228.08665,M+NH4,+,1,0,60,,,,,209.04555,M-H,-,1,0,60,,,
Thiolactomycin,XIC,eTargetCompound,C11H14O2S,,,ESI,5000,,0,,211.07873,M+H,+,1,0,120,,,,,233.06067,M+Na,+,1,0,60,,,,,228.10528,M+NH4,+,1,0,60,,,,,209.06417,M-H,-,1,0,60,,,
Sedoheptulose,XIC,eTargetCompound,C7H14O7,,,ESI,5000,,0,,211.08123,M+H,+,1,0,120,,,,,233.06317,M+Na,+,1,0,60,,,,,228.10778,M+NH4,+,1,0,60,,,,,209.06668,M-H,-,1,0,60,,,
"1,3,7-Trimethyluric acid",XIC,eTargetCompound,C8H10N4O3,,,ESI,5000,,0,,211.08257,M+H,+,1,0,120,,,,,233.06451,M+Na,+,1,0,60,,,,,228.10912,M+NH4,+,1,0,60,,,,,209.06801,M-H,-,1,0,60,,,
N4-Phosphoagmatine,XIC,eTargetCompound,C5H15N4O3P,,,ESI,5000,,0,,211.09545,M+H,+,1,0,120,,,,,233.0774,M+Na,+,1,0,60,,,,,228.122,M+NH4,+,1,0,60,,,,,209.0809,M-H,-,1,0,60,,,
"3-Methyl-1-(2,4,6-trihydroxyphenyl)butan-1-one",XIC,eTargetCompound,C11H14O4,,,ESI,5000,,0,,211.09649,M+H,+,1,0,120,,,,,233.07843,M+Na,+,1,0,60,,,,,228.12303,M+NH4,+,1,0,60,,,,,209.08193,M-H,-,1,0,60,,,
Sinapyl alcohol,XIC,eTargetCompound,C11H14O4,,,ESI,5000,,0,,211.09649,M+H,+,1,0,120,,,,,233.07843,M+Na,+,1,0,60,,,,,228.12303,M+NH4,+,1,0,60,,,,,209.08193,M-H,-,1,0,60,,,
"2,6-Dihydroxypseudooxynicotine",XIC,eTargetCompound,C10H14N2O3,,,ESI,5000,,0,,211.10772,M+H,+,1,0,120,,,,,233.08966,M+Na,+,1,0,60,,,,,228.13427,M+NH4,+,1,0,60,,,,,209.09317,M-H,-,1,0,60,,,
(-)-Jasmonic acid,XIC,eTargetCompound,C12H18O3,,,ESI,5000,,0,,211.13287,M+H,+,1,0,120,,,,,233.11482,M+Na,+,1,0,60,,,,,228.15942,M+NH4,+,1,0,60,,,,,209.11832,M-H,-,1,0,60,,,
(+)-7-Isojasmonic acid,XIC,eTargetCompound,C12H18O3,,,ESI,5000,,0,,211.13287,M+H,+,1,0,120,,,,,233.11482,M+Na,+,1,0,60,,,,,228.15942,M+NH4,+,1,0,60,,,,,209.11832,M-H,-,1,0,60,,,
Jasmonic acid,XIC,eTargetCompound,C12H18O3,,,ESI,5000,,0,,211.13287,M+H,+,1,0,120,,,,,233.11482,M+Na,+,1,0,60,,,,,228.15942,M+NH4,+,1,0,60,,,,,209.11832,M-H,-,1,0,60,,,
1-Pentadecene,XIC,eTargetCompound,C15H30,,,ESI,5000,,0,,211.24203,M+H,+,1,0,120,,,,,233.22397,M+Na,+,1,0,60,,,,,228.26858,M+NH4,+,1,0,60,,,,,209.22747,M-H,-,1,0,60,,,
AC003_Creatine_phosphate,XIC,eTargetCompound,,,,None,0,,,,,,,,,,,,,,,,,,,,,,,,,,,,,,,,,,210.0285,M-,-,1,13.37,60,,,
Phosphocreatine,XIC,eTargetCompound,C4H10N3O5P,,,ESI,5000,,0,,212.04308,M+H,+,1,0,120,,,,,234.02503,M+Na,+,1,0,60,,,,,229.06963,M+NH4,+,1,0,60,,,,,210.02853,M-H,-,1,0,60,,,
Betalamic acid,XIC,eTargetCompound,C9H9NO5,,,ESI,5000,,0,,212.05535,M+H,+,1,0,120,,,,,234.03729,M+Na,+,1,0,60,,,,,229.0819,M+NH4,+,1,0,60,,,,,210.0408,M-H,-,1,0,60,,,
DIMBOA,XIC,eTargetCompound,C9H9NO5,,,ESI,5000,,0,,212.05535,M+H,+,1,0,120,,,,,234.03729,M+Na,+,1,0,60,,,,,229.0819,M+NH4,+,1,0,60,,,,,210.0408,M-H,-,1,0,60,,,
Se-Methylselenomethionine,XIC,eTargetCompound,C6H14NO2Se,,,ESI,5000,,0,,213.02625,M+H,+,1,0,120,,,,,235.0082,M+Na,+,1,0,60,,,,,230.0528,M+NH4,+,1,0,60,,,,,211.0117,M-H,-,1,0,60,,,
2-Hydroxy-6-ketononatrienedioate,XIC,eTargetCompound,C9H8O6,,,ESI,5000,,0,,213.03936,M+H,+,1,0,120,,,,,235.02131,M+Na,+,1,0,60,,,,,230.06591,M+NH4,+,1,0,60,,,,,211.02481,M-H,-,1,0,60,,,
"3-(2-Carboxyethenyl)-cis,cis-muconate",XIC,eTargetCompound,C9H8O6,,,ESI,5000,,0,,213.03936,M+H,+,1,0,120,,,,,235.02131,M+Na,+,1,0,60,,,,,230.06591,M+NH4,+,1,0,60,,,,,211.02481,M-H,-,1,0,60,,,
Isophenoxazine,XIC,eTargetCompound,C12H8N2O2,,,ESI,5000,,0,,213.06585,M+H,+,1,0,120,,,,,235.0478,M+Na,+,1,0,60,,,,,230.0924,M+NH4,+,1,0,60,,,,,211.0513,M-H,-,1,0,60,,,
Benzoin,XIC,eTargetCompound,C14H12O2,,,ESI,5000,,0,,213.09101,M+H,+,1,0,120,,,,,235.07295,M+Na,+,1,0,60,,,,,230.11756,M+NH4,+,1,0,60,,,,,211.07645,M-H,-,1,0,60,,,
benzylbenzoate,XIC,eTargetCompound,C14H12O2,,,ESI,5000,,0,,213.09101,M+H,+,1,0,120,,,,,235.07295,M+Na,+,1,0,60,,,,,230.11756,M+NH4,+,1,0,60,,,,,211.07645,M-H,-,1,0,60,,,
Volemitol,XIC,eTargetCompound,C7H16O7,,,ESI,5000,,0,,213.09688,M+H,+,1,0,120,,,,,235.07882,M+Na,+,1,0,60,,,,,230.12343,M+NH4,+,1,0,60,,,,,211.08233,M-H,-,1,0,60,,,
Harmine,XIC,eTargetCompound,C13H12N2O,,,ESI,5000,,0,,213.10224,M+H,+,1,0,120,,,,,235.08418,M+Na,+,1,0,60,,,,,230.12879,M+NH4,+,1,0,60,,,,,211.08769,M-H,-,1,0,60,,,
[FA oxo(12:0)] 12-oxo-10E-dodecenoic acid,XIC,eTargetCompound,C12H20O3,,,ESI,5000,,0,,213.14852,M+H,+,1,0,120,,,,,235.13047,M+Na,+,1,0,60,,,,,230.17507,M+NH4,+,1,0,60,,,,,211.13397,M-H,-,1,0,60,,,
[FA oxo(12:0)] 12-oxo-9Z-dodecenoic acid,XIC,eTargetCompound,C12H20O3,,,ESI,5000,,0,,213.14852,M+H,+,1,0,120,,,,,235.13047,M+Na,+,1,0,60,,,,,230.17507,M+NH4,+,1,0,60,,,,,211.13397,M-H,-,1,0,60,,,
Pentadecane,XIC,eTargetCompound,C15H32,,,ESI,5000,,0,,213.25768,M+H,+,1,0,120,,,,,235.23962,M+Na,+,1,0,60,,,,,230.28423,M+NH4,+,1,0,60,,,,,211.24312,M-H,-,1,0,60,,,
2-Amino-3-oxo-4-phosphonooxybutyrate,XIC,eTargetCompound,C4H8NO7P,,,ESI,5000,,0,,214.01111,M+H,+,1,0,120,,,,,235.99306,M+Na,+,1,0,60,,,,,231.03766,M+NH4,+,1,0,60,,,,,211.99656,M-H,-,1,0,60,,,
4-Phospho-L-aspartate,XIC,eTargetCompound,C4H8NO7P,,,ESI,5000,,0,,214.01111,M+H,+,1,0,120,,,,,235.99306,M+Na,+,1,0,60,,,,,231.03766,M+NH4,+,1,0,60,,,,,211.99656,M-H,-,1,0,60,,,
Indoxyl sulfate,XIC,eTargetCompound,C8H7NO4S,,,ESI,5000,,0,,214.01685,M+H,+,1,0,120,,,,,235.9988,M+Na,+,1,0,60,,,,,231.0434,M+NH4,+,1,0,60,,,,,212.0023,M-H,-,1,0,60,,,
"N,N-Dihydroxy-L-tyrosine",XIC,eTargetCompound,C9H11NO5,,,ESI,5000,,0,,214.071,M+H,+,1,0,120,,,,,236.05294,M+Na,+,1,0,60,,,,,231.09755,M+NH4,+,1,0,60,,,,,212.05645,M-H,-,1,0,60,,,
[FA oxo(6:0)] N-(3-oxo-hexanoyl)-homoserine lactone,XIC,eTargetCompound,C10H15NO4,,,ESI,5000,,0,,214.10738,M+H,+,1,0,120,,,,,236.08933,M+Na,+,1,0,60,,,,,231.13393,M+NH4,+,1,0,60,,,,,212.09283,M-H,-,1,0,60,,,
N-acetyldopamine,XIC,eTargetCompound,C10H13NO3H2O,,,ESI,5000,,0,,214.10738,M+H,+,1,0,120,,,,,236.08933,M+Na,+,1,0,60,,,,,231.13393,M+NH4,+,1,0,60,,,,,212.09283,M-H,-,1,0,60,,,
2-Oxo-3-hydroxy-4-phosphobutanoate,XIC,eTargetCompound,C4H7O8P,,,ESI,5000,,0,,214.99513,M+H,+,1,0,120,,,,,236.97707,M+Na,+,1,0,60,,,,,232.02168,M+NH4,+,1,0,60,,,,,212.98058,M-H,-,1,0,60,,,
1-Deoxy-D-xylulose 5-phosphate,XIC,eTargetCompound,C5H11O7P,,,ESI,5000,,0,,215.03152,M+H,+,1,0,120,,,,,237.01346,M+Na,+,1,0,60,,,,,232.05806,M+NH4,+,1,0,60,,,,,213.01696,M-H,-,1,0,60,,,
2-Deoxy-D-ribose 1-phosphate,XIC,eTargetCompound,C5H11O7P,,,ESI,5000,,0,,215.03152,M+H,+,1,0,120,,,,,237.01346,M+Na,+,1,0,60,,,,,232.05806,M+NH4,+,1,0,60,,,,,213.01696,M-H,-,1,0,60,,,
2-Deoxy-D-ribose 5-phosphate,XIC,eTargetCompound,C5H11O7P,,,ESI,5000,,0,,215.03152,M+H,+,1,0,120,,,,,237.01346,M+Na,+,1,0,60,,,,,232.05806,M+NH4,+,1,0,60,,,,,213.01696,M-H,-,1,0,60,,,
Deoxyribose 5-phosphate; 2-Deoxyribose 5-phosphate ,XIC,eTargetCompound,C5H11O7P,,,ESI,5000,,0,,215.03152,M+H,+,1,0,120,,,,,237.01346,M+Na,+,1,0,60,,,,,232.05806,M+NH4,+,1,0,60,,,,,213.01696,M-H,-,1,0,60,,,
"Dibenzo[1,4]dioxin-2,3-dione",XIC,eTargetCompound,C12H6O4,,,ESI,5000,,0,,215.03389,M+H,+,1,0,120,,,,,237.01583,M+Na,+,1,0,60,,,,,232.06043,M+NH4,+,1,0,60,,,,,213.01933,M-H,-,1,0,60,,,
"2-Hydroxy-6-oxonona-2,4-diene-1,9-dioate",XIC,eTargetCompound,C9H10O6,,,ESI,5000,,0,,215.05501,M+H,+,1,0,120,,,,,237.03696,M+Na,+,1,0,60,,,,,232.08156,M+NH4,+,1,0,60,,,,,213.04046,M-H,-,1,0,60,,,
"(+)-(1R,2R)-1,2-Diphenylethane-1,2-diol",XIC,eTargetCompound,C14H14O2,,,ESI,5000,,0,,215.10666,M+H,+,1,0,120,,,,,237.0886,M+Na,+,1,0,60,,,,,232.13321,M+NH4,+,1,0,60,,,,,213.0921,M-H,-,1,0,60,,,
Dihydropinosylvin,XIC,eTargetCompound,C14H14O2,,,ESI,5000,,0,,215.10666,M+H,+,1,0,120,,,,,237.0886,M+Na,+,1,0,60,,,,,232.13321,M+NH4,+,1,0,60,,,,,213.0921,M-H,-,1,0,60,,,
Harmaline,XIC,eTargetCompound,C13H14N2O,,,ESI,5000,,0,,215.11789,M+H,+,1,0,120,,,,,237.09983,M+Na,+,1,0,60,,,,,232.14444,M+NH4,+,1,0,60,,,,,213.10334,M-H,-,1,0,60,,,
Dethiobiotin,XIC,eTargetCompound,C10H18N2O3,,,ESI,5000,,0,,215.13902,M+H,+,1,0,120,,,,,237.12096,M+Na,+,1,0,60,,,,,232.16557,M+NH4,+,1,0,60,,,,,213.12447,M-H,-,1,0,60,,,
Valyl-Proline,XIC,eTargetCompound,C10H18N2O3,,,ESI,5000,,0,,215.13902,M+H,+,1,0,120,,,,,237.12096,M+Na,+,1,0,60,,,,,232.16557,M+NH4,+,1,0,60,,,,,213.12447,M-H,-,1,0,60,,,
3-Oxododecanoic acid,XIC,eTargetCompound,C12H22O3,,,ESI,5000,,0,,215.16417,M+H,+,1,0,120,,,,,237.14612,M+Na,+,1,0,60,,,,,232.19072,M+NH4,+,1,0,60,,,,,213.14962,M-H,-,1,0,60,,,
CAI-1,XIC,eTargetCompound,C13H26O2,,,ESI,5000,,0,,215.20056,M+H,+,1,0,120,,,,,237.1825,M+Na,+,1,0,60,,,,,232.22711,M+NH4,+,1,0,60,,,,,213.186,M-H,-,1,0,60,,,
Tridecanoic acid,XIC,eTargetCompound,C13H26O2,,,ESI,5000,,0,,215.20056,M+H,+,1,0,120,,,,,237.1825,M+Na,+,1,0,60,,,,,232.22711,M+NH4,+,1,0,60,,,,,213.186,M-H,-,1,0,60,,,
O-Phospho-4-hydroxy-L-threonine,XIC,eTargetCompound,C4H10NO7P,,,ESI,5000,,0,,216.02676,M+H,+,1,0,120,,,,,238.00871,M+Na,+,1,0,60,,,,,233.05331,M+NH4,+,1,0,60,,,,,214.01221,M-H,-,1,0,60,,,
sn-glycero-3-Phosphoethanolamine,XIC,eTargetCompound,C5H14NO6P,,,ESI,5000,,0,,216.06315,M+H,+,1,0,120,,,,,238.04509,M+Na,+,1,0,60,,,,,233.0897,M+NH4,+,1,0,60,,,,,214.0486,M-H,-,1,0,60,,,
Kinetin; N-Furfuryl-Adenine,XIC,eTargetCompound,C10H9N5O,,,ESI,5000,,0,,216.08799,M+H,+,1,0,120,,,,,238.06993,M+Na,+,1,0,60,,,,,233.11454,M+NH4,+,1,0,60,,,,,214.07343,M-H,-,1,0,60,,,
S-Methyl-3-phospho-1-thio-D-glycerate,XIC,eTargetCompound,C4H9O6PS,,,ESI,5000,,0,,216.99302,M+H,+,1,0,120,,,,,238.97497,M+Na,+,1,0,60,,,,,234.01957,M+NH4,+,1,0,60,,,,,214.97847,M-H,-,1,0,60,,,
4-Phospho-D-erythronate,XIC,eTargetCompound,C4H9O8P,,,ESI,5000,,0,,217.01078,M+H,+,1,0,120,,,,,238.99272,M+Na,+,1,0,60,,,,,234.03733,M+NH4,+,1,0,60,,,,,214.99623,M-H,-,1,0,60,,,
"1,2-Dihydroxydibenzothiophene",XIC,eTargetCompound,C12H8O2S,,,ESI,5000,,0,,217.03178,M+H,+,1,0,120,,,,,239.01372,M+Na,+,1,0,60,,,,,234.05833,M+NH4,+,1,0,60,,,,,215.01722,M-H,-,1,0,60,,,
5-Carboxy-2-oxohept-3-enedioate,XIC,eTargetCompound,C8H8O7,,,ESI,5000,,0,,217.03428,M+H,+,1,0,120,,,,,239.01622,M+Na,+,1,0,60,,,,,234.06083,M+NH4,+,1,0,60,,,,,215.01973,M-H,-,1,0,60,,,
5-Carboxymethyl-2-hydroxymuconate,XIC,eTargetCompound,C8H8O7,,,ESI,5000,,0,,217.03428,M+H,+,1,0,120,,,,,239.01622,M+Na,+,1,0,60,,,,,234.06083,M+NH4,+,1,0,60,,,,,215.01973,M-H,-,1,0,60,,,
2-C-Methyl-D-erythritol 4-phosphate,XIC,eTargetCompound,C5H13O7P,,,ESI,5000,,0,,217.04717,M+H,+,1,0,120,,,,,239.02911,M+Na,+,1,0,60,,,,,234.07371,M+NH4,+,1,0,60,,,,,215.03261,M-H,-,1,0,60,,,
sphondin,XIC,eTargetCompound,C12H8O4,,,ESI,5000,,0,,217.04954,M+H,+,1,0,120,,,,,239.03148,M+Na,+,1,0,60,,,,,234.07608,M+NH4,+,1,0,60,,,,,215.03498,M-H,-,1,0,60,,,
6-Aminopenicillanate,XIC,eTargetCompound,C8H12N2O3S,,,ESI,5000,,0,,217.06414,M+H,+,1,0,120,,,,,239.04608,M+Na,+,1,0,60,,,,,234.09069,M+NH4,+,1,0,60,,,,,215.04959,M-H,-,1,0,60,,,
gamma-Glutamyl-gamma-aminobutyraldehyde,XIC,eTargetCompound,C9H16N2O4,,,ESI,5000,,0,,217.11828,M+H,+,1,0,120,,,,,239.10023,M+Na,+,1,0,60,,,,,234.14483,M+NH4,+,1,0,60,,,,,215.10373,M-H,-,1,0,60,,,
N-alpha-Acetylarginine,XIC,eTargetCompound,C8H16N4O3,,,ESI,5000,,0,,217.12952,M+H,+,1,0,120,,,,,239.11146,M+Na,+,1,0,60,,,,,234.15607,M+NH4,+,1,0,60,,,,,215.11496,M-H,-,1,0,60,,,
12-Hydroxydodecanoic acid,XIC,eTargetCompound,C12H24O3,,,ESI,5000,,0,,217.17982,M+H,+,1,0,120,,,,,239.16177,M+Na,+,1,0,60,,,,,234.20637,M+NH4,+,1,0,60,,,,,215.16527,M-H,-,1,0,60,,,
2-(Hydroxymethyl)-3-(acetamidomethylene)succinate,XIC,eTargetCompound,C8H11NO6,,,ESI,5000,,0,,218.06591,M+H,+,1,0,120,,,,,240.04786,M+Na,+,1,0,60,,,,,235.09246,M+NH4,+,1,0,60,,,,,216.05136,M-H,-,1,0,60,,,
(S)-beta-Methylindolepyruvate,XIC,eTargetCompound,C12H11NO3,,,ESI,5000,,0,,218.08117,M+H,+,1,0,120,,,,,240.06311,M+Na,+,1,0,60,,,,,235.10772,M+NH4,+,1,0,60,,,,,216.06662,M-H,-,1,0,60,,,
captopril,XIC,eTargetCompound,C9H15NO3S,,,ESI,5000,,0,,218.08454,M+H,+,1,0,120,,,,,240.06649,M+Na,+,1,0,60,,,,,235.11109,M+NH4,+,1,0,60,,,,,216.06999,M-H,-,1,0,60,,,
N-Acetyl-L-citrulline,XIC,eTargetCompound,C8H15N3O4,,,ESI,5000,,0,,218.11353,M+H,+,1,0,120,,,,,240.09548,M+Na,+,1,0,60,,,,,235.14008,M+NH4,+,1,0,60,,,,,216.09898,M-H,-,1,0,60,,,
O-Propanoylcarnitine,XIC,eTargetCompound,C10H19NO4,,,ESI,5000,,0,,218.13868,M+H,+,1,0,120,,,,,240.12063,M+Na,+,1,0,60,,,,,235.16523,M+NH4,+,1,0,60,,,,,216.12413,M-H,-,1,0,60,,,
Propionylcarnitine,XIC,eTargetCompound,C10H19NO4,,,ESI,5000,,0,,218.13868,M+H,+,1,0,120,,,,,240.12063,M+Na,+,1,0,60,,,,,235.16523,M+NH4,+,1,0,60,,,,,216.12413,M-H,-,1,0,60,,,
gamma-L-Glutamylputrescine,XIC,eTargetCompound,C9H19N3O3,,,ESI,5000,,0,,218.14992,M+H,+,1,0,120,,,,,240.13186,M+Na,+,1,0,60,,,,,235.17647,M+NH4,+,1,0,60,,,,,216.13536,M-H,-,1,0,60,,,
Butylate,XIC,eTargetCompound,C11H23NOS,,,ESI,5000,,0,,218.15731,M+H,+,1,0,120,,,,,240.13926,M+Na,+,1,0,60,,,,,235.18386,M+NH4,+,1,0,60,,,,,216.14276,M-H,-,1,0,60,,,
"cis-1,2-Dihydroxy-1,2-dihydrodibenzothiophene",XIC,eTargetCompound,C12H10O2S,,,ESI,5000,,0,,219.04743,M+H,+,1,0,120,,,,,241.02937,M+Na,+,1,0,60,,,,,236.07398,M+NH4,+,1,0,60,,,,,217.03287,M-H,-,1,0,60,,,
4-Methylumbelliferyl acetate,XIC,eTargetCompound,C12H10O4,,,ESI,5000,,0,,219.06519,M+H,+,1,0,120,,,,,241.04713,M+Na,+,1,0,60,,,,,236.09173,M+NH4,+,1,0,60,,,,,217.05063,M-H,-,1,0,60,,,
1-Hydroxypyrene,XIC,eTargetCompound,C16H10O,,,ESI,5000,,0,,219.08044,M+H,+,1,0,120,,,,,241.06239,M+Na,+,1,0,60,,,,,236.10699,M+NH4,+,1,0,60,,,,,217.06589,M-H,-,1,0,60,,,
AP008_Pantothenate,XIC,eTargetCompound,,,,None,0,,,,,,,,,,,,,,,,,,,,,,,,,,,,,,,,,,217.0955,M-,-,1,0,30,,,
L-2-Methyltryptophan,XIC,eTargetCompound,C12H14N2O2,,,ESI,5000,,0,,219.1128,M+H,+,1,0,120,,,,,241.09475,M+Na,+,1,0,60,,,,,236.13935,M+NH4,+,1,0,60,,,,,217.09825,M-H,-,1,0,60,,,
N-Acetylserotonin (N-Acetyl-5-hydroxytryptamine),XIC,eTargetCompound,C12H14N2O2,,,ESI,5000,,0,,219.1128,M+H,+,1,0,120,,,,,241.09475,M+Na,+,1,0,60,,,,,236.13935,M+NH4,+,1,0,60,,,,,217.09825,M-H,-,1,0,60,,,
N2-(D-1-Carboxyethyl)-L-lysine,XIC,eTargetCompound,C9H18N2O4,,,ESI,5000,,0,,219.13393,M+H,+,1,0,120,,,,,241.11588,M+Na,+,1,0,60,,,,,236.16048,M+NH4,+,1,0,60,,,,,217.11938,M-H,-,1,0,60,,,
"5-Methoxy-N,N-dimethyltryptamine",XIC,eTargetCompound,C13H18N2O,,,ESI,5000,,0,,219.14919,M+H,+,1,0,120,,,,,241.13113,M+Na,+,1,0,60,,,,,236.17574,M+NH4,+,1,0,60,,,,,217.13464,M-H,-,1,0,60,,,
albaflavenone,XIC,eTargetCompound,C15H22O,,,ESI,5000,,0,,219.17434,M+H,+,1,0,120,,,,,241.15629,M+Na,+,1,0,60,,,,,236.20089,M+NH4,+,1,0,60,,,,,217.15979,M-H,-,1,0,60,,,
Nootkatone,XIC,eTargetCompound,C15H22O,,,ESI,5000,,0,,219.17434,M+H,+,1,0,120,,,,,241.15629,M+Na,+,1,0,60,,,,,236.20089,M+NH4,+,1,0,60,,,,,217.15979,M-H,-,1,0,60,,,
Solavetivone,XIC,eTargetCompound,C15H22O,,,ESI,5000,,0,,219.17434,M+H,+,1,0,120,,,,,241.15629,M+Na,+,1,0,60,,,,,236.20089,M+NH4,+,1,0,60,,,,,217.15979,M-H,-,1,0,60,,,
4-Amino-2-methyl-5-phosphomethylpyrimidine,XIC,eTargetCompound,C6H10N3O4P,,,ESI,5000,,0,,220.04817,M+H,+,1,0,120,,,,,242.03011,M+Na,+,1,0,60,,,,,237.07472,M+NH4,+,1,0,60,,,,,218.03362,M-H,-,1,0,60,,,
O-Succinyl-L-homoserine,XIC,eTargetCompound,C8H13NO6,,,ESI,5000,,0,,220.08156,M+H,+,1,0,120,,,,,242.06351,M+Na,+,1,0,60,,,,,237.10811,M+NH4,+,1,0,60,,,,,218.06701,M-H,-,1,0,60,,,
1D-1-Guanidino-1-deoxy-3-dehydro-scyllo-inositol,XIC,eTargetCompound,C7H13N3O5,,,ESI,5000,,0,,220.0928,M+H,+,1,0,120,,,,,242.07474,M+Na,+,1,0,60,,,,,237.11935,M+NH4,+,1,0,60,,,,,218.07824,M-H,-,1,0,60,,,
Ngamma-Nitro-L-arginine,XIC,eTargetCompound,C6H13N5O4,,,ESI,5000,,0,,220.10403,M+H,+,1,0,120,,,,,242.08598,M+Na,+,1,0,60,,,,,237.13058,M+NH4,+,1,0,60,,,,,218.08948,M-H,-,1,0,60,,,
Pantothenic acid (Vitamin B5),XIC,eTargetCompound,C9H17NO5,,,ESI,5000,,0,,220.11795,M+H,+,1,0,120,,,,,242.09989,M+Na,+,1,0,60,,,,,237.1445,M+NH4,+,1,0,60,,,,,218.1034,M-H,-,1,0,60,,,
cis-Zeatin,XIC,eTargetCompound,C10H13N5O,,,ESI,5000,,0,,220.11929,M+H,+,1,0,120,,,,,242.10123,M+Na,+,1,0,60,,,,,237.14584,M+NH4,+,1,0,60,,,,,218.10473,M-H,-,1,0,60,,,
Trans-Zeatin,XIC,eTargetCompound,C10H13N5O,,,ESI,5000,,0,,220.11929,M+H,+,1,0,120,,,,,242.10123,M+Na,+,1,0,60,,,,,237.14584,M+NH4,+,1,0,60,,,,,218.10473,M-H,-,1,0,60,,,
pentahomomethionine,XIC,eTargetCompound,C10H21NO2S,,,ESI,5000,,0,,220.13658,M+H,+,1,0,120,,,,,242.11852,M+Na,+,1,0,60,,,,,237.16313,M+NH4,+,1,0,60,,,,,218.12202,M-H,-,1,0,60,,,
2-iodophenol,XIC,eTargetCompound,C6H5IO,,,ESI,5000,,0,,220.94578,M+H,+,1,0,120,,,,,242.92773,M+Na,+,1,0,60,,,,,237.97233,M+NH4,+,1,0,60,,,,,218.93123,M-H,-,1,0,60,,,
3-(Imidazol-4-yl)-2-oxopropyl phosphate,XIC,eTargetCompound,C6H9N2O5P,,,ESI,5000,,0,,221.03218,M+H,+,1,0,120,,,,,243.01413,M+Na,+,1,0,60,,,,,238.05873,M+NH4,+,1,0,60,,,,,219.01763,M-H,-,1,0,60,,,
(3E)-4-(2-Carboxyphenyl)-2-oxobut-3-enoate,XIC,eTargetCompound,C11H8O5,,,ESI,5000,,0,,221.04445,M+H,+,1,0,120,,,,,243.02639,M+Na,+,1,0,60,,,,,238.071,M+NH4,+,1,0,60,,,,,219.0299,M-H,-,1,0,60,,,
(-)threo-iso(homo)2citrate,XIC,eTargetCompound,C8H12O7,,,ESI,5000,,0,,221.06558,M+H,+,1,0,120,,,,,243.04752,M+Na,+,1,0,60,,,,,238.09213,M+NH4,+,1,0,60,,,,,219.05103,M-H,-,1,0,60,,,
dihomocitrate,XIC,eTargetCompound,C8H12O7,,,ESI,5000,,0,,221.06558,M+H,+,1,0,120,,,,,243.04752,M+Na,+,1,0,60,,,,,238.09213,M+NH4,+,1,0,60,,,,,219.05103,M-H,-,1,0,60,,,
"2,6-Dioxo-6-phenylhexanoate",XIC,eTargetCompound,C12H12O4,,,ESI,5000,,0,,221.08084,M+H,+,1,0,120,,,,,243.06278,M+Na,+,1,0,60,,,,,238.10738,M+NH4,+,1,0,60,,,,,219.06628,M-H,-,1,0,60,,,
5-Hydroxy-DL-tryptophan,XIC,eTargetCompound,C11H12N2O3,,,ESI,5000,,0,,221.09207,M+H,+,1,0,120,,,,,243.07401,M+Na,+,1,0,60,,,,,238.11862,M+NH4,+,1,0,60,,,,,219.07752,M-H,-,1,0,60,,,
5-Hydroxy-L-tryptophan,XIC,eTargetCompound,C11H12N2O3,,,ESI,5000,,0,,221.09207,M+H,+,1,0,120,,,,,243.07401,M+Na,+,1,0,60,,,,,238.11862,M+NH4,+,1,0,60,,,,,219.07752,M-H,-,1,0,60,,,
5-Hydroxy-L-tryptophan; ,XIC,eTargetCompound,C11H12N2O3,,,ESI,5000,,0,,221.09207,M+H,+,1,0,120,,,,,243.07401,M+Na,+,1,0,60,,,,,238.11862,M+NH4,+,1,0,60,,,,,219.07752,M-H,-,1,0,60,,,
N-Acetyl-beta-D-glucosaminylamine,XIC,eTargetCompound,C8H16N2O5,,,ESI,5000,,0,,221.1132,M+H,+,1,0,120,,,,,243.09514,M+Na,+,1,0,60,,,,,238.13975,M+NH4,+,1,0,60,,,,,219.09864,M-H,-,1,0,60,,,
"2,6-Di-tert-butylbenzoquinone",XIC,eTargetCompound,C14H20O2,,,ESI,5000,,0,,221.15361,M+H,+,1,0,120,,,,,243.13555,M+Na,+,1,0,60,,,,,238.18016,M+NH4,+,1,0,60,,,,,219.13905,M-H,-,1,0,60,,,
(4R)-albaflavenol,XIC,eTargetCompound,C15H24O,,,ESI,5000,,0,,221.18999,M+H,+,1,0,120,,,,,243.17194,M+Na,+,1,0,60,,,,,238.21654,M+NH4,+,1,0,60,,,,,219.17544,M-H,-,1,0,60,,,
(4S)-albaflavenol,XIC,eTargetCompound,C15H24O,,,ESI,5000,,0,,221.18999,M+H,+,1,0,120,,,,,243.17194,M+Na,+,1,0,60,,,,,238.21654,M+NH4,+,1,0,60,,,,,219.17544,M-H,-,1,0,60,,,
"2-trans,6-trans-Farnesal",XIC,eTargetCompound,C15H24O,,,ESI,5000,,0,,221.18999,M+H,+,1,0,120,,,,,243.17194,M+Na,+,1,0,60,,,,,238.21654,M+NH4,+,1,0,60,,,,,219.17544,M-H,-,1,0,60,,,
"7,8-Dihydroxykynurenate",XIC,eTargetCompound,C10H7NO5,,,ESI,5000,,0,,222.0397,M+H,+,1,0,120,,,,,244.02164,M+Na,+,1,0,60,,,,,239.06625,M+NH4,+,1,0,60,,,,,220.02515,M-H,-,1,0,60,,,
L-Histidinol phosphate,XIC,eTargetCompound,C6H12N3O4P,,,ESI,5000,,0,,222.06382,M+H,+,1,0,120,,,,,244.04576,M+Na,+,1,0,60,,,,,239.09037,M+NH4,+,1,0,60,,,,,220.04927,M-H,-,1,0,60,,,
N-Acetyl-beta-D-galactosamine,XIC,eTargetCompound,C8H15NO6,,,ESI,5000,,0,,222.09721,M+H,+,1,0,120,,,,,244.07916,M+Na,+,1,0,60,,,,,239.12376,M+NH4,+,1,0,60,,,,,220.08266,M-H,-,1,0,60,,,
N-Acetyl-D-galactosamine,XIC,eTargetCompound,C8H15NO6,,,ESI,5000,,0,,222.09721,M+H,+,1,0,120,,,,,244.07916,M+Na,+,1,0,60,,,,,239.12376,M+NH4,+,1,0,60,,,,,220.08266,M-H,-,1,0,60,,,
N-Acetyl-D-glucosamine,XIC,eTargetCompound,C8H15NO6,,,ESI,5000,,0,,222.09721,M+H,+,1,0,120,,,,,244.07916,M+Na,+,1,0,60,,,,,239.12376,M+NH4,+,1,0,60,,,,,220.08266,M-H,-,1,0,60,,,
N-Acetyl-D-mannosamine,XIC,eTargetCompound,C8H15NO6,,,ESI,5000,,0,,222.09721,M+H,+,1,0,120,,,,,244.07916,M+Na,+,1,0,60,,,,,239.12376,M+NH4,+,1,0,60,,,,,220.08266,M-H,-,1,0,60,,,
N-Acetylgalactosamine,XIC,eTargetCompound,C8H15NO6,,,ESI,5000,,0,,222.09721,M+H,+,1,0,120,,,,,244.07916,M+Na,+,1,0,60,,,,,239.12376,M+NH4,+,1,0,60,,,,,220.08266,M-H,-,1,0,60,,,
N-Acetylhexosamine,XIC,eTargetCompound,C8H15NO6,,,ESI,5000,,0,,222.09721,M+H,+,1,0,120,,,,,244.07916,M+Na,+,1,0,60,,,,,239.12376,M+NH4,+,1,0,60,,,,,220.08266,M-H,-,1,0,60,,,
N-Acetylmannosamine,XIC,eTargetCompound,C8H15NO6,,,ESI,5000,,0,,222.09721,M+H,+,1,0,120,,,,,244.07916,M+Na,+,1,0,60,,,,,239.12376,M+NH4,+,1,0,60,,,,,220.08266,M-H,-,1,0,60,,,
1-Guanidino-1-deoxy-scyllo-inositol,XIC,eTargetCompound,C7H15N3O5,,,ESI,5000,,0,,222.10845,M+H,+,1,0,120,,,,,244.09039,M+Na,+,1,0,60,,,,,239.135,M+NH4,+,1,0,60,,,,,220.09389,M-H,-,1,0,60,,,
"1D-1-Guanidino-3-amino-1,3-dideoxy-scyllo-inositol",XIC,eTargetCompound,C7H17N4O4,,,ESI,5000,,0,,222.13226,M+H,+,1,0,120,,,,,244.1142,M+Na,+,1,0,60,,,,,239.15881,M+NH4,+,1,0,60,,,,,220.1177,M-H,-,1,0,60,,,
Dihydrozeatin,XIC,eTargetCompound,C10H15N5O,,,ESI,5000,,0,,222.13494,M+H,+,1,0,120,,,,,244.11688,M+Na,+,1,0,60,,,,,239.16149,M+NH4,+,1,0,60,,,,,220.12038,M-H,-,1,0,60,,,
2-Succinylbenzoate,XIC,eTargetCompound,C11H10O5,,,ESI,5000,,0,,223.0601,M+H,+,1,0,120,,,,,245.04204,M+Na,+,1,0,60,,,,,240.08665,M+NH4,+,1,0,60,,,,,221.04555,M-H,-,1,0,60,,,
2-(3'-methylthio)propylmalate,XIC,eTargetCompound,C8H14O5S,,,ESI,5000,,0,,223.06347,M+H,+,1,0,120,,,,,245.04542,M+Na,+,1,0,60,,,,,240.09002,M+NH4,+,1,0,60,,,,,221.04892,M-H,-,1,0,60,,,
3-(3'-methylthio)propylmalate,XIC,eTargetCompound,C8H14O5S,,,ESI,5000,,0,,223.06347,M+H,+,1,0,120,,,,,245.04542,M+Na,+,1,0,60,,,,,240.09002,M+NH4,+,1,0,60,,,,,221.04892,M-H,-,1,0,60,,,
Cystathionine,XIC,eTargetCompound,C7H14N2O4S,,,ESI,5000,,0,,223.0747,M+H,+,1,0,120,,,,,245.05665,M+Na,+,1,0,60,,,,,240.10125,M+NH4,+,1,0,60,,,,,221.06015,M-H,-,1,0,60,,,
L-Cystathionine,XIC,eTargetCompound,C7H14N2O4S,,,ESI,5000,,0,,223.0747,M+H,+,1,0,120,,,,,245.05665,M+Na,+,1,0,60,,,,,240.10125,M+NH4,+,1,0,60,,,,,221.06015,M-H,-,1,0,60,,,
Flavone,XIC,eTargetCompound,C15H10O2,,,ESI,5000,,0,,223.07536,M+H,+,1,0,120,,,,,245.0573,M+Na,+,1,0,60,,,,,240.10191,M+NH4,+,1,0,60,,,,,221.0608,M-H,-,1,0,60,,,
Isoflavone,XIC,eTargetCompound,C15H10O2,,,ESI,5000,,0,,223.07536,M+H,+,1,0,120,,,,,245.0573,M+Na,+,1,0,60,,,,,240.10191,M+NH4,+,1,0,60,,,,,221.0608,M-H,-,1,0,60,,,
6-Acetyl-D-glucose,XIC,eTargetCompound,C8H14O7,,,ESI,5000,,0,,223.08123,M+H,+,1,0,120,,,,,245.06317,M+Na,+,1,0,60,,,,,240.10778,M+NH4,+,1,0,60,,,,,221.06668,M-H,-,1,0,60,,,
"S-Butyl-DL-homocysteine-[S,R]-sulfoximine",XIC,eTargetCompound,C8H18N2O3S,,,ESI,5000,,0,,223.11109,M+H,+,1,0,120,,,,,245.09303,M+Na,+,1,0,60,,,,,240.13764,M+NH4,+,1,0,60,,,,,221.09654,M-H,-,1,0,60,,,
IBMX,XIC,eTargetCompound,C10H14N4O2,,,ESI,5000,,0,,223.11895,M+H,+,1,0,120,,,,,245.1009,M+Na,+,1,0,60,,,,,240.1455,M+NH4,+,1,0,60,,,,,221.1044,M-H,-,1,0,60,,,
(+/-)-6-Hydroxy-3-oxo-alpha-ionone,XIC,eTargetCompound,C13H18O3,,,ESI,5000,,0,,223.13287,M+H,+,1,0,120,,,,,245.11482,M+Na,+,1,0,60,,,,,240.15942,M+NH4,+,1,0,60,,,,,221.11832,M-H,-,1,0,60,,,
Rishitin,XIC,eTargetCompound,C14H22O2,,,ESI,5000,,0,,223.16926,M+H,+,1,0,120,,,,,245.1512,M+Na,+,1,0,60,,,,,240.19581,M+NH4,+,1,0,60,,,,,221.1547,M-H,-,1,0,60,,,
" 2E,6E-farnesol",XIC,eTargetCompound,C15H26O,,,ESI,5000,,0,,223.20564,M+H,+,1,0,120,,,,,245.18759,M+Na,+,1,0,60,,,,,240.23219,M+NH4,+,1,0,60,,,,,221.19109,M-H,-,1,0,60,,,
 Nerolidol,XIC,eTargetCompound,C15H26O,,,ESI,5000,,0,,223.20564,M+H,+,1,0,120,,,,,245.18759,M+Na,+,1,0,60,,,,,240.23219,M+NH4,+,1,0,60,,,,,221.19109,M-H,-,1,0,60,,,
"(1E,4S,5E,7R)-Germacra-1(10),5-dien-11-ol",XIC,eTargetCompound,C15H26O,,,ESI,5000,,0,,223.20564,M+H,+,1,0,120,,,,,245.18759,M+Na,+,1,0,60,,,,,240.23219,M+NH4,+,1,0,60,,,,,221.19109,M-H,-,1,0,60,,,
"2-cis,6-trans-Farnesol",XIC,eTargetCompound,C15H26O,,,ESI,5000,,0,,223.20564,M+H,+,1,0,120,,,,,245.18759,M+Na,+,1,0,60,,,,,240.23219,M+NH4,+,1,0,60,,,,,221.19109,M-H,-,1,0,60,,,
alpha-Cedrol,XIC,eTargetCompound,C15H26O,,,ESI,5000,,0,,223.20564,M+H,+,1,0,120,,,,,245.18759,M+Na,+,1,0,60,,,,,240.23219,M+NH4,+,1,0,60,,,,,221.19109,M-H,-,1,0,60,,,
Farnesol,XIC,eTargetCompound,C15H26O,,,ESI,5000,,0,,223.20564,M+H,+,1,0,120,,,,,245.18759,M+Na,+,1,0,60,,,,,240.23219,M+NH4,+,1,0,60,,,,,221.19109,M-H,-,1,0,60,,,
Patchouli alcohol,XIC,eTargetCompound,C15H26O,,,ESI,5000,,0,,223.20564,M+H,+,1,0,120,,,,,245.18759,M+Na,+,1,0,60,,,,,240.23219,M+NH4,+,1,0,60,,,,,221.19109,M-H,-,1,0,60,,,
4-Methyl-5-(2-phosphoethyl)-thiazole,XIC,eTargetCompound,C6H10NO4PS,,,ESI,5000,,0,,224.01409,M+H,+,1,0,120,,,,,245.99604,M+Na,+,1,0,60,,,,,241.04064,M+NH4,+,1,0,60,,,,,221.99954,M-H,-,1,0,60,,,
"4-(2-Amino-3-hydroxyphenyl)-2,4-dioxobutanoate",XIC,eTargetCompound,C10H9NO5,,,ESI,5000,,0,,224.05535,M+H,+,1,0,120,,,,,246.03729,M+Na,+,1,0,60,,,,,241.0819,M+NH4,+,1,0,60,,,,,222.0408,M-H,-,1,0,60,,,
"7,8-Dihydro-7,8-dihydroxykynurenate",XIC,eTargetCompound,C10H9NO5,,,ESI,5000,,0,,224.05535,M+H,+,1,0,120,,,,,246.03729,M+Na,+,1,0,60,,,,,241.0819,M+NH4,+,1,0,60,,,,,222.0408,M-H,-,1,0,60,,,
N-Malonylanthranilate,XIC,eTargetCompound,C10H9NO5,,,ESI,5000,,0,,224.05535,M+H,+,1,0,120,,,,,246.03729,M+Na,+,1,0,60,,,,,241.0819,M+NH4,+,1,0,60,,,,,222.0408,M-H,-,1,0,60,,,
N-Acetyl-L-tyrosine,XIC,eTargetCompound,C11H13NO4,,,ESI,5000,,0,,224.09173,M+H,+,1,0,120,,,,,246.07368,M+Na,+,1,0,60,,,,,241.11828,M+NH4,+,1,0,60,,,,,222.07718,M-H,-,1,0,60,,,
2-Acetamidofluorene,XIC,eTargetCompound,C15H13NO,,,ESI,5000,,0,,224.10699,M+H,+,1,0,120,,,,,246.08894,M+Na,+,1,0,60,,,,,241.13354,M+NH4,+,1,0,60,,,,,222.09244,M-H,-,1,0,60,,,
Cerulenin,XIC,eTargetCompound,C12H17NO3,,,ESI,5000,,0,,224.12812,M+H,+,1,0,120,,,,,246.11006,M+Na,+,1,0,60,,,,,241.15467,M+NH4,+,1,0,60,,,,,222.11357,M-H,-,1,0,60,,,
"(R,S)-Tetrahydrobenzylisoquinoline",XIC,eTargetCompound,C16H17N,,,ESI,5000,,0,,224.14338,M+H,+,1,0,120,,,,,246.12532,M+Na,+,1,0,60,,,,,241.16993,M+NH4,+,1,0,60,,,,,222.12882,M-H,-,1,0,60,,,
Hydroxyanthraquinone,XIC,eTargetCompound,C14H8O3,,,ESI,5000,,0,,225.05462,M+H,+,1,0,120,,,,,247.03657,M+Na,+,1,0,60,,,,,242.08117,M+NH4,+,1,0,60,,,,,223.04007,M-H,-,1,0,60,,,
"3,5-Dimethoxy-4-hydroxycinnamic acid; Sinapic acid",XIC,eTargetCompound,C11H12O5,,,ESI,5000,,0,,225.07575,M+H,+,1,0,120,,,,,247.05769,M+Na,+,1,0,60,,,,,242.1023,M+NH4,+,1,0,60,,,,,223.0612,M-H,-,1,0,60,,,
3-Hydroxykynurenine,XIC,eTargetCompound,C10H12N2O4,,,ESI,5000,,0,,225.08698,M+H,+,1,0,120,,,,,247.06893,M+Na,+,1,0,60,,,,,242.11353,M+NH4,+,1,0,60,,,,,223.07243,M-H,-,1,0,60,,,
3-Hydroxy-L-kynurenine,XIC,eTargetCompound,C10H12N2O4,,,ESI,5000,,0,,225.08698,M+H,+,1,0,120,,,,,247.06893,M+Na,+,1,0,60,,,,,242.11353,M+NH4,+,1,0,60,,,,,223.07243,M-H,-,1,0,60,,,
5-Hydroxykynurenine,XIC,eTargetCompound,C10H12N2O4,,,ESI,5000,,0,,225.08698,M+H,+,1,0,120,,,,,247.06893,M+Na,+,1,0,60,,,,,242.11353,M+NH4,+,1,0,60,,,,,223.07243,M-H,-,1,0,60,,,
Hydroxykynurenine,XIC,eTargetCompound,C10H12N2O4,,,ESI,5000,,0,,225.08698,M+H,+,1,0,120,,,,,247.06893,M+Na,+,1,0,60,,,,,242.11353,M+NH4,+,1,0,60,,,,,223.07243,M-H,-,1,0,60,,,
(2S)-Flavanone,XIC,eTargetCompound,C15H12O2,,,ESI,5000,,0,,225.09101,M+H,+,1,0,120,,,,,247.07295,M+Na,+,1,0,60,,,,,242.11756,M+NH4,+,1,0,60,,,,,223.07645,M-H,-,1,0,60,,,
Flavanone,XIC,eTargetCompound,C15H12O2,,,ESI,5000,,0,,225.09101,M+H,+,1,0,120,,,,,247.07295,M+Na,+,1,0,60,,,,,242.11756,M+NH4,+,1,0,60,,,,,223.07645,M-H,-,1,0,60,,,
(+/-)-6-Hydroxy-3-oxo-alpha-ionol,XIC,eTargetCompound,C13H20O3,,,ESI,5000,,0,,225.14852,M+H,+,1,0,120,,,,,247.13047,M+Na,+,1,0,60,,,,,242.17507,M+NH4,+,1,0,60,,,,,223.13397,M-H,-,1,0,60,,,
[FA] Methyl jasmonate,XIC,eTargetCompound,C13H20O3,,,ESI,5000,,0,,225.14852,M+H,+,1,0,120,,,,,247.13047,M+Na,+,1,0,60,,,,,242.17507,M+NH4,+,1,0,60,,,,,223.13397,M-H,-,1,0,60,,,
4-Amino-4-deoxychorismate,XIC,eTargetCompound,C10H11NO5,,,ESI,5000,,0,,226.071,M+H,+,1,0,120,,,,,248.05294,M+Na,+,1,0,60,,,,,243.09755,M+NH4,+,1,0,60,,,,,224.05645,M-H,-,1,0,60,,,
6-Benzylaminopurine,XIC,eTargetCompound,C12H11N5,,,ESI,5000,,0,,226.10872,M+H,+,1,0,120,,,,,248.09067,M+Na,+,1,0,60,,,,,243.13527,M+NH4,+,1,0,60,,,,,224.09417,M-H,-,1,0,60,,,
4-(Dimethylamino)azobenzene,XIC,eTargetCompound,C14H15N3,,,ESI,5000,,0,,226.13387,M+H,+,1,0,120,,,,,248.11582,M+Na,+,1,0,60,,,,,243.16042,M+NH4,+,1,0,60,,,,,224.11932,M-H,-,1,0,60,,,
Tetrathionate,XIC,eTargetCompound,H2O6S4,,,ESI,5000,,0,,226.8807,M+H,+,1,0,120,,,,,248.86264,M+Na,+,1,0,60,,,,,243.90725,M+NH4,+,1,0,60,,,,,224.86614,M-H,-,1,0,60,,,
Chorismate,XIC,eTargetCompound,C10H10O6,,,ESI,5000,,0,,227.05501,M+H,+,1,0,120,,,,,249.03696,M+Na,+,1,0,60,,,,,244.08156,M+NH4,+,1,0,60,,,,,225.04046,M-H,-,1,0,60,,,
Isochorismate,XIC,eTargetCompound,C10H10O6,,,ESI,5000,,0,,227.05501,M+H,+,1,0,120,,,,,249.03696,M+Na,+,1,0,60,,,,,244.08156,M+NH4,+,1,0,60,,,,,225.04046,M-H,-,1,0,60,,,
Prephenate,XIC,eTargetCompound,C10H10O6,,,ESI,5000,,0,,227.05501,M+H,+,1,0,120,,,,,249.03696,M+Na,+,1,0,60,,,,,244.08156,M+NH4,+,1,0,60,,,,,225.04046,M-H,-,1,0,60,,,
5-Acetylamino-6-formylamino-3-methyluracil,XIC,eTargetCompound,C8H10N4O4,,,ESI,5000,,0,,227.07748,M+H,+,1,0,120,,,,,249.05943,M+Na,+,1,0,60,,,,,244.10403,M+NH4,+,1,0,60,,,,,225.06293,M-H,-,1,0,60,,,
Porphobilinogen,XIC,eTargetCompound,C10H14N2O4,,,ESI,5000,,0,,227.10263,M+H,+,1,0,120,,,,,249.08458,M+Na,+,1,0,60,,,,,244.12918,M+NH4,+,1,0,60,,,,,225.08808,M-H,-,1,0,60,,,
AP007_Porphobilinogen,XIC,eTargetCompound,,,,None,0,,,,,,,,,,,,,,,,,,,,,,,,,,,,,,,,,,225.0881,M-,-,1,14.82,30,,,
(2S)-Flavan-4-ol,XIC,eTargetCompound,C15H14O2,,,ESI,5000,,0,,227.10666,M+H,+,1,0,120,,,,,249.0886,M+Na,+,1,0,60,,,,,244.13321,M+NH4,+,1,0,60,,,,,225.0921,M-H,-,1,0,60,,,
Carnosine (beta-alanyl-L-histidine),XIC,eTargetCompound,C9H14N4O3,,,ESI,5000,,0,,227.11387,M+H,+,1,0,120,,,,,249.09581,M+Na,+,1,0,60,,,,,244.14042,M+NH4,+,1,0,60,,,,,225.09931,M-H,-,1,0,60,,,
"1,8-Diazacyclotetradecane-2,9-dione",XIC,eTargetCompound,C12H22N2O2,,,ESI,5000,,0,,227.1754,M+H,+,1,0,120,,,,,249.15735,M+Na,+,1,0,60,,,,,244.20195,M+NH4,+,1,0,60,,,,,225.16085,M-H,-,1,0,60,,,
(9Z)-Tetradecenoic acid,XIC,eTargetCompound,C14H26O2,,,ESI,5000,,0,,227.20056,M+H,+,1,0,120,,,,,249.1825,M+Na,+,1,0,60,,,,,244.22711,M+NH4,+,1,0,60,,,,,225.186,M-H,-,1,0,60,,,
Pentadecanal,XIC,eTargetCompound,C15H30O,,,ESI,5000,,0,,227.23694,M+H,+,1,0,120,,,,,249.21889,M+Na,+,1,0,60,,,,,244.26349,M+NH4,+,1,0,60,,,,,225.22239,M-H,-,1,0,60,,,
L-Glutamyl 1-phosphate,XIC,eTargetCompound,C5H10NO7P,,,ESI,5000,,0,,228.02676,M+H,+,1,0,120,,,,,250.00871,M+Na,+,1,0,60,,,,,245.05331,M+NH4,+,1,0,60,,,,,226.01221,M-H,-,1,0,60,,,
L-Glutamyl 5-phosphate,XIC,eTargetCompound,C5H10NO7P,,,ESI,5000,,0,,228.02676,M+H,+,1,0,120,,,,,250.00871,M+Na,+,1,0,60,,,,,245.05331,M+NH4,+,1,0,60,,,,,226.01221,M-H,-,1,0,60,,,
"5-(2'-Carboxyethyl)-4,6-dihydroxypicolinate",XIC,eTargetCompound,C9H9NO6,,,ESI,5000,,0,,228.05026,M+H,+,1,0,120,,,,,250.03221,M+Na,+,1,0,60,,,,,245.07681,M+NH4,+,1,0,60,,,,,226.03571,M-H,-,1,0,60,,,
L-Arogenate,XIC,eTargetCompound,C10H13NO5,,,ESI,5000,,0,,228.08665,M+H,+,1,0,120,,,,,250.06859,M+Na,+,1,0,60,,,,,245.1132,M+NH4,+,1,0,60,,,,,226.0721,M-H,-,1,0,60,,,
Deoxycytidine,XIC,eTargetCompound,C9H13N3O4,,,ESI,5000,,0,,228.09788,M+H,+,1,0,120,,,,,250.07983,M+Na,+,1,0,60,,,,,245.12443,M+NH4,+,1,0,60,,,,,226.08333,M-H,-,1,0,60,,,
N-Acetoxy-4-aminobiphenyl,XIC,eTargetCompound,C14H13NO2,,,ESI,5000,,0,,228.10191,M+H,+,1,0,120,,,,,250.08385,M+Na,+,1,0,60,,,,,245.12845,M+NH4,+,1,0,60,,,,,226.08735,M-H,-,1,0,60,,,
N-Hydroxy-4-acetylaminobiphenyl,XIC,eTargetCompound,C14H13NO2,,,ESI,5000,,0,,228.10191,M+H,+,1,0,120,,,,,250.08385,M+Na,+,1,0,60,,,,,245.12845,M+NH4,+,1,0,60,,,,,226.08735,M-H,-,1,0,60,,,
(R)-5-Phosphomevalonate,XIC,eTargetCompound,C6H13O7P,,,ESI,5000,,0,,229.04717,M+H,+,1,0,120,,,,,251.02911,M+Na,+,1,0,60,,,,,246.07371,M+NH4,+,1,0,60,,,,,227.03261,M-H,-,1,0,60,,,
Deoxyuridine,XIC,eTargetCompound,C9H12N2O5,,,ESI,5000,,0,,229.0819,M+H,+,1,0,120,,,,,251.06384,M+Na,+,1,0,60,,,,,246.10845,M+NH4,+,1,0,60,,,,,227.06734,M-H,-,1,0,60,,,
"3,4',5-Trihydroxystilbene",XIC,eTargetCompound,C14H12O3,,,ESI,5000,,0,,229.08592,M+H,+,1,0,120,,,,,251.06787,M+Na,+,1,0,60,,,,,246.11247,M+NH4,+,1,0,60,,,,,227.07137,M-H,-,1,0,60,,,
Deoxyguanidinoproclavaminic acid,XIC,eTargetCompound,C9H16N4O3,,,ESI,5000,,0,,229.12952,M+H,+,1,0,120,,,,,251.11146,M+Na,+,1,0,60,,,,,246.15607,M+NH4,+,1,0,60,,,,,227.11496,M-H,-,1,0,60,,,
"9,12-Dioxododecanoic acid",XIC,eTargetCompound,C12H20O4,,,ESI,5000,,0,,229.14344,M+H,+,1,0,120,,,,,251.12538,M+Na,+,1,0,60,,,,,246.16998,M+NH4,+,1,0,60,,,,,227.12888,M-H,-,1,0,60,,,
Dibutyl maleate,XIC,eTargetCompound,C12H20O4,,,ESI,5000,,0,,229.14344,M+H,+,1,0,120,,,,,251.12538,M+Na,+,1,0,60,,,,,246.16998,M+NH4,+,1,0,60,,,,,227.12888,M-H,-,1,0,60,,,
Leu-Pro (Leucyl-Proline),XIC,eTargetCompound,C11H20N2O3,,,ESI,5000,,0,,229.15467,M+H,+,1,0,120,,,,,251.13661,M+Na,+,1,0,60,,,,,246.18122,M+NH4,+,1,0,60,,,,,227.14012,M-H,-,1,0,60,,,
L-Prolyl-L-Leucine,XIC,eTargetCompound,C11H20N2O3,,,ESI,5000,,0,,229.15467,M+H,+,1,0,120,,,,,251.13661,M+Na,+,1,0,60,,,,,246.18122,M+NH4,+,1,0,60,,,,,227.14012,M-H,-,1,0,60,,,
Myristic acid,XIC,eTargetCompound,C14H28O2,,,ESI,5000,,0,,229.21621,M+H,+,1,0,120,,,,,251.19815,M+Na,+,1,0,60,,,,,246.24276,M+NH4,+,1,0,60,,,,,227.20165,M-H,-,1,0,60,,,
5-Phosphoribosylamine,XIC,eTargetCompound,C5H12NO7P,,,ESI,5000,,0,,230.04241,M+H,+,1,0,120,,,,,252.02436,M+Na,+,1,0,60,,,,,247.06896,M+NH4,+,1,0,60,,,,,228.02786,M-H,-,1,0,60,,,
"4-(L-Alanin-3-yl)-2-hydroxy-cis,cis-muconate 6-semialdehyde",XIC,eTargetCompound,C9H11NO6,,,ESI,5000,,0,,230.06591,M+H,+,1,0,120,,,,,252.04786,M+Na,+,1,0,60,,,,,247.09246,M+NH4,+,1,0,60,,,,,228.05136,M-H,-,1,0,60,,,
"5-(L-Alanin-3-yl)-2-hydroxy-cis,cis-muconate 6-semialdehyde",XIC,eTargetCompound,C9H11NO6,,,ESI,5000,,0,,230.06591,M+H,+,1,0,120,,,,,252.04786,M+Na,+,1,0,60,,,,,247.09246,M+NH4,+,1,0,60,,,,,228.05136,M-H,-,1,0,60,,,
Ergothioneine; Thiolhistidine-betaine,XIC,eTargetCompound,C9H15N3O2S,,,ESI,5000,,0,,230.09577,M+H,+,1,0,120,,,,,252.07772,M+Na,+,1,0,60,,,,,247.12232,M+NH4,+,1,0,60,,,,,228.08122,M-H,-,1,0,60,,,
"2,3,5,6-Tetrachlorophenol",XIC,eTargetCompound,C6H2OCl4,,,ESI,5000,,0,,230.89325,M+H,+,1,0,120,,,,,252.8752,M+Na,+,1,0,60,,,,,247.9198,M+NH4,+,1,0,60,,,,,228.8787,M-H,-,1,0,60,,,
alpha-D-Xylose 1-phosphate,XIC,eTargetCompound,C5H11O8P,,,ESI,5000,,0,,231.02643,M+H,+,1,0,120,,,,,253.00837,M+Na,+,1,0,60,,,,,248.05298,M+NH4,+,1,0,60,,,,,229.01188,M-H,-,1,0,60,,,
alpha-L-Arabinose 1-phosphate,XIC,eTargetCompound,C5H11O8P,,,ESI,5000,,0,,231.02643,M+H,+,1,0,120,,,,,253.00837,M+Na,+,1,0,60,,,,,248.05298,M+NH4,+,1,0,60,,,,,229.01188,M-H,-,1,0,60,,,
beta-L-Arabinose 1-phosphate,XIC,eTargetCompound,C5H11O8P,,,ESI,5000,,0,,231.02643,M+H,+,1,0,120,,,,,253.00837,M+Na,+,1,0,60,,,,,248.05298,M+NH4,+,1,0,60,,,,,229.01188,M-H,-,1,0,60,,,
D-Arabinose 5-phosphate,XIC,eTargetCompound,C5H11O8P,,,ESI,5000,,0,,231.02643,M+H,+,1,0,120,,,,,253.00837,M+Na,+,1,0,60,,,,,248.05298,M+NH4,+,1,0,60,,,,,229.01188,M-H,-,1,0,60,,,
D-Ribose 1-phosphate,XIC,eTargetCompound,C5H11O8P,,,ESI,5000,,0,,231.02643,M+H,+,1,0,120,,,,,253.00837,M+Na,+,1,0,60,,,,,248.05298,M+NH4,+,1,0,60,,,,,229.01188,M-H,-,1,0,60,,,
D-Ribose 5-phosphate,XIC,eTargetCompound,C5H11O8P,,,ESI,5000,,0,,231.02643,M+H,+,1,0,120,,,,,253.00837,M+Na,+,1,0,60,,,,,248.05298,M+NH4,+,1,0,60,,,,,229.01188,M-H,-,1,0,60,,,
D-Ribulose 5-phosphate,XIC,eTargetCompound,C5H11O8P,,,ESI,5000,,0,,231.02643,M+H,+,1,0,120,,,,,253.00837,M+Na,+,1,0,60,,,,,248.05298,M+NH4,+,1,0,60,,,,,229.01188,M-H,-,1,0,60,,,
D-Xylulose 5-phosphate,XIC,eTargetCompound,C5H11O8P,,,ESI,5000,,0,,231.02643,M+H,+,1,0,120,,,,,253.00837,M+Na,+,1,0,60,,,,,248.05298,M+NH4,+,1,0,60,,,,,229.01188,M-H,-,1,0,60,,,
D-Xylulose-5-phosphate; Xu-5-P,XIC,eTargetCompound,C5H11O8P,,,ESI,5000,,0,,231.02643,M+H,+,1,0,120,,,,,253.00837,M+Na,+,1,0,60,,,,,248.05298,M+NH4,+,1,0,60,,,,,229.01188,M-H,-,1,0,60,,,
L-Xylulose 1-phosphate,XIC,eTargetCompound,C5H11O8P,,,ESI,5000,,0,,231.02643,M+H,+,1,0,120,,,,,253.00837,M+Na,+,1,0,60,,,,,248.05298,M+NH4,+,1,0,60,,,,,229.01188,M-H,-,1,0,60,,,
L-Xylulose 5-phosphate,XIC,eTargetCompound,C5H11O8P,,,ESI,5000,,0,,231.02643,M+H,+,1,0,120,,,,,253.00837,M+Na,+,1,0,60,,,,,248.05298,M+NH4,+,1,0,60,,,,,229.01188,M-H,-,1,0,60,,,
AR001_Ribose5-phosphate,XIC,eTargetCompound,,,,None,0,,,,,,,,,,,,,,,,,,,,,,,,,,,,,,,,,,229.0119,M-,-,1,21.11,30,,,
AR002_Ribulose5-phosphate,XIC,eTargetCompound,,,,None,0,,,,,,,,,,,,,,,,,,,,,,,,,,,,,,,,,,229.0119,M-,-,1,21.41,30,,,
AX001_D-Xylulose_5-phosphate,XIC,eTargetCompound,,,,None,0,,,,,,,,,,,,,,,,,,,,,,,,,,,,,,,,,,229.0119,M-,-,1,12.53,60,,,
"2,4,6-Trihydroxybenzophenone",XIC,eTargetCompound,C13H10O4,,,ESI,5000,,0,,231.06519,M+H,+,1,0,120,,,,,253.04713,M+Na,+,1,0,60,,,,,248.09173,M+NH4,+,1,0,60,,,,,229.05063,M-H,-,1,0,60,,,
Bis-noryangonin,XIC,eTargetCompound,C13H10O4,,,ESI,5000,,0,,231.06519,M+H,+,1,0,120,,,,,253.04713,M+Na,+,1,0,60,,,,,248.09173,M+NH4,+,1,0,60,,,,,229.05063,M-H,-,1,0,60,,,
demethylsuberosin,XIC,eTargetCompound,C14H14O3,,,ESI,5000,,0,,231.10157,M+H,+,1,0,120,,,,,253.08352,M+Na,+,1,0,60,,,,,248.12812,M+NH4,+,1,0,60,,,,,229.08702,M-H,-,1,0,60,,,
osthenol,XIC,eTargetCompound,C14H14O3,,,ESI,5000,,0,,231.10157,M+H,+,1,0,120,,,,,253.08352,M+Na,+,1,0,60,,,,,248.12812,M+NH4,+,1,0,60,,,,,229.08702,M-H,-,1,0,60,,,
Dodecanedioic acid ,XIC,eTargetCompound,C12H22O4,,,ESI,5000,,0,,231.15909,M+H,+,1,0,120,,,,,253.14103,M+Na,+,1,0,60,,,,,248.18563,M+NH4,+,1,0,60,,,,,229.14453,M-H,-,1,0,60,,,
N-Acetyl-L-2-amino-6-oxopimelate,XIC,eTargetCompound,C9H13NO6,,,ESI,5000,,0,,232.08156,M+H,+,1,0,120,,,,,254.06351,M+Na,+,1,0,60,,,,,249.10811,M+NH4,+,1,0,60,,,,,230.06701,M-H,-,1,0,60,,,
N-Succinyl-L-glutamate 5-semialdehyde,XIC,eTargetCompound,C9H13NO6,,,ESI,5000,,0,,232.08156,M+H,+,1,0,120,,,,,254.06351,M+Na,+,1,0,60,,,,,249.10811,M+NH4,+,1,0,60,,,,,230.06701,M-H,-,1,0,60,,,
Butyryl-L-carnitine,XIC,eTargetCompound,C11H21NO4,,,ESI,5000,,0,,232.15433,M+H,+,1,0,120,,,,,254.13628,M+Na,+,1,0,60,,,,,249.18088,M+NH4,+,1,0,60,,,,,230.13978,M-H,-,1,0,60,,,
O-Butanoylcarnitine,XIC,eTargetCompound,C11H21NO4,,,ESI,5000,,0,,232.15433,M+H,+,1,0,120,,,,,254.13628,M+Na,+,1,0,60,,,,,249.18088,M+NH4,+,1,0,60,,,,,230.13978,M-H,-,1,0,60,,,
D-Ribitol 5-phosphate,XIC,eTargetCompound,C5H13O8P,,,ESI,5000,,0,,233.04208,M+H,+,1,0,120,,,,,255.02402,M+Na,+,1,0,60,,,,,250.06863,M+NH4,+,1,0,60,,,,,231.02753,M-H,-,1,0,60,,,
Xylitol 5-phosphate,XIC,eTargetCompound,C5H13O8P,,,ESI,5000,,0,,233.04208,M+H,+,1,0,120,,,,,255.02402,M+Na,+,1,0,60,,,,,250.06863,M+NH4,+,1,0,60,,,,,231.02753,M-H,-,1,0,60,,,
5-Hydroxyxanthotoxin,XIC,eTargetCompound,C12H8O5,,,ESI,5000,,0,,233.04445,M+H,+,1,0,120,,,,,255.02639,M+Na,+,1,0,60,,,,,250.071,M+NH4,+,1,0,60,,,,,231.0299,M-H,-,1,0,60,,,
gamma-Glutamyl-gamma-aminobutyraye,XIC,eTargetCompound,C9H16N2O5,,,ESI,5000,,0,,233.1132,M+H,+,1,0,120,,,,,255.09514,M+Na,+,1,0,60,,,,,250.13975,M+NH4,+,1,0,60,,,,,231.09864,M-H,-,1,0,60,,,
N2-Succinyl-L-ornithine,XIC,eTargetCompound,C9H16N2O5,,,ESI,5000,,0,,233.1132,M+H,+,1,0,120,,,,,255.09514,M+Na,+,1,0,60,,,,,250.13975,M+NH4,+,1,0,60,,,,,231.09864,M-H,-,1,0,60,,,
"N6-Acetyl-LL-2,6-diaminoheptanedioate",XIC,eTargetCompound,C9H16N2O5,,,ESI,5000,,0,,233.1132,M+H,+,1,0,120,,,,,255.09514,M+Na,+,1,0,60,,,,,250.13975,M+NH4,+,1,0,60,,,,,231.09864,M-H,-,1,0,60,,,
Melatonin,XIC,eTargetCompound,C13H16N2O2,,,ESI,5000,,0,,233.12845,M+H,+,1,0,120,,,,,255.1104,M+Na,+,1,0,60,,,,,250.155,M+NH4,+,1,0,60,,,,,231.1139,M-H,-,1,0,60,,,
Costunolide,XIC,eTargetCompound,C15H20O2,,,ESI,5000,,0,,233.15361,M+H,+,1,0,120,,,,,255.13555,M+Na,+,1,0,60,,,,,250.18016,M+NH4,+,1,0,60,,,,,231.13905,M-H,-,1,0,60,,,
Dopamine 3-O-sulfate,XIC,eTargetCompound,C8H11NO5S,,,ESI,5000,,0,,234.04307,M+H,+,1,0,120,,,,,256.02501,M+Na,+,1,0,60,,,,,251.06962,M+NH4,+,1,0,60,,,,,232.02852,M-H,-,1,0,60,,,
Dopamine 4-O-sulfate,XIC,eTargetCompound,C8H11NO5S,,,ESI,5000,,0,,234.04307,M+H,+,1,0,120,,,,,256.02501,M+Na,+,1,0,60,,,,,251.06962,M+NH4,+,1,0,60,,,,,232.02852,M-H,-,1,0,60,,,
hexahomomethionine,XIC,eTargetCompound,C11H23NO2S,,,ESI,5000,,0,,234.15223,M+H,+,1,0,120,,,,,256.13417,M+Na,+,1,0,60,,,,,251.17878,M+NH4,+,1,0,60,,,,,232.13767,M-H,-,1,0,60,,,
2-iodophenol methyl ether,XIC,eTargetCompound,C7H7IO,,,ESI,5000,,0,,234.96143,M+H,+,1,0,120,,,,,256.94338,M+Na,+,1,0,60,,,,,251.98798,M+NH4,+,1,0,60,,,,,232.94688,M-H,-,1,0,60,,,
"5-(4-Hydroxybut-1-ynyl)-2,2'-bithiophene",XIC,eTargetCompound,C12H10OS2,,,ESI,5000,,0,,235.02458,M+H,+,1,0,120,,,,,257.00653,M+Na,+,1,0,60,,,,,252.05113,M+NH4,+,1,0,60,,,,,233.01003,M-H,-,1,0,60,,,
2-(2-Hydroxyphenyl)benzenesulfinate,XIC,eTargetCompound,C12H10O3S,,,ESI,5000,,0,,235.04234,M+H,+,1,0,120,,,,,257.02429,M+Na,+,1,0,60,,,,,252.06889,M+NH4,+,1,0,60,,,,,233.02779,M-H,-,1,0,60,,,
(-)threo-iso(homo)3citrate,XIC,eTargetCompound,C9H14O7,,,ESI,5000,,0,,235.08123,M+H,+,1,0,120,,,,,257.06317,M+Na,+,1,0,60,,,,,252.10778,M+NH4,+,1,0,60,,,,,233.06668,M-H,-,1,0,60,,,
trihomocitrate,XIC,eTargetCompound,C9H14O7,,,ESI,5000,,0,,235.08123,M+H,+,1,0,120,,,,,257.06317,M+Na,+,1,0,60,,,,,252.10778,M+NH4,+,1,0,60,,,,,233.06668,M-H,-,1,0,60,,,
Benzoylagmatine,XIC,eTargetCompound,C12H18N4O,,,ESI,5000,,0,,235.15534,M+H,+,1,0,120,,,,,257.13728,M+Na,+,1,0,60,,,,,252.18189,M+NH4,+,1,0,60,,,,,233.14078,M-H,-,1,0,60,,,
Lidocaine,XIC,eTargetCompound,C14H22N2O,,,ESI,5000,,0,,235.18049,M+H,+,1,0,120,,,,,257.16243,M+Na,+,1,0,60,,,,,252.20704,M+NH4,+,1,0,60,,,,,233.16594,M-H,-,1,0,60,,,
Carboxin,XIC,eTargetCompound,C12H13NO2S,,,ESI,5000,,0,,236.07398,M+H,+,1,0,120,,,,,258.05592,M+Na,+,1,0,60,,,,,253.10053,M+NH4,+,1,0,60,,,,,234.05942,M-H,-,1,0,60,,,
"(S)-7,8,13,14-Tetrahydroprotoberberine",XIC,eTargetCompound,C17H17N,,,ESI,5000,,0,,236.14338,M+H,+,1,0,120,,,,,258.12532,M+Na,+,1,0,60,,,,,253.16993,M+NH4,+,1,0,60,,,,,234.12882,M-H,-,1,0,60,,,
2-(4'-methylthio)butylmalate,XIC,eTargetCompound,C9H16O5S,,,ESI,5000,,0,,237.07912,M+H,+,1,0,120,,,,,259.06107,M+Na,+,1,0,60,,,,,254.10567,M+NH4,+,1,0,60,,,,,235.06457,M-H,-,1,0,60,,,
3-(4'-methylthio)butylmalate,XIC,eTargetCompound,C9H16O5S,,,ESI,5000,,0,,237.07912,M+H,+,1,0,120,,,,,259.06107,M+Na,+,1,0,60,,,,,254.10567,M+NH4,+,1,0,60,,,,,235.06457,M-H,-,1,0,60,,,
L-Formylkynurenine,XIC,eTargetCompound,C11H12N2O4,,,ESI,5000,,0,,237.08698,M+H,+,1,0,120,,,,,259.06893,M+Na,+,1,0,60,,,,,254.11353,M+NH4,+,1,0,60,,,,,235.07243,M-H,-,1,0,60,,,
N-Formyl-D-kynurenine,XIC,eTargetCompound,C11H12N2O4,,,ESI,5000,,0,,237.08698,M+H,+,1,0,120,,,,,259.06893,M+Na,+,1,0,60,,,,,254.11353,M+NH4,+,1,0,60,,,,,235.07243,M-H,-,1,0,60,,,
Capsidiol,XIC,eTargetCompound,C15H24O2,,,ESI,5000,,0,,237.18491,M+H,+,1,0,120,,,,,259.16685,M+Na,+,1,0,60,,,,,254.21146,M+NH4,+,1,0,60,,,,,235.17035,M-H,-,1,0,60,,,
Farnesoic acid,XIC,eTargetCompound,C15H24O2,,,ESI,5000,,0,,237.18491,M+H,+,1,0,120,,,,,259.16685,M+Na,+,1,0,60,,,,,254.21146,M+NH4,+,1,0,60,,,,,235.17035,M-H,-,1,0,60,,,
Latia luciferin,XIC,eTargetCompound,C15H24O2,,,ESI,5000,,0,,237.18491,M+H,+,1,0,120,,,,,259.16685,M+Na,+,1,0,60,,,,,254.21146,M+NH4,+,1,0,60,,,,,235.17035,M-H,-,1,0,60,,,
Lubimin,XIC,eTargetCompound,C15H24O2,,,ESI,5000,,0,,237.18491,M+H,+,1,0,120,,,,,259.16685,M+Na,+,1,0,60,,,,,254.21146,M+NH4,+,1,0,60,,,,,235.17035,M-H,-,1,0,60,,,
N-Acetyl-D-glucosaminate,XIC,eTargetCompound,C8H15NO7,,,ESI,5000,,0,,238.09213,M+H,+,1,0,120,,,,,260.07407,M+Na,+,1,0,60,,,,,255.11868,M+NH4,+,1,0,60,,,,,236.07758,M-H,-,1,0,60,,,
6-Pyruvoyltetrahydropterin,XIC,eTargetCompound,C9H11N5O3,,,ESI,5000,,0,,238.09347,M+H,+,1,0,120,,,,,260.07541,M+Na,+,1,0,60,,,,,255.12001,M+NH4,+,1,0,60,,,,,236.07891,M-H,-,1,0,60,,,
Biopterin,XIC,eTargetCompound,C9H11N5O3,,,ESI,5000,,0,,238.09347,M+H,+,1,0,120,,,,,260.07541,M+Na,+,1,0,60,,,,,255.12001,M+NH4,+,1,0,60,,,,,236.07891,M-H,-,1,0,60,,,
Sepiapterin,XIC,eTargetCompound,C9H11N5O3,,,ESI,5000,,0,,238.09347,M+H,+,1,0,120,,,,,260.07541,M+Na,+,1,0,60,,,,,255.12001,M+NH4,+,1,0,60,,,,,236.07891,M-H,-,1,0,60,,,
"N-Methyl-(R,S)-tetrahydrobenzylisoquinoline",XIC,eTargetCompound,C17H19N,,,ESI,5000,,0,,238.15903,M+H,+,1,0,120,,,,,260.14097,M+Na,+,1,0,60,,,,,255.18558,M+NH4,+,1,0,60,,,,,236.14447,M-H,-,1,0,60,,,
D-erythro-1-(Imidazol-4-yl)glycerol 3-phosphate,XIC,eTargetCompound,C6H11N2O6P,,,ESI,5000,,0,,239.04275,M+H,+,1,0,120,,,,,261.02469,M+Na,+,1,0,60,,,,,256.0693,M+NH4,+,1,0,60,,,,,237.0282,M-H,-,1,0,60,,,
2'-Hydroxyisoflavone,XIC,eTargetCompound,C15H10O3,,,ESI,5000,,0,,239.07027,M+H,+,1,0,120,,,,,261.05222,M+Na,+,1,0,60,,,,,256.09682,M+NH4,+,1,0,60,,,,,237.05572,M-H,-,1,0,60,,,
6-Hydroxyflavone,XIC,eTargetCompound,C15H10O3,,,ESI,5000,,0,,239.07027,M+H,+,1,0,120,,,,,261.05222,M+Na,+,1,0,60,,,,,256.09682,M+NH4,+,1,0,60,,,,,237.05572,M-H,-,1,0,60,,,
7-Hydroxyflavone,XIC,eTargetCompound,C15H10O3,,,ESI,5000,,0,,239.07027,M+H,+,1,0,120,,,,,261.05222,M+Na,+,1,0,60,,,,,256.09682,M+NH4,+,1,0,60,,,,,237.05572,M-H,-,1,0,60,,,
Flavonol,XIC,eTargetCompound,C15H10O3,,,ESI,5000,,0,,239.07027,M+H,+,1,0,120,,,,,261.05222,M+Na,+,1,0,60,,,,,256.09682,M+NH4,+,1,0,60,,,,,237.05572,M-H,-,1,0,60,,,
3-Deoxy-D-manno-octulosonate,XIC,eTargetCompound,C8H14O8,,,ESI,5000,,0,,239.07614,M+H,+,1,0,120,,,,,261.05809,M+Na,+,1,0,60,,,,,256.10269,M+NH4,+,1,0,60,,,,,237.06159,M-H,-,1,0,60,,,
Xanthopterin-B2,XIC,eTargetCompound,C9H10N4O4,,,ESI,5000,,0,,239.07748,M+H,+,1,0,120,,,,,261.05943,M+Na,+,1,0,60,,,,,256.10403,M+NH4,+,1,0,60,,,,,237.06293,M-H,-,1,0,60,,,
Agroclavine,XIC,eTargetCompound,C16H18N2,,,ESI,5000,,0,,239.15428,M+H,+,1,0,120,,,,,261.13622,M+Na,+,1,0,60,,,,,256.18082,M+NH4,+,1,0,60,,,,,237.13972,M-H,-,1,0,60,,,
2-trans-Hexadecenal,XIC,eTargetCompound,C16H30O,,,ESI,5000,,0,,239.23694,M+H,+,1,0,120,,,,,261.21889,M+Na,+,1,0,60,,,,,256.26349,M+NH4,+,1,0,60,,,,,237.22239,M-H,-,1,0,60,,,
N-Hydroxy-2-acetamidofluorene,XIC,eTargetCompound,C15H13NO2,,,ESI,5000,,0,,240.10191,M+H,+,1,0,120,,,,,262.08385,M+Na,+,1,0,60,,,,,257.12845,M+NH4,+,1,0,60,,,,,238.08735,M-H,-,1,0,60,,,
4a-Carbinolaminetetrahydrobiopterin,XIC,eTargetCompound,C9H13N5O3,,,ESI,5000,,0,,240.10912,M+H,+,1,0,120,,,,,262.09106,M+Na,+,1,0,60,,,,,257.13566,M+NH4,+,1,0,60,,,,,238.09456,M-H,-,1,0,60,,,
"6-Lactoyl-5,6,7,8-tetrahydropterin",XIC,eTargetCompound,C9H13N5O3,,,ESI,5000,,0,,240.10912,M+H,+,1,0,120,,,,,262.09106,M+Na,+,1,0,60,,,,,257.13566,M+NH4,+,1,0,60,,,,,238.09456,M-H,-,1,0,60,,,
"7,8-dihydrobiopterin; L-Erythro-Dihydrobiopterin",XIC,eTargetCompound,C9H13N5O3,,,ESI,5000,,0,,240.10912,M+H,+,1,0,120,,,,,262.09106,M+Na,+,1,0,60,,,,,257.13566,M+NH4,+,1,0,60,,,,,238.09456,M-H,-,1,0,60,,,
Trimetaphosphate,XIC,eTargetCompound,H3O9P3,,,ESI,5000,,0,,240.90627,M+H,+,1,0,120,,,,,262.88821,M+Na,+,1,0,60,,,,,257.93282,M+NH4,+,1,0,60,,,,,238.89171,M-H,-,1,0,60,,,
L-Cystine,XIC,eTargetCompound,C6H12N2O4S2,,,ESI,5000,,0,,241.03112,M+H,+,1,0,120,,,,,263.01307,M+Na,+,1,0,60,,,,,258.05767,M+NH4,+,1,0,60,,,,,239.01657,M-H,-,1,0,60,,,
Alizarin,XIC,eTargetCompound,C14H8O4,,,ESI,5000,,0,,241.04954,M+H,+,1,0,120,,,,,263.03148,M+Na,+,1,0,60,,,,,258.07608,M+NH4,+,1,0,60,,,,,239.03498,M-H,-,1,0,60,,,
"(1R,6R)-6-Hydroxy-2-succinylcyclohexa-2,4-diene-1-carboxylate",XIC,eTargetCompound,C11H12O6,,,ESI,5000,,0,,241.07066,M+H,+,1,0,120,,,,,263.05261,M+Na,+,1,0,60,,,,,258.09721,M+NH4,+,1,0,60,,,,,239.05611,M-H,-,1,0,60,,,
[PK] Chrysophanic acid 9-anthrone,XIC,eTargetCompound,C15H12O3,,,ESI,5000,,0,,241.08592,M+H,+,1,0,120,,,,,263.06787,M+Na,+,1,0,60,,,,,258.11247,M+NH4,+,1,0,60,,,,,239.07137,M-H,-,1,0,60,,,
Anserine,XIC,eTargetCompound,C10H16N4O3,,,ESI,5000,,0,,241.12952,M+H,+,1,0,120,,,,,263.11146,M+Na,+,1,0,60,,,,,258.15607,M+NH4,+,1,0,60,,,,,239.11496,M-H,-,1,0,60,,,
Homocarnosine,XIC,eTargetCompound,C10H16N4O3,,,ESI,5000,,0,,241.12952,M+H,+,1,0,120,,,,,263.11146,M+Na,+,1,0,60,,,,,258.15607,M+NH4,+,1,0,60,,,,,239.11496,M-H,-,1,0,60,,,
N(alpha)-gamma-L-Glutamylhistamine,XIC,eTargetCompound,C10H16N4O3,,,ESI,5000,,0,,241.12952,M+H,+,1,0,120,,,,,263.11146,M+Na,+,1,0,60,,,,,258.15607,M+NH4,+,1,0,60,,,,,239.11496,M-H,-,1,0,60,,,
Hexadecanal,XIC,eTargetCompound,C16H32O,,,ESI,5000,,0,,241.25259,M+H,+,1,0,120,,,,,263.23454,M+Na,+,1,0,60,,,,,258.27914,M+NH4,+,1,0,60,,,,,239.23804,M-H,-,1,0,60,,,
Heptadecane,XIC,eTargetCompound,C17H36,,,ESI,5000,,0,,241.28898,M+H,+,1,0,120,,,,,263.27092,M+Na,+,1,0,60,,,,,258.31553,M+NH4,+,1,0,60,,,,,239.27442,M-H,-,1,0,60,,,
"N-(2,3-Dihydroxybenzoyl)-L-serine",XIC,eTargetCompound,C10H11NO6,,,ESI,5000,,0,,242.06591,M+H,+,1,0,120,,,,,264.04786,M+Na,+,1,0,60,,,,,259.09246,M+NH4,+,1,0,60,,,,,240.05136,M-H,-,1,0,60,,,
"1,3-Dihydroxy-N-methylacridone",XIC,eTargetCompound,C14H11NO3,,,ESI,5000,,0,,242.08117,M+H,+,1,0,120,,,,,264.06311,M+Na,+,1,0,60,,,,,259.10772,M+NH4,+,1,0,60,,,,,240.06662,M-H,-,1,0,60,,,
N-Benzoylanthranilate,XIC,eTargetCompound,C14H11NO3,,,ESI,5000,,0,,242.08117,M+H,+,1,0,120,,,,,264.06311,M+Na,+,1,0,60,,,,,259.10772,M+NH4,+,1,0,60,,,,,240.06662,M-H,-,1,0,60,,,
5-Methyldeoxycytidine,XIC,eTargetCompound,C10H15N3O4,,,ESI,5000,,0,,242.11353,M+H,+,1,0,120,,,,,264.09548,M+Na,+,1,0,60,,,,,259.14008,M+NH4,+,1,0,60,,,,,240.09898,M-H,-,1,0,60,,,
Tetrahydrobiopterin,XIC,eTargetCompound,C9H15N5O3,,,ESI,5000,,0,,242.12477,M+H,+,1,0,120,,,,,264.10671,M+Na,+,1,0,60,,,,,259.15131,M+NH4,+,1,0,60,,,,,240.11021,M-H,-,1,0,60,,,
4-(Dimethylamino)phenylazoxybenzene,XIC,eTargetCompound,C14H15N3O,,,ESI,5000,,0,,242.12879,M+H,+,1,0,120,,,,,264.11073,M+Na,+,1,0,60,,,,,259.15534,M+NH4,+,1,0,60,,,,,240.11424,M-H,-,1,0,60,,,
"2,3-Diketo-5-methylthiopentyl-1-phosphate",XIC,eTargetCompound,C6H11O6PS,,,ESI,5000,,0,,243.00867,M+H,+,1,0,120,,,,,264.99062,M+Na,+,1,0,60,,,,,260.03522,M+NH4,+,1,0,60,,,,,240.99412,M-H,-,1,0,60,,,
2-Hydroxy-3-keto-5-methylthiopentenyl-1-phosphate,XIC,eTargetCompound,C6H11O6PS,,,ESI,5000,,0,,243.00867,M+H,+,1,0,120,,,,,264.99062,M+Na,+,1,0,60,,,,,260.03522,M+NH4,+,1,0,60,,,,,240.99412,M-H,-,1,0,60,,,
"D-myo-Inositol 1,2-cyclic phosphate",XIC,eTargetCompound,C6H11O8P,,,ESI,5000,,0,,243.02643,M+H,+,1,0,120,,,,,265.00837,M+Na,+,1,0,60,,,,,260.05298,M+NH4,+,1,0,60,,,,,241.01188,M-H,-,1,0,60,,,
5-Phosphonooxy-L-lysine,XIC,eTargetCompound,C6H15N2O6P,,,ESI,5000,,0,,243.07405,M+H,+,1,0,120,,,,,265.05599,M+Na,+,1,0,60,,,,,260.1006,M+NH4,+,1,0,60,,,,,241.0595,M-H,-,1,0,60,,,
Lumichrome,XIC,eTargetCompound,C12H10N4O2,,,ESI,5000,,0,,243.08765,M+H,+,1,0,120,,,,,265.0696,M+Na,+,1,0,60,,,,,260.1142,M+NH4,+,1,0,60,,,,,241.0731,M-H,-,1,0,60,,,
Thymidine,XIC,eTargetCompound,C10H14N2O5,,,ESI,5000,,0,,243.09755,M+H,+,1,0,120,,,,,265.07949,M+Na,+,1,0,60,,,,,260.1241,M+NH4,+,1,0,60,,,,,241.08299,M-H,-,1,0,60,,,
Equol,XIC,eTargetCompound,C15H14O3,,,ESI,5000,,0,,243.10157,M+H,+,1,0,120,,,,,265.08352,M+Na,+,1,0,60,,,,,260.12812,M+NH4,+,1,0,60,,,,,241.08702,M-H,-,1,0,60,,,
[FA methyl(14:0)] 12-methyl-tetradecanoic acid,XIC,eTargetCompound,C15H30O2,,,ESI,5000,,0,,243.23186,M+H,+,1,0,120,,,,,265.2138,M+Na,+,1,0,60,,,,,260.25841,M+NH4,+,1,0,60,,,,,241.2173,M-H,-,1,0,60,,,
Cytidine; 1-beta-delta-Ribofuranosyl-Cytosine,XIC,eTargetCompound,C9H13N3O5,,,ESI,5000,,0,,244.0928,M+H,+,1,0,120,,,,,266.07474,M+Na,+,1,0,60,,,,,261.11935,M+NH4,+,1,0,60,,,,,242.07824,M-H,-,1,0,60,,,
Biotin amide,XIC,eTargetCompound,C10H17N3O2S,,,ESI,5000,,0,,244.11142,M+H,+,1,0,120,,,,,266.09337,M+Na,+,1,0,60,,,,,261.13797,M+NH4,+,1,0,60,,,,,242.09687,M-H,-,1,0,60,,,
AD004_2-Deoxy-glucose_6-phosphate,XIC,eTargetCompound,,,,None,0,,,,,,,,,,,,,,,,,,,,,,,,,,,,,,,,,,243.0275,M-,-,1,18.45,60,,,
2-Deoxy-D-glucose 6-phosphate,XIC,eTargetCompound,C6H13O8P,,,ESI,5000,,0,,245.04208,M+H,+,1,0,120,,,,,267.02402,M+Na,+,1,0,60,,,,,262.06863,M+NH4,+,1,0,60,,,,,243.02753,M-H,-,1,0,60,,,
L-Fucose 1-phosphate,XIC,eTargetCompound,C6H13O8P,,,ESI,5000,,0,,245.04208,M+H,+,1,0,120,,,,,267.02402,M+Na,+,1,0,60,,,,,262.06863,M+NH4,+,1,0,60,,,,,243.02753,M-H,-,1,0,60,,,
L-Fuculose 1-phosphate,XIC,eTargetCompound,C6H13O8P,,,ESI,5000,,0,,245.04208,M+H,+,1,0,120,,,,,267.02402,M+Na,+,1,0,60,,,,,262.06863,M+NH4,+,1,0,60,,,,,243.02753,M-H,-,1,0,60,,,
L-Rhamnulose 1-phosphate,XIC,eTargetCompound,C6H13O8P,,,ESI,5000,,0,,245.04208,M+H,+,1,0,120,,,,,267.02402,M+Na,+,1,0,60,,,,,262.06863,M+NH4,+,1,0,60,,,,,243.02753,M-H,-,1,0,60,,,
"1,3,5-Trihydroxyxanthone",XIC,eTargetCompound,C13H8O5,,,ESI,5000,,0,,245.04445,M+H,+,1,0,120,,,,,267.02639,M+Na,+,1,0,60,,,,,262.071,M+NH4,+,1,0,60,,,,,243.0299,M-H,-,1,0,60,,,
Gentisein,XIC,eTargetCompound,C13H8O5,,,ESI,5000,,0,,245.04445,M+H,+,1,0,120,,,,,267.02639,M+Na,+,1,0,60,,,,,262.071,M+NH4,+,1,0,60,,,,,243.0299,M-H,-,1,0,60,,,
Pseudouridine,XIC,eTargetCompound,C9H12N2O6,,,ESI,5000,,0,,245.07681,M+H,+,1,0,120,,,,,267.05876,M+Na,+,1,0,60,,,,,262.10336,M+NH4,+,1,0,60,,,,,243.06226,M-H,-,1,0,60,,,
Uridine,XIC,eTargetCompound,C9H12N2O6,,,ESI,5000,,0,,245.07681,M+H,+,1,0,120,,,,,267.05876,M+Na,+,1,0,60,,,,,262.10336,M+NH4,+,1,0,60,,,,,243.06226,M-H,-,1,0,60,,,
Piceatannol,XIC,eTargetCompound,C14H12O4,,,ESI,5000,,0,,245.08084,M+H,+,1,0,120,,,,,267.06278,M+Na,+,1,0,60,,,,,262.10738,M+NH4,+,1,0,60,,,,,243.06628,M-H,-,1,0,60,,,
Biotin,XIC,eTargetCompound,C10H16N2O3S,,,ESI,5000,,0,,245.09544,M+H,+,1,0,120,,,,,267.07738,M+Na,+,1,0,60,,,,,262.12199,M+NH4,+,1,0,60,,,,,243.08089,M-H,-,1,0,60,,,
Guanidinoproclavaminic acid,XIC,eTargetCompound,C9H16N4O4,,,ESI,5000,,0,,245.12443,M+H,+,1,0,120,,,,,267.10638,M+Na,+,1,0,60,,,,,262.15098,M+NH4,+,1,0,60,,,,,243.10988,M-H,-,1,0,60,,,
N-(6-Aminohexanoyl)-6-aminohexanoate,XIC,eTargetCompound,C12H24N2O3,,,ESI,5000,,0,,245.18597,M+H,+,1,0,120,,,,,267.16791,M+Na,+,1,0,60,,,,,262.21252,M+NH4,+,1,0,60,,,,,243.17142,M-H,-,1,0,60,,,
N1-Acetylspermine,XIC,eTargetCompound,C12H28N4O,,,ESI,5000,,0,,245.23359,M+H,+,1,0,120,,,,,267.21553,M+Na,+,1,0,60,,,,,262.26014,M+NH4,+,1,0,60,,,,,243.21903,M-H,-,1,0,60,,,
Dimethylallyl pyrophosphate,XIC,eTargetCompound,C5H12O7P2,,,ESI,5000,,0,,247.0131,M+H,+,1,0,120,,,,,268.99505,M+Na,+,1,0,60,,,,,264.03965,M+NH4,+,1,0,60,,,,,244.99855,M-H,-,1,0,60,,,
Isopentenyl pyrophosphate (IPP),XIC,eTargetCompound,C5H12O7P2,,,ESI,5000,,0,,247.0131,M+H,+,1,0,120,,,,,268.99505,M+Na,+,1,0,60,,,,,264.03965,M+NH4,+,1,0,60,,,,,244.99855,M-H,-,1,0,60,,,
Polyisopentenylpyrophosphate,XIC,eTargetCompound,C5H12O7P2,,,ESI,5000,,0,,247.0131,M+H,+,1,0,120,,,,,268.99505,M+Na,+,1,0,60,,,,,264.03965,M+NH4,+,1,0,60,,,,,244.99855,M-H,-,1,0,60,,,
Glycerophosphoglycerol,XIC,eTargetCompound,C6H15O8P,,,ESI,5000,,0,,247.05773,M+H,+,1,0,120,,,,,269.03968,M+Na,+,1,0,60,,,,,264.08428,M+NH4,+,1,0,60,,,,,245.04318,M-H,-,1,0,60,,,
"2,3',4,6-Tetrahydroxybenzophenone",XIC,eTargetCompound,C13H10O5,,,ESI,5000,,0,,247.0601,M+H,+,1,0,120,,,,,269.04204,M+Na,+,1,0,60,,,,,264.08665,M+NH4,+,1,0,60,,,,,245.04555,M-H,-,1,0,60,,,
Isopimpinellin,XIC,eTargetCompound,C13H10O5,,,ESI,5000,,0,,247.0601,M+H,+,1,0,120,,,,,269.04204,M+Na,+,1,0,60,,,,,264.08665,M+NH4,+,1,0,60,,,,,245.04555,M-H,-,1,0,60,,,
Columbianetin,XIC,eTargetCompound,C14H14O4,,,ESI,5000,,0,,247.09649,M+H,+,1,0,120,,,,,269.07843,M+Na,+,1,0,60,,,,,264.12303,M+NH4,+,1,0,60,,,,,245.08193,M-H,-,1,0,60,,,
Marmesin,XIC,eTargetCompound,C14H14O4,,,ESI,5000,,0,,247.09649,M+H,+,1,0,120,,,,,269.07843,M+Na,+,1,0,60,,,,,264.12303,M+NH4,+,1,0,60,,,,,245.08193,M-H,-,1,0,60,,,
N-acetyl-DL-tryptophan,XIC,eTargetCompound,C13H14N2O3,,,ESI,5000,,0,,247.10772,M+H,+,1,0,120,,,,,269.08966,M+Na,+,1,0,60,,,,,264.13427,M+NH4,+,1,0,60,,,,,245.09317,M-H,-,1,0,60,,,
N-acetyltryptophan,XIC,eTargetCompound,C13H14N2O3,,,ESI,5000,,0,,247.10772,M+H,+,1,0,120,,,,,269.08966,M+Na,+,1,0,60,,,,,264.13427,M+NH4,+,1,0,60,,,,,245.09317,M-H,-,1,0,60,,,
 alpha-Santonin,XIC,eTargetCompound,C15H18O3,,,ESI,5000,,0,,247.13287,M+H,+,1,0,120,,,,,269.11482,M+Na,+,1,0,60,,,,,264.15942,M+NH4,+,1,0,60,,,,,245.11832,M-H,-,1,0,60,,,
L-N2-(2-Carboxyethyl)arginine,XIC,eTargetCompound,C9H18N4O4,,,ESI,5000,,0,,247.14008,M+H,+,1,0,120,,,,,269.12203,M+Na,+,1,0,60,,,,,264.16663,M+NH4,+,1,0,60,,,,,245.12553,M-H,-,1,0,60,,,
N2-(D-1-Carboxyethyl)-L-arginine,XIC,eTargetCompound,C9H18N4O4,,,ESI,5000,,0,,247.14008,M+H,+,1,0,120,,,,,269.12203,M+Na,+,1,0,60,,,,,264.16663,M+NH4,+,1,0,60,,,,,245.12553,M-H,-,1,0,60,,,
Geranylhy droquinone,XIC,eTargetCompound,C16H22O2,,,ESI,5000,,0,,247.16926,M+H,+,1,0,120,,,,,269.1512,M+Na,+,1,0,60,,,,,264.19581,M+NH4,+,1,0,60,,,,,245.1547,M-H,-,1,0,60,,,
"N-(3,4-Dichlorophenyl)-malonamate",XIC,eTargetCompound,C9H7NO3Cl2,,,ESI,5000,,0,,247.98758,M+H,+,1,0,120,,,,,269.96952,M+Na,+,1,0,60,,,,,265.01412,M+NH4,+,1,0,60,,,,,245.97302,M-H,-,1,0,60,,,
N-Phosphotaurocyamine,XIC,eTargetCompound,C3H10N3O6PS,,,ESI,5000,,0,,248.01007,M+H,+,1,0,120,,,,,269.99201,M+Na,+,1,0,60,,,,,265.03662,M+NH4,+,1,0,60,,,,,245.99552,M-H,-,1,0,60,,,
Pyridoxal 5-phosphate,XIC,eTargetCompound,C8H10NO6P,,,ESI,5000,,0,,248.03185,M+H,+,1,0,120,,,,,270.01379,M+Na,+,1,0,60,,,,,265.0584,M+NH4,+,1,0,60,,,,,246.0173,M-H,-,1,0,60,,,
Pyridoxal phosphate,XIC,eTargetCompound,C8H10NO6P,,,ESI,5000,,0,,248.03185,M+H,+,1,0,120,,,,,270.01379,M+Na,+,1,0,60,,,,,265.0584,M+NH4,+,1,0,60,,,,,246.0173,M-H,-,1,0,60,,,
AP006_PLP,XIC,eTargetCompound,,,,None,0,,,,,,,,,,,,,,,,,,,,,,,,,,,,,,,,,,246.0173,M-,-,1,35.79,50,,,
N-Succinyl-L-glutamate,XIC,eTargetCompound,C9H13NO7,,,ESI,5000,,0,,248.07648,M+H,+,1,0,120,,,,,270.05842,M+Na,+,1,0,60,,,,,265.10303,M+NH4,+,1,0,60,,,,,246.06192,M-H,-,1,0,60,,,
Linamarin,XIC,eTargetCompound,C10H17NO6,,,ESI,5000,,0,,248.11286,M+H,+,1,0,120,,,,,270.09481,M+Na,+,1,0,60,,,,,265.13941,M+NH4,+,1,0,60,,,,,246.09831,M-H,-,1,0,60,,,
(E)-2-(2-Furyl)-3-(5-nitro-2-furyl)acrylamide,XIC,eTargetCompound,C11H8N2O5,,,ESI,5000,,0,,249.0506,M+H,+,1,0,120,,,,,271.03254,M+Na,+,1,0,60,,,,,266.07715,M+NH4,+,1,0,60,,,,,247.03604,M-H,-,1,0,60,,,
(Z)-2-(2-Furyl)-3-(5-nitro-2-furyl)acrylamide,XIC,eTargetCompound,C11H8N2O5,,,ESI,5000,,0,,249.0506,M+H,+,1,0,120,,,,,271.03254,M+Na,+,1,0,60,,,,,266.07715,M+NH4,+,1,0,60,,,,,247.03604,M-H,-,1,0,60,,,
Pyridoxamine-5'-phosphate; Vitamin B6,XIC,eTargetCompound,C8H13N2O5P,,,ESI,5000,,0,,249.06348,M+H,+,1,0,120,,,,,271.04543,M+Na,+,1,0,60,,,,,266.09003,M+NH4,+,1,0,60,,,,,247.04893,M-H,-,1,0,60,,,
5-Hydroxyindoleacetylglycine,XIC,eTargetCompound,C12H12N2O4,,,ESI,5000,,0,,249.08698,M+H,+,1,0,120,,,,,271.06893,M+Na,+,1,0,60,,,,,266.11353,M+NH4,+,1,0,60,,,,,247.07243,M-H,-,1,0,60,,,
6-Hydroxymelatonin,XIC,eTargetCompound,C13H16N2O3,,,ESI,5000,,0,,249.12337,M+H,+,1,0,120,,,,,271.10531,M+Na,+,1,0,60,,,,,266.14992,M+NH4,+,1,0,60,,,,,247.10882,M-H,-,1,0,60,,,
" 1,2-Dihydrosantonin",XIC,eTargetCompound,C15H20O3,,,ESI,5000,,0,,249.14852,M+H,+,1,0,120,,,,,271.13047,M+Na,+,1,0,60,,,,,266.17507,M+NH4,+,1,0,60,,,,,247.13397,M-H,-,1,0,60,,,
Abscisic aldehyde,XIC,eTargetCompound,C15H20O3,,,ESI,5000,,0,,249.14852,M+H,+,1,0,120,,,,,271.13047,M+Na,+,1,0,60,,,,,266.17507,M+NH4,+,1,0,60,,,,,247.13397,M-H,-,1,0,60,,,
Aphylline,XIC,eTargetCompound,C15H24N2O,,,ESI,5000,,0,,249.19614,M+H,+,1,0,120,,,,,271.17808,M+Na,+,1,0,60,,,,,266.22269,M+NH4,+,1,0,60,,,,,247.18159,M-H,-,1,0,60,,,
Lupanine,XIC,eTargetCompound,C15H24N2O,,,ESI,5000,,0,,249.19614,M+H,+,1,0,120,,,,,271.17808,M+Na,+,1,0,60,,,,,266.22269,M+NH4,+,1,0,60,,,,,247.18159,M-H,-,1,0,60,,,
Pyridoxine phosphate,XIC,eTargetCompound,C8H12NO6P,,,ESI,5000,,0,,250.0475,M+H,+,1,0,120,,,,,272.02944,M+Na,+,1,0,60,,,,,267.07405,M+NH4,+,1,0,60,,,,,248.03295,M-H,-,1,0,60,,,
S-Acetyldihydrolipoamide,XIC,eTargetCompound,C10H19NO2S2,,,ESI,5000,,0,,250.093,M+H,+,1,0,120,,,,,272.07494,M+Na,+,1,0,60,,,,,267.11955,M+NH4,+,1,0,60,,,,,248.07844,M-H,-,1,0,60,,,
(2R)-O-Phospho-3-sulfolactate,XIC,eTargetCompound,C3H7O9PS,,,ESI,5000,,0,,250.96212,M+H,+,1,0,120,,,,,272.94406,M+Na,+,1,0,60,,,,,267.98866,M+NH4,+,1,0,60,,,,,248.94756,M-H,-,1,0,60,,,
Oxidized Photinus luciferin,XIC,eTargetCompound,C10H6N2O2S2,,,ESI,5000,,0,,250.99435,M+H,+,1,0,120,,,,,272.97629,M+Na,+,1,0,60,,,,,268.02089,M+NH4,+,1,0,60,,,,,248.97979,M-H,-,1,0,60,,,
Gamma-Glutamylcysteine,XIC,eTargetCompound,C8H14N2O5S,,,ESI,5000,,0,,251.06962,M+H,+,1,0,120,,,,,273.05156,M+Na,+,1,0,60,,,,,268.09617,M+NH4,+,1,0,60,,,,,249.05507,M-H,-,1,0,60,,,
2-(5'-methylthio)pentylmalate,XIC,eTargetCompound,C10H18O5S,,,ESI,5000,,0,,251.09477,M+H,+,1,0,120,,,,,273.07672,M+Na,+,1,0,60,,,,,268.12132,M+NH4,+,1,0,60,,,,,249.08022,M-H,-,1,0,60,,,
Ubiquinone-1 (CoQ1),XIC,eTargetCompound,C14H18O4,,,ESI,5000,,0,,251.12779,M+H,+,1,0,120,,,,,273.10973,M+Na,+,1,0,60,,,,,268.15433,M+NH4,+,1,0,60,,,,,249.11323,M-H,-,1,0,60,,,
N-Caffeoylputrescine,XIC,eTargetCompound,C13H18N2O3,,,ESI,5000,,0,,251.13902,M+H,+,1,0,120,,,,,273.12096,M+Na,+,1,0,60,,,,,268.16557,M+NH4,+,1,0,60,,,,,249.12447,M-H,-,1,0,60,,,
Xanthoxin; Methoxsalen,XIC,eTargetCompound,C15H22O3,,,ESI,5000,,0,,251.16417,M+H,+,1,0,120,,,,,273.14612,M+Na,+,1,0,60,,,,,268.19072,M+NH4,+,1,0,60,,,,,249.14962,M-H,-,1,0,60,,,
"cis-N-Methyl-(S)-7,8,13,14-tetrahydroprotoberberine",XIC,eTargetCompound,C18H20N,,,ESI,5000,,0,,251.16685,M+H,+,1,0,120,,,,,273.1488,M+Na,+,1,0,60,,,,,268.1934,M+NH4,+,1,0,60,,,,,249.1523,M-H,-,1,0,60,,,
Methyl farnesoate,XIC,eTargetCompound,C16H26O2,,,ESI,5000,,0,,251.20056,M+H,+,1,0,120,,,,,273.1825,M+Na,+,1,0,60,,,,,268.22711,M+NH4,+,1,0,60,,,,,249.186,M-H,-,1,0,60,,,
Triton X-100,XIC,eTargetCompound,C16H26O2,,,ESI,5000,,0,,251.20056,M+H,+,1,0,120,,,,,273.1825,M+Na,+,1,0,60,,,,,268.22711,M+NH4,+,1,0,60,,,,,249.186,M-H,-,1,0,60,,,
N-Feruloylglycine,XIC,eTargetCompound,C12H13NO5,,,ESI,5000,,0,,252.08665,M+H,+,1,0,120,,,,,274.06859,M+Na,+,1,0,60,,,,,269.1132,M+NH4,+,1,0,60,,,,,250.0721,M-H,-,1,0,60,,,
Muramic acid,XIC,eTargetCompound,C9H17NO7,,,ESI,5000,,0,,252.10778,M+H,+,1,0,120,,,,,274.08972,M+Na,+,1,0,60,,,,,269.13433,M+NH4,+,1,0,60,,,,,250.09323,M-H,-,1,0,60,,,
5'-Deoxyadenosine,XIC,eTargetCompound,C10H13N5O3,,,ESI,5000,,0,,252.10912,M+H,+,1,0,120,,,,,274.09106,M+Na,+,1,0,60,,,,,269.13566,M+NH4,+,1,0,60,,,,,250.09456,M-H,-,1,0,60,,,
Cordycepin,XIC,eTargetCompound,C10H13N5O3,,,ESI,5000,,0,,252.10912,M+H,+,1,0,120,,,,,274.09106,M+Na,+,1,0,60,,,,,269.13566,M+NH4,+,1,0,60,,,,,250.09456,M-H,-,1,0,60,,,
Deoxyadenosine,XIC,eTargetCompound,C10H13N5O3,,,ESI,5000,,0,,252.10912,M+H,+,1,0,120,,,,,274.09106,M+Na,+,1,0,60,,,,,269.13566,M+NH4,+,1,0,60,,,,,250.09456,M-H,-,1,0,60,,,
5-Hydroxy-N-formylkynurenine,XIC,eTargetCompound,C11H12N2O5,,,ESI,5000,,0,,253.0819,M+H,+,1,0,120,,,,,275.06384,M+Na,+,1,0,60,,,,,270.10845,M+NH4,+,1,0,60,,,,,251.06734,M-H,-,1,0,60,,,
4'-O-Methylisoflavone,XIC,eTargetCompound,C16H12O3,,,ESI,5000,,0,,253.08592,M+H,+,1,0,120,,,,,275.06787,M+Na,+,1,0,60,,,,,270.11247,M+NH4,+,1,0,60,,,,,251.07137,M-H,-,1,0,60,,,
2'-Deoxyinosine,XIC,eTargetCompound,C10H12N4O4,,,ESI,5000,,0,,253.09313,M+H,+,1,0,120,,,,,275.07508,M+Na,+,1,0,60,,,,,270.11968,M+NH4,+,1,0,60,,,,,251.07858,M-H,-,1,0,60,,,
Cycasin,XIC,eTargetCompound,C8H16N2O7,,,ESI,5000,,0,,253.10303,M+H,+,1,0,120,,,,,275.08497,M+Na,+,1,0,60,,,,,270.12958,M+NH4,+,1,0,60,,,,,251.08847,M-H,-,1,0,60,,,
Ala-Tyr (Alanyltyrosine),XIC,eTargetCompound,C12H16N2O4,,,ESI,5000,,0,,253.11828,M+H,+,1,0,120,,,,,275.10023,M+Na,+,1,0,60,,,,,270.14483,M+NH4,+,1,0,60,,,,,251.10373,M-H,-,1,0,60,,,
L-Tyrosyl-L-alanine,XIC,eTargetCompound,C12H16N2O4,,,ESI,5000,,0,,253.11828,M+H,+,1,0,120,,,,,275.10023,M+Na,+,1,0,60,,,,,270.14483,M+NH4,+,1,0,60,,,,,251.10373,M-H,-,1,0,60,,,
"5-(3'-Carboxy-3'-oxopropenyl)-4,6-dihydroxypicolinate",XIC,eTargetCompound,C10H7NO7,,,ESI,5000,,0,,254.02953,M+H,+,1,0,120,,,,,276.01147,M+Na,+,1,0,60,,,,,271.05608,M+NH4,+,1,0,60,,,,,252.01497,M-H,-,1,0,60,,,
"5-(3-Carboxy-3-oxopropenyl)-4,6-dihydroxypyridine-2-carboxylate",XIC,eTargetCompound,C10H7NO7,,,ESI,5000,,0,,254.02953,M+H,+,1,0,120,,,,,276.01147,M+Na,+,1,0,60,,,,,271.05608,M+NH4,+,1,0,60,,,,,252.01497,M-H,-,1,0,60,,,
"5-Amino-4-chloro-2-(2,3-dihydroxyphenyl)-3(2H)-pyridazinone",XIC,eTargetCompound,C10H8N3O3Cl,,,ESI,5000,,0,,254.0327,M+H,+,1,0,120,,,,,276.01464,M+Na,+,1,0,60,,,,,271.05924,M+NH4,+,1,0,60,,,,,252.01814,M-H,-,1,0,60,,,
Neopterin ,XIC,eTargetCompound,C9H11N5O4,,,ESI,5000,,0,,254.08838,M+H,+,1,0,120,,,,,276.07033,M+Na,+,1,0,60,,,,,271.11493,M+NH4,+,1,0,60,,,,,252.07383,M-H,-,1,0,60,,,
NA004_ATP,XIC,eTargetCompound,,,,None,0,,,,,,,,,,,,,,,,,,,,,,,,,,,,,,,,,,252.4906,M-,-,1,46.04,60,,,
ND005_dGTP,XIC,eTargetCompound,,,,None,0,,,,,,,,,,,,,,,,,,,,,,,,,,,,,,,,,,252.4906,M-,-,1,43.44,60,,,
Shikimate 3-phosphate,XIC,eTargetCompound,C7H11O8P,,,ESI,5000,,0,,255.02643,M+H,+,1,0,120,,,,,277.00837,M+Na,+,1,0,60,,,,,272.05298,M+NH4,+,1,0,60,,,,,253.01188,M-H,-,1,0,60,,,
L-Djenkolic acid,XIC,eTargetCompound,C7H14N2O4S2,,,ESI,5000,,0,,255.04677,M+H,+,1,0,120,,,,,277.02872,M+Na,+,1,0,60,,,,,272.07332,M+NH4,+,1,0,60,,,,,253.03222,M-H,-,1,0,60,,,
5-L-Glutamyl-taurine,XIC,eTargetCompound,C7H14N2O6S,,,ESI,5000,,0,,255.06453,M+H,+,1,0,120,,,,,277.04648,M+Na,+,1,0,60,,,,,272.09108,M+NH4,+,1,0,60,,,,,253.04998,M-H,-,1,0,60,,,
[PK] Chrysophanol,XIC,eTargetCompound,C15H10O4,,,ESI,5000,,0,,255.06519,M+H,+,1,0,120,,,,,277.04713,M+Na,+,1,0,60,,,,,272.09173,M+NH4,+,1,0,60,,,,,253.05063,M-H,-,1,0,60,,,
Apigeninidin,XIC,eTargetCompound,C15H10O4,,,ESI,5000,,0,,255.06519,M+H,+,1,0,120,,,,,277.04713,M+Na,+,1,0,60,,,,,272.09173,M+NH4,+,1,0,60,,,,,253.05063,M-H,-,1,0,60,,,
Chrysin,XIC,eTargetCompound,C15H10O4,,,ESI,5000,,0,,255.06519,M+H,+,1,0,120,,,,,277.04713,M+Na,+,1,0,60,,,,,272.09173,M+NH4,+,1,0,60,,,,,253.05063,M-H,-,1,0,60,,,
"Daidzein; 4',7-Dihydroxy-Isoflavone",XIC,eTargetCompound,C15H10O4,,,ESI,5000,,0,,255.06519,M+H,+,1,0,120,,,,,277.04713,M+Na,+,1,0,60,,,,,272.09173,M+NH4,+,1,0,60,,,,,253.05063,M-H,-,1,0,60,,,
Hispidol,XIC,eTargetCompound,C15H10O4,,,ESI,5000,,0,,255.06519,M+H,+,1,0,120,,,,,277.04713,M+Na,+,1,0,60,,,,,272.09173,M+NH4,+,1,0,60,,,,,253.05063,M-H,-,1,0,60,,,
L-Arginine phosphate,XIC,eTargetCompound,C6H15N4O5P,,,ESI,5000,,0,,255.08528,M+H,+,1,0,120,,,,,277.06723,M+Na,+,1,0,60,,,,,272.11183,M+NH4,+,1,0,60,,,,,253.07073,M-H,-,1,0,60,,,
N-Ribosylnicotinamide,XIC,eTargetCompound,C11H14N2O5,,,ESI,5000,,0,,255.09755,M+H,+,1,0,120,,,,,277.07949,M+Na,+,1,0,60,,,,,272.1241,M+NH4,+,1,0,60,,,,,253.08299,M-H,-,1,0,60,,,
2-(beta-D-Glucosyl)-sn-glycerol,XIC,eTargetCompound,C9H18O8,,,ESI,5000,,0,,255.10744,M+H,+,1,0,120,,,,,277.08939,M+Na,+,1,0,60,,,,,272.13399,M+NH4,+,1,0,60,,,,,253.09289,M-H,-,1,0,60,,,
3-beta-D-Galactosyl-sn-glycerol,XIC,eTargetCompound,C9H18O8,,,ESI,5000,,0,,255.10744,M+H,+,1,0,120,,,,,277.08939,M+Na,+,1,0,60,,,,,272.13399,M+NH4,+,1,0,60,,,,,253.09289,M-H,-,1,0,60,,,
Elymoclavine,XIC,eTargetCompound,C16H18N2O,,,ESI,5000,,0,,255.14919,M+H,+,1,0,120,,,,,277.13113,M+Na,+,1,0,60,,,,,272.17574,M+NH4,+,1,0,60,,,,,253.13464,M-H,-,1,0,60,,,
"Estratetraenol; 1,3,5(10),16-ESTRATETRAEN-3-OL ",XIC,eTargetCompound,C18H22O,,,ESI,5000,,0,,255.17434,M+H,+,1,0,120,,,,,277.15629,M+Na,+,1,0,60,,,,,272.20089,M+NH4,+,1,0,60,,,,,253.15979,M-H,-,1,0,60,,,
Palmitoleic acid,XIC,eTargetCompound,C16H30O2,,,ESI,5000,,0,,255.23186,M+H,+,1,0,120,,,,,277.2138,M+Na,+,1,0,60,,,,,272.25841,M+NH4,+,1,0,60,,,,,253.2173,M-H,-,1,0,60,,,
1-(Indol-3-yl)propanol 3-phosphate,XIC,eTargetCompound,C11H14NO4P,,,ESI,5000,,0,,256.07332,M+H,+,1,0,120,,,,,278.05527,M+Na,+,1,0,60,,,,,273.09987,M+NH4,+,1,0,60,,,,,254.05877,M-H,-,1,0,60,,,
"2-Amino-4-hydroxy-6-(D-erythro-1,2,3-trihydroxypropyl)-7,8- dihydropteridine",XIC,eTargetCompound,C9H13N5O4,,,ESI,5000,,0,,256.10403,M+H,+,1,0,120,,,,,278.08598,M+Na,+,1,0,60,,,,,273.13058,M+NH4,+,1,0,60,,,,,254.08948,M-H,-,1,0,60,,,
"7,8-Dihydroneopterin",XIC,eTargetCompound,C9H13N5O4,,,ESI,5000,,0,,256.10403,M+H,+,1,0,120,,,,,278.08598,M+Na,+,1,0,60,,,,,273.13058,M+NH4,+,1,0,60,,,,,254.08948,M-H,-,1,0,60,,,
N-D-Glucosylarylamine,XIC,eTargetCompound,C12H17NO5,,,ESI,5000,,0,,256.11795,M+H,+,1,0,120,,,,,278.09989,M+Na,+,1,0,60,,,,,273.1445,M+NH4,+,1,0,60,,,,,254.1034,M-H,-,1,0,60,,,
L-Pyrrolysine,XIC,eTargetCompound,C12H21N3O3,,,ESI,5000,,0,,256.16557,M+H,+,1,0,120,,,,,278.14751,M+Na,+,1,0,60,,,,,273.19212,M+NH4,+,1,0,60,,,,,254.15101,M-H,-,1,0,60,,,
Hexadecanamide; Palmitic amide,XIC,eTargetCompound,C16H33NO,,,ESI,5000,,0,,256.26349,M+H,+,1,0,120,,,,,278.24544,M+Na,+,1,0,60,,,,,273.29004,M+NH4,+,1,0,60,,,,,254.24894,M-H,-,1,0,60,,,
Ascorbic acid-2-sulfate,XIC,eTargetCompound,C6H8O9S,,,ESI,5000,,0,,256.99618,M+H,+,1,0,120,,,,,278.97812,M+Na,+,1,0,60,,,,,274.02273,M+NH4,+,1,0,60,,,,,254.98163,M-H,-,1,0,60,,,
L-Ascorbate 6-phosphate,XIC,eTargetCompound,C6H9O9P,,,ESI,5000,,0,,257.00569,M+H,+,1,0,120,,,,,278.98764,M+Na,+,1,0,60,,,,,274.03224,M+NH4,+,1,0,60,,,,,254.99114,M-H,-,1,0,60,,,
Purpurin,XIC,eTargetCompound,C14H8O5,,,ESI,5000,,0,,257.04445,M+H,+,1,0,120,,,,,279.02639,M+Na,+,1,0,60,,,,,274.071,M+NH4,+,1,0,60,,,,,255.0299,M-H,-,1,0,60,,,
"(6aR,11aR)-3,9-Dihydroxypterocarpan",XIC,eTargetCompound,C15H12O4,,,ESI,5000,,0,,257.08084,M+H,+,1,0,120,,,,,279.06278,M+Na,+,1,0,60,,,,,274.10738,M+NH4,+,1,0,60,,,,,255.06628,M-H,-,1,0,60,,,
"[Fv Trihydrox] 2',4',6'-Trihydroxychalcone",XIC,eTargetCompound,C15H12O4,,,ESI,5000,,0,,257.08084,M+H,+,1,0,120,,,,,279.06278,M+Na,+,1,0,60,,,,,274.10738,M+NH4,+,1,0,60,,,,,255.06628,M-H,-,1,0,60,,,
[Fv] Pinocembrin,XIC,eTargetCompound,C15H12O4,,,ESI,5000,,0,,257.08084,M+H,+,1,0,120,,,,,279.06278,M+Na,+,1,0,60,,,,,274.10738,M+NH4,+,1,0,60,,,,,255.06628,M-H,-,1,0,60,,,
Isoliquiritigenin,XIC,eTargetCompound,C15H12O4,,,ESI,5000,,0,,257.08084,M+H,+,1,0,120,,,,,279.06278,M+Na,+,1,0,60,,,,,274.10738,M+NH4,+,1,0,60,,,,,255.06628,M-H,-,1,0,60,,,
Liquiritigenin,XIC,eTargetCompound,C15H12O4,,,ESI,5000,,0,,257.08084,M+H,+,1,0,120,,,,,279.06278,M+Na,+,1,0,60,,,,,274.10738,M+NH4,+,1,0,60,,,,,255.06628,M-H,-,1,0,60,,,
Nicotinate D-ribonucleoside,XIC,eTargetCompound,C11H14NO6,,,ESI,5000,,0,,257.08939,M+H,+,1,0,120,,,,,279.07133,M+Na,+,1,0,60,,,,,274.11594,M+NH4,+,1,0,60,,,,,255.07484,M-H,-,1,0,60,,,
"1-(beta-D-Ribofuranosyl)-1,4-dihydronicotinamide",XIC,eTargetCompound,C11H16N2O5,,,ESI,5000,,0,,257.1132,M+H,+,1,0,120,,,,,279.09514,M+Na,+,1,0,60,,,,,274.13975,M+NH4,+,1,0,60,,,,,255.09864,M-H,-,1,0,60,,,
Pterostilbene,XIC,eTargetCompound,C16H16O3,,,ESI,5000,,0,,257.11722,M+H,+,1,0,120,,,,,279.09917,M+Na,+,1,0,60,,,,,274.14377,M+NH4,+,1,0,60,,,,,255.10267,M-H,-,1,0,60,,,
2-(3-Carboxy-3-aminopropyl)-L-histidine,XIC,eTargetCompound,C10H16N4O4,,,ESI,5000,,0,,257.12443,M+H,+,1,0,120,,,,,279.10638,M+Na,+,1,0,60,,,,,274.15098,M+NH4,+,1,0,60,,,,,255.10988,M-H,-,1,0,60,,,
Phenolic steroid,XIC,eTargetCompound,C18H24O,,,ESI,5000,,0,,257.18999,M+H,+,1,0,120,,,,,279.17194,M+Na,+,1,0,60,,,,,274.21654,M+NH4,+,1,0,60,,,,,255.17544,M-H,-,1,0,60,,,
Hexadecanoic acid,XIC,eTargetCompound,C16H32O2,,,ESI,5000,,0,,257.24751,M+H,+,1,0,120,,,,,279.22945,M+Na,+,1,0,60,,,,,274.27406,M+NH4,+,1,0,60,,,,,255.23295,M-H,-,1,0,60,,,
N-Benzoyl-4-hydroxyanthranilate,XIC,eTargetCompound,C14H11NO4,,,ESI,5000,,0,,258.07608,M+H,+,1,0,120,,,,,280.05803,M+Na,+,1,0,60,,,,,275.10263,M+NH4,+,1,0,60,,,,,256.06153,M-H,-,1,0,60,,,
sn-glycero-3-Phosphocholine,XIC,eTargetCompound,C8H20NO6P,,,ESI,5000,,0,,258.1101,M+H,+,1,0,120,,,,,280.09205,M+Na,+,1,0,60,,,,,275.13665,M+NH4,+,1,0,60,,,,,256.09555,M-H,-,1,0,60,,,
4a-Hydroxytetrahydrobiopterin,XIC,eTargetCompound,C9H15N5O4,,,ESI,5000,,0,,258.11968,M+H,+,1,0,120,,,,,280.10163,M+Na,+,1,0,60,,,,,275.14623,M+NH4,+,1,0,60,,,,,256.10513,M-H,-,1,0,60,,,
Triphosphate,XIC,eTargetCompound,H5O10P3,,,ESI,5000,,0,,258.91683,M+H,+,1,0,120,,,,,280.89878,M+Na,+,1,0,60,,,,,275.94338,M+NH4,+,1,0,60,,,,,256.90228,M-H,-,1,0,60,,,
2-Dehydro-3-deoxy-6-phospho-D-gluconate,XIC,eTargetCompound,C6H11O9P,,,ESI,5000,,0,,259.02134,M+H,+,1,0,120,,,,,281.00329,M+Na,+,1,0,60,,,,,276.04789,M+NH4,+,1,0,60,,,,,257.00679,M-H,-,1,0,60,,,
2-Dehydro-3-deoxy-D-galactonate 6-phosphate,XIC,eTargetCompound,C6H11O9P,,,ESI,5000,,0,,259.02134,M+H,+,1,0,120,,,,,281.00329,M+Na,+,1,0,60,,,,,276.04789,M+NH4,+,1,0,60,,,,,257.00679,M-H,-,1,0,60,,,
6-Phospho-5-dehydro-2-deoxy-D-gluconate,XIC,eTargetCompound,C6H11O9P,,,ESI,5000,,0,,259.02134,M+H,+,1,0,120,,,,,281.00329,M+Na,+,1,0,60,,,,,276.04789,M+NH4,+,1,0,60,,,,,257.00679,M-H,-,1,0,60,,,
"D-Glucono-1,5-lactone 6-phosphate",XIC,eTargetCompound,C6H11O9P,,,ESI,5000,,0,,259.02134,M+H,+,1,0,120,,,,,281.00329,M+Na,+,1,0,60,,,,,276.04789,M+NH4,+,1,0,60,,,,,257.00679,M-H,-,1,0,60,,,
(1-Ribosylimidazole)-4-acetate,XIC,eTargetCompound,C10H14N2O6,,,ESI,5000,,0,,259.09246,M+H,+,1,0,120,,,,,281.07441,M+Na,+,1,0,60,,,,,276.11901,M+NH4,+,1,0,60,,,,,257.07791,M-H,-,1,0,60,,,
Tetradecanedioic acid ,XIC,eTargetCompound,C14H26O4,,,ESI,5000,,0,,259.19039,M+H,+,1,0,120,,,,,281.17233,M+Na,+,1,0,60,,,,,276.21693,M+NH4,+,1,0,60,,,,,257.17583,M-H,-,1,0,60,,,
N-Sulfo-D-glucosamine,XIC,eTargetCompound,C6H13NO8S,,,ESI,5000,,0,,260.04346,M+H,+,1,0,120,,,,,282.02541,M+Na,+,1,0,60,,,,,277.07001,M+NH4,+,1,0,60,,,,,258.02891,M-H,-,1,0,60,,,
1-Amino-1-deoxy-scyllo-inositol 4-phosphate,XIC,eTargetCompound,C6H14NO8P,,,ESI,5000,,0,,260.05298,M+H,+,1,0,120,,,,,282.03492,M+Na,+,1,0,60,,,,,277.07953,M+NH4,+,1,0,60,,,,,258.03843,M-H,-,1,0,60,,,
alpha-D-Glucosamine 1-phosphate,XIC,eTargetCompound,C6H14NO8P,,,ESI,5000,,0,,260.05298,M+H,+,1,0,120,,,,,282.03492,M+Na,+,1,0,60,,,,,277.07953,M+NH4,+,1,0,60,,,,,258.03843,M-H,-,1,0,60,,,
Aminofructose 6-phosphate,XIC,eTargetCompound,C6H14NO8P,,,ESI,5000,,0,,260.05298,M+H,+,1,0,120,,,,,282.03492,M+Na,+,1,0,60,,,,,277.07953,M+NH4,+,1,0,60,,,,,258.03843,M-H,-,1,0,60,,,
D-Galactosamine 1-phosphate,XIC,eTargetCompound,C6H14NO8P,,,ESI,5000,,0,,260.05298,M+H,+,1,0,120,,,,,282.03492,M+Na,+,1,0,60,,,,,277.07953,M+NH4,+,1,0,60,,,,,258.03843,M-H,-,1,0,60,,,
D-Galactosamine 6-phosphate,XIC,eTargetCompound,C6H14NO8P,,,ESI,5000,,0,,260.05298,M+H,+,1,0,120,,,,,282.03492,M+Na,+,1,0,60,,,,,277.07953,M+NH4,+,1,0,60,,,,,258.03843,M-H,-,1,0,60,,,
D-Glucosamine 6-phosphate,XIC,eTargetCompound,C6H14NO8P,,,ESI,5000,,0,,260.05298,M+H,+,1,0,120,,,,,282.03492,M+Na,+,1,0,60,,,,,277.07953,M+NH4,+,1,0,60,,,,,258.03843,M-H,-,1,0,60,,,
Kanosamine 6-phosphate,XIC,eTargetCompound,C6H14NO8P,,,ESI,5000,,0,,260.05298,M+H,+,1,0,120,,,,,282.03492,M+Na,+,1,0,60,,,,,277.07953,M+NH4,+,1,0,60,,,,,258.03843,M-H,-,1,0,60,,,
1-(4-amino-2-methylpyrimid-5-ylmethyl)-3-(&beta;-hydroxyethyl)-2-methylpyridinium bromide,XIC,eTargetCompound,C14H19N4O,,,ESI,5000,,0,,260.16316,M+H,+,1,0,120,,,,,282.14511,M+Na,+,1,0,60,,,,,277.18971,M+NH4,+,1,0,60,,,,,258.14861,M-H,-,1,0,60,,,
2-Heptyl-4-hydroxyquinoline-N-oxide,XIC,eTargetCompound,C16H21NO2,,,ESI,5000,,0,,260.16451,M+H,+,1,0,120,,,,,282.14645,M+Na,+,1,0,60,,,,,277.19105,M+NH4,+,1,0,60,,,,,258.14995,M-H,-,1,0,60,,,
Hexanoylcarnitine,XIC,eTargetCompound,C13H25NO4,,,ESI,5000,,0,,260.18563,M+H,+,1,0,120,,,,,282.16758,M+Na,+,1,0,60,,,,,277.21218,M+NH4,+,1,0,60,,,,,258.17108,M-H,-,1,0,60,,,
S-Methyl-5-thio-D-ribose 1-phosphate,XIC,eTargetCompound,C6H13O7PS,,,ESI,5000,,0,,261.01924,M+H,+,1,0,120,,,,,283.00118,M+Na,+,1,0,60,,,,,278.04579,M+NH4,+,1,0,60,,,,,259.00468,M-H,-,1,0,60,,,
S-Methyl-5-thio-D-ribulose 1-phosphate,XIC,eTargetCompound,C6H13O7PS,,,ESI,5000,,0,,261.01924,M+H,+,1,0,120,,,,,283.00118,M+Na,+,1,0,60,,,,,278.04579,M+NH4,+,1,0,60,,,,,259.00468,M-H,-,1,0,60,,,
D-Glucose 6-sulfate,XIC,eTargetCompound,C6H12O9S,,,ESI,5000,,0,,261.02748,M+H,+,1,0,120,,,,,283.00942,M+Na,+,1,0,60,,,,,278.05403,M+NH4,+,1,0,60,,,,,259.01293,M-H,-,1,0,60,,,
AF002_F6P,XIC,eTargetCompound,,,,None,0,,,,,,,,,,,,,,,,,,,,,,,,,,,,,,,,,,259.0224,M-,-,1,19.57,60,,,
AG005_G1P,XIC,eTargetCompound,,,,None,0,,,,,,,,,,,,,,,,,,,,,,,,,,,,,,,,,,259.0224,M-,-,1,14.61,60,,,
AG006_G6P,XIC,eTargetCompound,,,,None,0,,,,,,,,,,,,,,,,,,,,,,,,,,,,,,,,,,259.0224,M-,-,1,19.57,60,,,
AG008_Galactose-1-phosphate,XIC,eTargetCompound,,,,None,0,,,,,,,,,,,,,,,,,,,,,,,,,,,,,,,,,,259.0224,M-,-,1,14.61,30,,,
1D-myo-Inositol 3-phosphate,XIC,eTargetCompound,C6H13O9P,,,ESI,5000,,0,,261.03699,M+H,+,1,0,120,,,,,283.01894,M+Na,+,1,0,60,,,,,278.06354,M+NH4,+,1,0,60,,,,,259.02244,M-H,-,1,0,60,,,
alpha-D-Fructose 1-phosphate ,XIC,eTargetCompound,C6H13O9P,,,ESI,5000,,0,,261.03699,M+H,+,1,0,120,,,,,283.01894,M+Na,+,1,0,60,,,,,278.06354,M+NH4,+,1,0,60,,,,,259.02244,M-H,-,1,0,60,,,
alpha-D-Fructose 6-phosphate ,XIC,eTargetCompound,C6H13O9P,,,ESI,5000,,0,,261.03699,M+H,+,1,0,120,,,,,283.01894,M+Na,+,1,0,60,,,,,278.06354,M+NH4,+,1,0,60,,,,,259.02244,M-H,-,1,0,60,,,
alpha-D-Glucose 6- phosphate,XIC,eTargetCompound,C6H13O9P,,,ESI,5000,,0,,261.03699,M+H,+,1,0,120,,,,,283.01894,M+Na,+,1,0,60,,,,,278.06354,M+NH4,+,1,0,60,,,,,259.02244,M-H,-,1,0,60,,,
beta-D-Fructose 2-phosphate,XIC,eTargetCompound,C6H13O9P,,,ESI,5000,,0,,261.03699,M+H,+,1,0,120,,,,,283.01894,M+Na,+,1,0,60,,,,,278.06354,M+NH4,+,1,0,60,,,,,259.02244,M-H,-,1,0,60,,,
beta-D-Fructose 6-phosphate,XIC,eTargetCompound,C6H13O9P,,,ESI,5000,,0,,261.03699,M+H,+,1,0,120,,,,,283.01894,M+Na,+,1,0,60,,,,,278.06354,M+NH4,+,1,0,60,,,,,259.02244,M-H,-,1,0,60,,,
beta-D-Glucose 1-phosphate,XIC,eTargetCompound,C6H13O9P,,,ESI,5000,,0,,261.03699,M+H,+,1,0,120,,,,,283.01894,M+Na,+,1,0,60,,,,,278.06354,M+NH4,+,1,0,60,,,,,259.02244,M-H,-,1,0,60,,,
beta-D-Glucose 6-phosphate,XIC,eTargetCompound,C6H13O9P,,,ESI,5000,,0,,261.03699,M+H,+,1,0,120,,,,,283.01894,M+Na,+,1,0,60,,,,,278.06354,M+NH4,+,1,0,60,,,,,259.02244,M-H,-,1,0,60,,,
D-Allose 6-phosphate,XIC,eTargetCompound,C6H13O9P,,,ESI,5000,,0,,261.03699,M+H,+,1,0,120,,,,,283.01894,M+Na,+,1,0,60,,,,,278.06354,M+NH4,+,1,0,60,,,,,259.02244,M-H,-,1,0,60,,,
D-arabino-3-Hexulose 6-phosphate,XIC,eTargetCompound,C6H13O9P,,,ESI,5000,,0,,261.03699,M+H,+,1,0,120,,,,,283.01894,M+Na,+,1,0,60,,,,,278.06354,M+NH4,+,1,0,60,,,,,259.02244,M-H,-,1,0,60,,,
D-Galactose 6-phosphate,XIC,eTargetCompound,C6H13O9P,,,ESI,5000,,0,,261.03699,M+H,+,1,0,120,,,,,283.01894,M+Na,+,1,0,60,,,,,278.06354,M+NH4,+,1,0,60,,,,,259.02244,M-H,-,1,0,60,,,
D-Hexose 6-phosphate,XIC,eTargetCompound,C6H13O9P,,,ESI,5000,,0,,261.03699,M+H,+,1,0,120,,,,,283.01894,M+Na,+,1,0,60,,,,,278.06354,M+NH4,+,1,0,60,,,,,259.02244,M-H,-,1,0,60,,,
D-Mannose 1-phosphate,XIC,eTargetCompound,C6H13O9P,,,ESI,5000,,0,,261.03699,M+H,+,1,0,120,,,,,283.01894,M+Na,+,1,0,60,,,,,278.06354,M+NH4,+,1,0,60,,,,,259.02244,M-H,-,1,0,60,,,
D-Mannose 6-phosphate,XIC,eTargetCompound,C6H13O9P,,,ESI,5000,,0,,261.03699,M+H,+,1,0,120,,,,,283.01894,M+Na,+,1,0,60,,,,,278.06354,M+NH4,+,1,0,60,,,,,259.02244,M-H,-,1,0,60,,,
D-Tagatose 6-phosphate,XIC,eTargetCompound,C6H13O9P,,,ESI,5000,,0,,261.03699,M+H,+,1,0,120,,,,,283.01894,M+Na,+,1,0,60,,,,,278.06354,M+NH4,+,1,0,60,,,,,259.02244,M-H,-,1,0,60,,,
Galactose 1-phosphate,XIC,eTargetCompound,C6H13O9P,,,ESI,5000,,0,,261.03699,M+H,+,1,0,120,,,,,283.01894,M+Na,+,1,0,60,,,,,278.06354,M+NH4,+,1,0,60,,,,,259.02244,M-H,-,1,0,60,,,
Glucose 1-phosphate,XIC,eTargetCompound,C6H13O9P,,,ESI,5000,,0,,261.03699,M+H,+,1,0,120,,,,,283.01894,M+Na,+,1,0,60,,,,,278.06354,M+NH4,+,1,0,60,,,,,259.02244,M-H,-,1,0,60,,,
Hexose 1-phosphate,XIC,eTargetCompound,C6H13O9P,,,ESI,5000,,0,,261.03699,M+H,+,1,0,120,,,,,283.01894,M+Na,+,1,0,60,,,,,278.06354,M+NH4,+,1,0,60,,,,,259.02244,M-H,-,1,0,60,,,
Inositol 1-phosphate,XIC,eTargetCompound,C6H13O9P,,,ESI,5000,,0,,261.03699,M+H,+,1,0,120,,,,,283.01894,M+Na,+,1,0,60,,,,,278.06354,M+NH4,+,1,0,60,,,,,259.02244,M-H,-,1,0,60,,,
L-Galactose 1-phosphate,XIC,eTargetCompound,C6H13O9P,,,ESI,5000,,0,,261.03699,M+H,+,1,0,120,,,,,283.01894,M+Na,+,1,0,60,,,,,278.06354,M+NH4,+,1,0,60,,,,,259.02244,M-H,-,1,0,60,,,
L-Tagatose 6-phosphate,XIC,eTargetCompound,C6H13O9P,,,ESI,5000,,0,,261.03699,M+H,+,1,0,120,,,,,283.01894,M+Na,+,1,0,60,,,,,278.06354,M+NH4,+,1,0,60,,,,,259.02244,M-H,-,1,0,60,,,
myo-Inositol 4-phosphate,XIC,eTargetCompound,C6H13O9P,,,ESI,5000,,0,,261.03699,M+H,+,1,0,120,,,,,283.01894,M+Na,+,1,0,60,,,,,278.06354,M+NH4,+,1,0,60,,,,,259.02244,M-H,-,1,0,60,,,
Sorbose 1-phosphate,XIC,eTargetCompound,C6H13O9P,,,ESI,5000,,0,,261.03699,M+H,+,1,0,120,,,,,283.01894,M+Na,+,1,0,60,,,,,278.06354,M+NH4,+,1,0,60,,,,,259.02244,M-H,-,1,0,60,,,
Demethylbellidifolin,XIC,eTargetCompound,C13H8O6,,,ESI,5000,,0,,261.03936,M+H,+,1,0,120,,,,,283.02131,M+Na,+,1,0,60,,,,,278.06591,M+NH4,+,1,0,60,,,,,259.02481,M-H,-,1,0,60,,,
Norathyriol,XIC,eTargetCompound,C13H8O6,,,ESI,5000,,0,,261.03936,M+H,+,1,0,120,,,,,283.02131,M+Na,+,1,0,60,,,,,278.06591,M+NH4,+,1,0,60,,,,,259.02481,M-H,-,1,0,60,,,
Hemigossypol,XIC,eTargetCompound,C15H16O4,,,ESI,5000,,0,,261.11214,M+H,+,1,0,120,,,,,283.09408,M+Na,+,1,0,60,,,,,278.13868,M+NH4,+,1,0,60,,,,,259.09758,M-H,-,1,0,60,,,
1-(4-hydroxy-2-methylpyrimid-5-ylmethyl)-3-(&beta;-hydroxyethyl)-2-methylpyridinium bromide,XIC,eTargetCompound,C14H18N3O2,,,ESI,5000,,0,,261.14718,M+H,+,1,0,120,,,,,283.12912,M+Na,+,1,0,60,,,,,278.17373,M+NH4,+,1,0,60,,,,,259.13263,M-H,-,1,0,60,,,
Phosphotyrosine,XIC,eTargetCompound,C9H12NO6P,,,ESI,5000,,0,,262.0475,M+H,+,1,0,120,,,,,284.02944,M+Na,+,1,0,60,,,,,279.07405,M+NH4,+,1,0,60,,,,,260.03295,M-H,-,1,0,60,,,
Lotaustralin,XIC,eTargetCompound,C11H19NO6,,,ESI,5000,,0,,262.12851,M+H,+,1,0,120,,,,,284.11046,M+Na,+,1,0,60,,,,,279.15506,M+NH4,+,1,0,60,,,,,260.11396,M-H,-,1,0,60,,,
NG004_GTP,XIC,eTargetCompound,,,,None,0,,,,,,,,,,,,,,,,,,,,,,,,,,,,,,,,,,260.4881,M-,-,1,47.27,60,,,
1-Hydroxy-2-methyl-2-butenyl 4-diphosphate,XIC,eTargetCompound,C5H12O8P2,,,ESI,5000,,0,,263.00802,M+H,+,1,0,120,,,,,284.98996,M+Na,+,1,0,60,,,,,280.03457,M+NH4,+,1,0,60,,,,,260.99346,M-H,-,1,0,60,,,
Homovanillicacidsulfate,XIC,eTargetCompound,C9H10O7S,,,ESI,5000,,0,,263.022,M+H,+,1,0,120,,,,,285.00394,M+Na,+,1,0,60,,,,,280.04855,M+NH4,+,1,0,60,,,,,261.00745,M-H,-,1,0,60,,,
D-Mannitol 1-phosphate,XIC,eTargetCompound,C6H15O9P,,,ESI,5000,,0,,263.05264,M+H,+,1,0,120,,,,,285.03459,M+Na,+,1,0,60,,,,,280.07919,M+NH4,+,1,0,60,,,,,261.03809,M-H,-,1,0,60,,,
Galactitol 1-phosphate,XIC,eTargetCompound,C6H15O9P,,,ESI,5000,,0,,263.05264,M+H,+,1,0,120,,,,,285.03459,M+Na,+,1,0,60,,,,,280.07919,M+NH4,+,1,0,60,,,,,261.03809,M-H,-,1,0,60,,,
Sorbitol 6-phosphate,XIC,eTargetCompound,C6H15O9P,,,ESI,5000,,0,,263.05264,M+H,+,1,0,120,,,,,285.03459,M+Na,+,1,0,60,,,,,280.07919,M+NH4,+,1,0,60,,,,,261.03809,M-H,-,1,0,60,,,
Streptidine,XIC,eTargetCompound,C8H18N6O4,,,ESI,5000,,0,,263.14623,M+H,+,1,0,120,,,,,285.12817,M+Na,+,1,0,60,,,,,280.17278,M+NH4,+,1,0,60,,,,,261.13168,M-H,-,1,0,60,,,
3''-hydroxy-geranylhydroquinone,XIC,eTargetCompound,C16H22O3,,,ESI,5000,,0,,263.16417,M+H,+,1,0,120,,,,,285.14612,M+Na,+,1,0,60,,,,,280.19072,M+NH4,+,1,0,60,,,,,261.14962,M-H,-,1,0,60,,,
Methyl parathion,XIC,eTargetCompound,C8H10NO5PS,,,ESI,5000,,0,,264.00901,M+H,+,1,0,120,,,,,285.99095,M+Na,+,1,0,60,,,,,281.03556,M+NH4,+,1,0,60,,,,,261.99445,M-H,-,1,0,60,,,
Thiamine aldehyde,XIC,eTargetCompound,C12H15N4OS,,,ESI,5000,,0,,264.10393,M+H,+,1,0,120,,,,,286.08588,M+Na,+,1,0,60,,,,,281.13048,M+NH4,+,1,0,60,,,,,262.08938,M-H,-,1,0,60,,,
7-mercaptoheptanoylthreonine,XIC,eTargetCompound,C11H21NO4S,,,ESI,5000,,0,,264.12641,M+H,+,1,0,120,,,,,286.10835,M+Na,+,1,0,60,,,,,281.15295,M+NH4,+,1,0,60,,,,,262.11185,M-H,-,1,0,60,,,
Chlorothalonil,XIC,eTargetCompound,C8N2Cl4,,,ESI,5000,,0,,264.88884,M+H,+,1,0,120,,,,,286.87078,M+Na,+,1,0,60,,,,,281.91538,M+NH4,+,1,0,60,,,,,262.87428,M-H,-,1,0,60,,,
4-Hydroxy-3-methoxyphenylglycol sulfate; MHPG-sulfate,XIC,eTargetCompound,C9H12O7S,,,ESI,5000,,0,,265.03765,M+H,+,1,0,120,,,,,287.01959,M+Na,+,1,0,60,,,,,282.0642,M+NH4,+,1,0,60,,,,,263.0231,M-H,-,1,0,60,,,
1'-Acetoxyeugenol acetate,XIC,eTargetCompound,C14H16O5,,,ESI,5000,,0,,265.10705,M+H,+,1,0,120,,,,,287.08899,M+Na,+,1,0,60,,,,,282.1336,M+NH4,+,1,0,60,,,,,263.0925,M-H,-,1,0,60,,,
2-(6'-methylthio)hexylmalate,XIC,eTargetCompound,C11H20O5S,,,ESI,5000,,0,,265.11042,M+H,+,1,0,120,,,,,287.09237,M+Na,+,1,0,60,,,,,282.13697,M+NH4,+,1,0,60,,,,,263.09587,M-H,-,1,0,60,,,
3-(6'-methylthio)hexylmalate,XIC,eTargetCompound,C11H20O5S,,,ESI,5000,,0,,265.11042,M+H,+,1,0,120,,,,,287.09237,M+Na,+,1,0,60,,,,,282.13697,M+NH4,+,1,0,60,,,,,263.09587,M-H,-,1,0,60,,,
Acetyl-N-formyl-5-methoxykynurenamine,XIC,eTargetCompound,C13H16N2O4,,,ESI,5000,,0,,265.11828,M+H,+,1,0,120,,,,,287.10023,M+Na,+,1,0,60,,,,,282.14483,M+NH4,+,1,0,60,,,,,263.10373,M-H,-,1,0,60,,,
alpha-N-Phenylacetyl-L-glutamine,XIC,eTargetCompound,C13H16N2O4,,,ESI,5000,,0,,265.11828,M+H,+,1,0,120,,,,,287.10023,M+Na,+,1,0,60,,,,,282.14483,M+NH4,+,1,0,60,,,,,263.10373,M-H,-,1,0,60,,,
Alpha-N-Phenylacetyl-L-glutamine,XIC,eTargetCompound,C13H16N2O4,,,ESI,5000,,0,,265.11828,M+H,+,1,0,120,,,,,287.10023,M+Na,+,1,0,60,,,,,282.14483,M+NH4,+,1,0,60,,,,,263.10373,M-H,-,1,0,60,,,
Formyl-N-acetyl-5-methoxykynurenamine,XIC,eTargetCompound,C13H16N2O4,,,ESI,5000,,0,,265.11828,M+H,+,1,0,120,,,,,287.10023,M+Na,+,1,0,60,,,,,282.14483,M+NH4,+,1,0,60,,,,,263.10373,M-H,-,1,0,60,,,
(S)-Abscisic acid,XIC,eTargetCompound,C15H20O4,,,ESI,5000,,0,,265.14344,M+H,+,1,0,120,,,,,287.12538,M+Na,+,1,0,60,,,,,282.16998,M+NH4,+,1,0,60,,,,,263.12888,M-H,-,1,0,60,,,
13-Hydroxylupanine,XIC,eTargetCompound,C15H24N2O2,,,ESI,5000,,0,,265.19105,M+H,+,1,0,120,,,,,287.173,M+Na,+,1,0,60,,,,,282.2176,M+NH4,+,1,0,60,,,,,263.1765,M-H,-,1,0,60,,,
Thiamin,XIC,eTargetCompound,C12H17N4OS,,,ESI,5000,,0,,266.11958,M+H,+,1,0,120,,,,,288.10153,M+Na,+,1,0,60,,,,,283.14613,M+NH4,+,1,0,60,,,,,264.10503,M-H,-,1,0,60,,,
N(alpha)-Benzyloxycarbonyl-L-leucine,XIC,eTargetCompound,C14H19NO4,,,ESI,5000,,0,,266.13868,M+H,+,1,0,120,,,,,288.12063,M+Na,+,1,0,60,,,,,283.16523,M+NH4,+,1,0,60,,,,,264.12413,M-H,-,1,0,60,,,
"2,3-Bisphosphoglyceric acid",XIC,eTargetCompound,C3H8O10P2,,,ESI,5000,,0,,266.96655,M+H,+,1,0,120,,,,,288.94849,M+Na,+,1,0,60,,,,,283.99309,M+NH4,+,1,0,60,,,,,264.95199,M-H,-,1,0,60,,,
3-Phospho-D-glyceroyl phosphate,XIC,eTargetCompound,C3H8O10P2,,,ESI,5000,,0,,266.96655,M+H,+,1,0,120,,,,,288.94849,M+Na,+,1,0,60,,,,,283.99309,M+NH4,+,1,0,60,,,,,264.95199,M-H,-,1,0,60,,,
"AD002_2,3-Diphosphoglycerate",XIC,eTargetCompound,,,,None,0,,,,,,,,,,,,,,,,,,,,,,,,,,,,,,,,,,264.952,M-,-,1,37.99,120,,,
5'-Oxoinosine,XIC,eTargetCompound,C10H10N4O5,,,ESI,5000,,0,,267.0724,M+H,+,1,0,120,,,,,289.05434,M+Na,+,1,0,60,,,,,284.09895,M+NH4,+,1,0,60,,,,,265.05784,M-H,-,1,0,60,,,
9-Riburonosylhypoxanthine,XIC,eTargetCompound,C10H10N4O5,,,ESI,5000,,0,,267.0724,M+H,+,1,0,120,,,,,289.05434,M+Na,+,1,0,60,,,,,284.09895,M+NH4,+,1,0,60,,,,,265.05784,M-H,-,1,0,60,,,
nitecapone,XIC,eTargetCompound,C12H12NO6,,,ESI,5000,,0,,267.07374,M+H,+,1,0,120,,,,,289.05568,M+Na,+,1,0,60,,,,,284.10029,M+NH4,+,1,0,60,,,,,265.05919,M-H,-,1,0,60,,,
"(2E,6E)-(10R,11S)-10,11-Epoxy-3,7,11-trimethyltrideca-2,6-dienoic acid",XIC,eTargetCompound,C16H26O3,,,ESI,5000,,0,,267.19547,M+H,+,1,0,120,,,,,289.17742,M+Na,+,1,0,60,,,,,284.22202,M+NH4,+,1,0,60,,,,,265.18092,M-H,-,1,0,60,,,
Juvabione,XIC,eTargetCompound,C16H26O3,,,ESI,5000,,0,,267.19547,M+H,+,1,0,120,,,,,289.17742,M+Na,+,1,0,60,,,,,284.22202,M+NH4,+,1,0,60,,,,,265.18092,M-H,-,1,0,60,,,
Juvenile hormone III,XIC,eTargetCompound,C16H26O3,,,ESI,5000,,0,,267.19547,M+H,+,1,0,120,,,,,289.17742,M+Na,+,1,0,60,,,,,284.22202,M+NH4,+,1,0,60,,,,,265.18092,M-H,-,1,0,60,,,
"2,6-Dichloroindophenol",XIC,eTargetCompound,C12H7NO2Cl2,,,ESI,5000,,0,,267.99266,M+H,+,1,0,120,,,,,289.97461,M+Na,+,1,0,60,,,,,285.01921,M+NH4,+,1,0,60,,,,,265.97811,M-H,-,1,0,60,,,
2-Amino-4-oxo-6-(1'-2'-dioxoprolyl)-7-8-dihydroxypteridine,XIC,eTargetCompound,C9H9N5O5,,,ESI,5000,,0,,268.06764,M+H,+,1,0,120,,,,,290.04959,M+Na,+,1,0,60,,,,,285.09419,M+NH4,+,1,0,60,,,,,266.05309,M-H,-,1,0,60,,,
Neuraminic acid,XIC,eTargetCompound,C9H17NO8,,,ESI,5000,,0,,268.10269,M+H,+,1,0,120,,,,,290.08464,M+Na,+,1,0,60,,,,,285.12924,M+NH4,+,1,0,60,,,,,266.08814,M-H,-,1,0,60,,,
Adenosine,XIC,eTargetCompound,C10H13N5O4,,,ESI,5000,,0,,268.10403,M+H,+,1,0,120,,,,,290.08598,M+Na,+,1,0,60,,,,,285.13058,M+NH4,+,1,0,60,,,,,266.08948,M-H,-,1,0,60,,,
Deoxyguanosine,XIC,eTargetCompound,C10H13N5O4,,,ESI,5000,,0,,268.10403,M+H,+,1,0,120,,,,,290.08598,M+Na,+,1,0,60,,,,,285.13058,M+NH4,+,1,0,60,,,,,266.08948,M-H,-,1,0,60,,,
Agaritine,XIC,eTargetCompound,C12H17N3O4,,,ESI,5000,,0,,268.12918,M+H,+,1,0,120,,,,,290.11113,M+Na,+,1,0,60,,,,,285.15573,M+NH4,+,1,0,60,,,,,266.11463,M-H,-,1,0,60,,,
metoprine,XIC,eTargetCompound,C11H10Cl2N4,,,ESI,5000,,0,,269.03553,M+H,+,1,0,120,,,,,291.01747,M+Na,+,1,0,60,,,,,286.06208,M+NH4,+,1,0,60,,,,,267.02098,M-H,-,1,0,60,,,
Coumestrol,XIC,eTargetCompound,C15H8O5,,,ESI,5000,,0,,269.04445,M+H,+,1,0,120,,,,,291.02639,M+Na,+,1,0,60,,,,,286.071,M+NH4,+,1,0,60,,,,,267.0299,M-H,-,1,0,60,,,
Homocystine,XIC,eTargetCompound,C8H16N2O4S2,,,ESI,5000,,0,,269.06242,M+H,+,1,0,120,,,,,291.04437,M+Na,+,1,0,60,,,,,286.08897,M+NH4,+,1,0,60,,,,,267.04787,M-H,-,1,0,60,,,
L-Homocystine,XIC,eTargetCompound,C8H16N2O4S2,,,ESI,5000,,0,,269.06242,M+H,+,1,0,120,,,,,291.04437,M+Na,+,1,0,60,,,,,286.08897,M+NH4,+,1,0,60,,,,,267.04787,M-H,-,1,0,60,,,
Formononetin,XIC,eTargetCompound,C16H12O4,,,ESI,5000,,0,,269.08084,M+H,+,1,0,120,,,,,291.06278,M+Na,+,1,0,60,,,,,286.10738,M+NH4,+,1,0,60,,,,,267.06628,M-H,-,1,0,60,,,
Isoformononetin,XIC,eTargetCompound,C16H12O4,,,ESI,5000,,0,,269.08084,M+H,+,1,0,120,,,,,291.06278,M+Na,+,1,0,60,,,,,286.10738,M+NH4,+,1,0,60,,,,,267.06628,M-H,-,1,0,60,,,
2(alpha-D-Mannosyl)-D-glycerate,XIC,eTargetCompound,C9H16O9,,,ESI,5000,,0,,269.08671,M+H,+,1,0,120,,,,,291.06865,M+Na,+,1,0,60,,,,,286.11326,M+NH4,+,1,0,60,,,,,267.07216,M-H,-,1,0,60,,,
Inosine,XIC,eTargetCompound,C10H12N4O5,,,ESI,5000,,0,,269.08805,M+H,+,1,0,120,,,,,291.06999,M+Na,+,1,0,60,,,,,286.1146,M+NH4,+,1,0,60,,,,,267.07349,M-H,-,1,0,60,,,
N-Acetyl-L-Carnosine,XIC,eTargetCompound,C11H16N4O4,,,ESI,5000,,0,,269.12443,M+H,+,1,0,120,,,,,291.10638,M+Na,+,1,0,60,,,,,286.15098,M+NH4,+,1,0,60,,,,,267.10988,M-H,-,1,0,60,,,
Lysergic acid,XIC,eTargetCompound,C16H16N2O2,,,ESI,5000,,0,,269.12845,M+H,+,1,0,120,,,,,291.1104,M+Na,+,1,0,60,,,,,286.155,M+NH4,+,1,0,60,,,,,267.1139,M-H,-,1,0,60,,,
Octadecanal,XIC,eTargetCompound,C18H36O,,,ESI,5000,,0,,269.28389,M+H,+,1,0,120,,,,,291.26584,M+Na,+,1,0,60,,,,,286.31044,M+NH4,+,1,0,60,,,,,267.26934,M-H,-,1,0,60,,,
N-Acetyl-L-glutamate 5-phosphate,XIC,eTargetCompound,C7H12NO8P,,,ESI,5000,,0,,270.03733,M+H,+,1,0,120,,,,,292.01927,M+Na,+,1,0,60,,,,,287.06388,M+NH4,+,1,0,60,,,,,268.02278,M-H,-,1,0,60,,,
tiron,XIC,eTargetCompound,C6H6O8S2,,,ESI,5000,,0,,270.95769,M+H,+,1,0,120,,,,,292.93963,M+Na,+,1,0,60,,,,,287.98423,M+NH4,+,1,0,60,,,,,268.94313,M-H,-,1,0,60,,,
"3,5-Dinitro-4-hydroxyphenylpyruvate",XIC,eTargetCompound,C9H6N2O8,,,ESI,5000,,0,,271.01969,M+H,+,1,0,120,,,,,293.00164,M+Na,+,1,0,60,,,,,288.04624,M+NH4,+,1,0,60,,,,,269.00514,M-H,-,1,0,60,,,
2'-Hydroxydaidzein,XIC,eTargetCompound,C15H10O5,,,ESI,5000,,0,,271.0601,M+H,+,1,0,120,,,,,293.04204,M+Na,+,1,0,60,,,,,288.08665,M+NH4,+,1,0,60,,,,,269.04555,M-H,-,1,0,60,,,
"4',6,7-Trihydroxyisoflavone",XIC,eTargetCompound,C15H10O5,,,ESI,5000,,0,,271.0601,M+H,+,1,0,120,,,,,293.04204,M+Na,+,1,0,60,,,,,288.08665,M+NH4,+,1,0,60,,,,,269.04555,M-H,-,1,0,60,,,
Apigenin,XIC,eTargetCompound,C15H10O5,,,ESI,5000,,0,,271.0601,M+H,+,1,0,120,,,,,293.04204,M+Na,+,1,0,60,,,,,288.08665,M+NH4,+,1,0,60,,,,,269.04555,M-H,-,1,0,60,,,
Emodin,XIC,eTargetCompound,C15H10O5,,,ESI,5000,,0,,271.0601,M+H,+,1,0,120,,,,,293.04204,M+Na,+,1,0,60,,,,,288.08665,M+NH4,+,1,0,60,,,,,269.04555,M-H,-,1,0,60,,,
Genistein,XIC,eTargetCompound,C15H10O5,,,ESI,5000,,0,,271.0601,M+H,+,1,0,120,,,,,293.04204,M+Na,+,1,0,60,,,,,288.08665,M+NH4,+,1,0,60,,,,,269.04555,M-H,-,1,0,60,,,
Luteolinidin,XIC,eTargetCompound,C15H10O5,,,ESI,5000,,0,,271.0601,M+H,+,1,0,120,,,,,293.04204,M+Na,+,1,0,60,,,,,288.08665,M+NH4,+,1,0,60,,,,,269.04555,M-H,-,1,0,60,,,
Sulphuretin,XIC,eTargetCompound,C15H10O5,,,ESI,5000,,0,,271.0601,M+H,+,1,0,120,,,,,293.04204,M+Na,+,1,0,60,,,,,288.08665,M+NH4,+,1,0,60,,,,,269.04555,M-H,-,1,0,60,,,
D-Lombricine,XIC,eTargetCompound,C6H15N4O6P,,,ESI,5000,,0,,271.0802,M+H,+,1,0,120,,,,,293.06214,M+Na,+,1,0,60,,,,,288.10675,M+NH4,+,1,0,60,,,,,269.06564,M-H,-,1,0,60,,,
(-)-Medicarpin,XIC,eTargetCompound,C16H14O4,,,ESI,5000,,0,,271.09649,M+H,+,1,0,120,,,,,293.07843,M+Na,+,1,0,60,,,,,288.12303,M+NH4,+,1,0,60,,,,,269.08193,M-H,-,1,0,60,,,
[Fv] Isoliquiritigenin 2'-methy ether,XIC,eTargetCompound,C16H14O4,,,ESI,5000,,0,,271.09649,M+H,+,1,0,120,,,,,293.07843,M+Na,+,1,0,60,,,,,288.12303,M+NH4,+,1,0,60,,,,,269.08193,M-H,-,1,0,60,,,
L-gamma-Glutamyl-L-hypoglycin,XIC,eTargetCompound,C12H18N2O5,,,ESI,5000,,0,,271.12885,M+H,+,1,0,120,,,,,293.11079,M+Na,+,1,0,60,,,,,288.1554,M+NH4,+,1,0,60,,,,,269.11429,M-H,-,1,0,60,,,
Estrone,XIC,eTargetCompound,C18H22O2,,,ESI,5000,,0,,271.16926,M+H,+,1,0,120,,,,,293.1512,M+Na,+,1,0,60,,,,,288.19581,M+NH4,+,1,0,60,,,,,269.1547,M-H,-,1,0,60,,,
N-Benzoyl-4-O-methoxyanthranilate,XIC,eTargetCompound,C15H13NO4,,,ESI,5000,,0,,272.09173,M+H,+,1,0,120,,,,,294.07368,M+Na,+,1,0,60,,,,,289.11828,M+NH4,+,1,0,60,,,,,270.07718,M-H,-,1,0,60,,,
(R)-Norcoclaurine,XIC,eTargetCompound,C16H17NO3,,,ESI,5000,,0,,272.12812,M+H,+,1,0,120,,,,,294.11006,M+Na,+,1,0,60,,,,,289.15467,M+NH4,+,1,0,60,,,,,270.11357,M-H,-,1,0,60,,,
(S)-Norcoclaurine,XIC,eTargetCompound,C16H17NO3,,,ESI,5000,,0,,272.12812,M+H,+,1,0,120,,,,,294.11006,M+Na,+,1,0,60,,,,,289.15467,M+NH4,+,1,0,60,,,,,270.11357,M-H,-,1,0,60,,,
2-[3-Carboxy-3-(methylammonio)propyl]-L-histidine,XIC,eTargetCompound,C11H19N4O4,,,ESI,5000,,0,,272.14791,M+H,+,1,0,120,,,,,294.12985,M+Na,+,1,0,60,,,,,289.17446,M+NH4,+,1,0,60,,,,,270.13335,M-H,-,1,0,60,,,
7-Aminocephalosporanic acid,XIC,eTargetCompound,C10H12N2O5S,,,ESI,5000,,0,,273.05397,M+H,+,1,0,120,,,,,295.03591,M+Na,+,1,0,60,,,,,290.08052,M+NH4,+,1,0,60,,,,,271.03942,M-H,-,1,0,60,,,
"(6aS,11aS)-3,6a,9-Trihydroxypterocarpan",XIC,eTargetCompound,C15H12O5,,,ESI,5000,,0,,273.07575,M+H,+,1,0,120,,,,,295.05769,M+Na,+,1,0,60,,,,,290.1023,M+NH4,+,1,0,60,,,,,271.0612,M-H,-,1,0,60,,,
"[Fv hydroxy(4:0)] trans-2',4,4',6'-Tetrahydroxychalcone",XIC,eTargetCompound,C15H12O5,,,ESI,5000,,0,,273.07575,M+H,+,1,0,120,,,,,295.05769,M+Na,+,1,0,60,,,,,290.1023,M+NH4,+,1,0,60,,,,,271.0612,M-H,-,1,0,60,,,
[Fv] Butein,XIC,eTargetCompound,C15H12O5,,,ESI,5000,,0,,273.07575,M+H,+,1,0,120,,,,,295.05769,M+Na,+,1,0,60,,,,,290.1023,M+NH4,+,1,0,60,,,,,271.0612,M-H,-,1,0,60,,,
[Fv] Licodione,XIC,eTargetCompound,C15H12O5,,,ESI,5000,,0,,273.07575,M+H,+,1,0,120,,,,,295.05769,M+Na,+,1,0,60,,,,,290.1023,M+NH4,+,1,0,60,,,,,271.0612,M-H,-,1,0,60,,,
"2,7,4'-Trihydroxyisoflavanone",XIC,eTargetCompound,C15H12O5,,,ESI,5000,,0,,273.07575,M+H,+,1,0,120,,,,,295.05769,M+Na,+,1,0,60,,,,,290.1023,M+NH4,+,1,0,60,,,,,271.0612,M-H,-,1,0,60,,,
2'-Hydroxydihydrodaidzein,XIC,eTargetCompound,C15H12O5,,,ESI,5000,,0,,273.07575,M+H,+,1,0,120,,,,,295.05769,M+Na,+,1,0,60,,,,,290.1023,M+NH4,+,1,0,60,,,,,271.0612,M-H,-,1,0,60,,,
"6,7,4'-Trihydroxyflavanone",XIC,eTargetCompound,C15H12O5,,,ESI,5000,,0,,273.07575,M+H,+,1,0,120,,,,,295.05769,M+Na,+,1,0,60,,,,,290.1023,M+NH4,+,1,0,60,,,,,271.0612,M-H,-,1,0,60,,,
Dihydrogenistein,XIC,eTargetCompound,C15H12O5,,,ESI,5000,,0,,273.07575,M+H,+,1,0,120,,,,,295.05769,M+Na,+,1,0,60,,,,,290.1023,M+NH4,+,1,0,60,,,,,271.0612,M-H,-,1,0,60,,,
Naringenin,XIC,eTargetCompound,C15H12O5,,,ESI,5000,,0,,273.07575,M+H,+,1,0,120,,,,,295.05769,M+Na,+,1,0,60,,,,,290.1023,M+NH4,+,1,0,60,,,,,271.0612,M-H,-,1,0,60,,,
p-Coumaroyltriacetic acid lactone,XIC,eTargetCompound,C15H12O5,,,ESI,5000,,0,,273.07575,M+H,+,1,0,120,,,,,295.05769,M+Na,+,1,0,60,,,,,290.1023,M+NH4,+,1,0,60,,,,,271.0612,M-H,-,1,0,60,,,
Arbutin; Arbutoside,XIC,eTargetCompound,C12H16O7,,,ESI,5000,,0,,273.09688,M+H,+,1,0,120,,,,,295.07882,M+Na,+,1,0,60,,,,,290.12343,M+NH4,+,1,0,60,,,,,271.08233,M-H,-,1,0,60,,,
(-)-Vestitol,XIC,eTargetCompound,C16H16O4,,,ESI,5000,,0,,273.11214,M+H,+,1,0,120,,,,,295.09408,M+Na,+,1,0,60,,,,,290.13868,M+NH4,+,1,0,60,,,,,271.09758,M-H,-,1,0,60,,,
"1,2-Bis(4-hydroxy-3-methoxyphenyl)ethylene",XIC,eTargetCompound,C16H16O4,,,ESI,5000,,0,,273.11214,M+H,+,1,0,120,,,,,295.09408,M+Na,+,1,0,60,,,,,290.13868,M+NH4,+,1,0,60,,,,,271.09758,M-H,-,1,0,60,,,
deoxyshikonin,XIC,eTargetCompound,C16H16O4,,,ESI,5000,,0,,273.11214,M+H,+,1,0,120,,,,,295.09408,M+Na,+,1,0,60,,,,,290.13868,M+NH4,+,1,0,60,,,,,271.09758,M-H,-,1,0,60,,,
Vestitol,XIC,eTargetCompound,C16H16O4,,,ESI,5000,,0,,273.11214,M+H,+,1,0,120,,,,,295.09408,M+Na,+,1,0,60,,,,,290.13868,M+NH4,+,1,0,60,,,,,271.09758,M-H,-,1,0,60,,,
4-(3-Methylbut-2-enyl)-L-tryptophan,XIC,eTargetCompound,C16H20N2O2,,,ESI,5000,,0,,273.15975,M+H,+,1,0,120,,,,,295.1417,M+Na,+,1,0,60,,,,,290.1863,M+NH4,+,1,0,60,,,,,271.1452,M-H,-,1,0,60,,,
17a-Estradiol,XIC,eTargetCompound,C18H24O2,,,ESI,5000,,0,,273.18491,M+H,+,1,0,120,,,,,295.16685,M+Na,+,1,0,60,,,,,290.21146,M+NH4,+,1,0,60,,,,,271.17035,M-H,-,1,0,60,,,
Estradiol,XIC,eTargetCompound,C18H24O2,,,ESI,5000,,0,,273.18491,M+H,+,1,0,120,,,,,295.16685,M+Na,+,1,0,60,,,,,290.21146,M+NH4,+,1,0,60,,,,,271.17035,M-H,-,1,0,60,,,
Aphidicol-16-ene,XIC,eTargetCompound,C20H32,,,ESI,5000,,0,,273.25768,M+H,+,1,0,120,,,,,295.23962,M+Na,+,1,0,60,,,,,290.28423,M+NH4,+,1,0,60,,,,,271.24312,M-H,-,1,0,60,,,
Casbene,XIC,eTargetCompound,C20H32,,,ESI,5000,,0,,273.25768,M+H,+,1,0,120,,,,,295.23962,M+Na,+,1,0,60,,,,,290.28423,M+NH4,+,1,0,60,,,,,271.24312,M-H,-,1,0,60,,,
ent-Kaurene,XIC,eTargetCompound,C20H32,,,ESI,5000,,0,,273.25768,M+H,+,1,0,120,,,,,295.23962,M+Na,+,1,0,60,,,,,290.28423,M+NH4,+,1,0,60,,,,,271.24312,M-H,-,1,0,60,,,
Levopimaradiene,XIC,eTargetCompound,C20H32,,,ESI,5000,,0,,273.25768,M+H,+,1,0,120,,,,,295.23962,M+Na,+,1,0,60,,,,,290.28423,M+NH4,+,1,0,60,,,,,271.24312,M-H,-,1,0,60,,,
Neoabietadiene,XIC,eTargetCompound,C20H32,,,ESI,5000,,0,,273.25768,M+H,+,1,0,120,,,,,295.23962,M+Na,+,1,0,60,,,,,290.28423,M+NH4,+,1,0,60,,,,,271.24312,M-H,-,1,0,60,,,
Palustradiene,XIC,eTargetCompound,C20H32,,,ESI,5000,,0,,273.25768,M+H,+,1,0,120,,,,,295.23962,M+Na,+,1,0,60,,,,,290.28423,M+NH4,+,1,0,60,,,,,271.24312,M-H,-,1,0,60,,,
"Taxa-4(5),11(12)-diene",XIC,eTargetCompound,C20H32,,,ESI,5000,,0,,273.25768,M+H,+,1,0,120,,,,,295.23962,M+Na,+,1,0,60,,,,,290.28423,M+NH4,+,1,0,60,,,,,271.24312,M-H,-,1,0,60,,,
S-(4-bromophenyl)-mercaptopyruvate,XIC,eTargetCompound,C9H7BrO3S,,,ESI,5000,,0,,274.9372,M+H,+,1,0,120,,,,,296.91915,M+Na,+,1,0,60,,,,,291.96375,M+NH4,+,1,0,60,,,,,272.92265,M-H,-,1,0,60,,,
1-Phospho-alpha-D-galacturonate,XIC,eTargetCompound,C6H11O10P,,,ESI,5000,,0,,275.01626,M+H,+,1,0,120,,,,,296.9982,M+Na,+,1,0,60,,,,,292.04281,M+NH4,+,1,0,60,,,,,273.00171,M-H,-,1,0,60,,,
3-Dehydro-L-gulonate 6-phosphate,XIC,eTargetCompound,C6H11O10P,,,ESI,5000,,0,,275.01626,M+H,+,1,0,120,,,,,296.9982,M+Na,+,1,0,60,,,,,292.04281,M+NH4,+,1,0,60,,,,,273.00171,M-H,-,1,0,60,,,
6-Phospho-2-dehydro-D-gluconate,XIC,eTargetCompound,C6H11O10P,,,ESI,5000,,0,,275.01626,M+H,+,1,0,120,,,,,296.9982,M+Na,+,1,0,60,,,,,292.04281,M+NH4,+,1,0,60,,,,,273.00171,M-H,-,1,0,60,,,
D-Glucuronate 1-phosphate,XIC,eTargetCompound,C6H11O10P,,,ESI,5000,,0,,275.01626,M+H,+,1,0,120,,,,,296.9982,M+Na,+,1,0,60,,,,,292.04281,M+NH4,+,1,0,60,,,,,273.00171,M-H,-,1,0,60,,,
1-Deoxy-D-altro-heptulose 7-phosphate,XIC,eTargetCompound,C7H15O9P,,,ESI,5000,,0,,275.05264,M+H,+,1,0,120,,,,,297.03459,M+Na,+,1,0,60,,,,,292.07919,M+NH4,+,1,0,60,,,,,273.03809,M-H,-,1,0,60,,,
(-)-Epiafzelechin,XIC,eTargetCompound,C15H14O5,,,ESI,5000,,0,,275.0914,M+H,+,1,0,120,,,,,297.07334,M+Na,+,1,0,60,,,,,292.11795,M+NH4,+,1,0,60,,,,,273.07685,M-H,-,1,0,60,,,
Afzelechin,XIC,eTargetCompound,C15H14O5,,,ESI,5000,,0,,275.0914,M+H,+,1,0,120,,,,,297.07334,M+Na,+,1,0,60,,,,,292.11795,M+NH4,+,1,0,60,,,,,273.07685,M-H,-,1,0,60,,,
Apiforol,XIC,eTargetCompound,C15H14O5,,,ESI,5000,,0,,275.0914,M+H,+,1,0,120,,,,,297.07334,M+Na,+,1,0,60,,,,,292.11795,M+NH4,+,1,0,60,,,,,273.07685,M-H,-,1,0,60,,,
Phloretin; Dihydronaringenin,XIC,eTargetCompound,C15H14O5,,,ESI,5000,,0,,275.0914,M+H,+,1,0,120,,,,,297.07334,M+Na,+,1,0,60,,,,,292.11795,M+NH4,+,1,0,60,,,,,273.07685,M-H,-,1,0,60,,,
N2-Succinyl-L-arginine,XIC,eTargetCompound,C10H18N4O5,,,ESI,5000,,0,,275.135,M+H,+,1,0,120,,,,,297.11694,M+Na,+,1,0,60,,,,,292.16155,M+NH4,+,1,0,60,,,,,273.12044,M-H,-,1,0,60,,,
S-(4-bromophenyl)-L-cysteine,XIC,eTargetCompound,C9H10BrNO2S,,,ESI,5000,,0,,275.96884,M+H,+,1,0,120,,,,,297.95078,M+Na,+,1,0,60,,,,,292.99539,M+NH4,+,1,0,60,,,,,273.95429,M-H,-,1,0,60,,,
L-Tyrosine methyl ester 4-sulfate,XIC,eTargetCompound,C10H13NO6S,,,ESI,5000,,0,,276.05363,M+H,+,1,0,120,,,,,298.03558,M+Na,+,1,0,60,,,,,293.08018,M+NH4,+,1,0,60,,,,,274.03908,M-H,-,1,0,60,,,
2-Carboxy-D-arabinitol 1-phosphate,XIC,eTargetCompound,C6H13O10P,,,ESI,5000,,0,,277.03191,M+H,+,1,0,120,,,,,299.01385,M+Na,+,1,0,60,,,,,294.05846,M+NH4,+,1,0,60,,,,,275.01736,M-H,-,1,0,60,,,
6-Phospho-D-gluconate,XIC,eTargetCompound,C6H13O10P,,,ESI,5000,,0,,277.03191,M+H,+,1,0,120,,,,,299.01385,M+Na,+,1,0,60,,,,,294.05846,M+NH4,+,1,0,60,,,,,275.01736,M-H,-,1,0,60,,,
AP004_6PG,XIC,eTargetCompound,,,,None,0,,,,,,,,,,,,,,,,,,,,,,,,,,,,,,,,,,275.0174,M-,-,1,24.36,60,,,
"5-(4-Acetoxybut-1-ynyl)-2,2'-bithiophene",XIC,eTargetCompound,C14H12O2S2,,,ESI,5000,,0,,277.03515,M+H,+,1,0,120,,,,,299.01709,M+Na,+,1,0,60,,,,,294.0617,M+NH4,+,1,0,60,,,,,275.02059,M-H,-,1,0,60,,,
Ggamma-L-Glutamyl-L-glutamic acid,XIC,eTargetCompound,C10H16N2O7,,,ESI,5000,,0,,277.10303,M+H,+,1,0,120,,,,,299.08497,M+Na,+,1,0,60,,,,,294.12958,M+NH4,+,1,0,60,,,,,275.08847,M-H,-,1,0,60,,,
"4-(1-D-Ribitylamino)-5-amino-2,6-dihydroxypyrimidine",XIC,eTargetCompound,C9H16N4O6,,,ESI,5000,,0,,277.11426,M+H,+,1,0,120,,,,,299.09621,M+Na,+,1,0,60,,,,,294.14081,M+NH4,+,1,0,60,,,,,275.09971,M-H,-,1,0,60,,,
Saccharopine,XIC,eTargetCompound,C11H20N2O6,,,ESI,5000,,0,,277.13941,M+H,+,1,0,120,,,,,299.12136,M+Na,+,1,0,60,,,,,294.16596,M+NH4,+,1,0,60,,,,,275.12486,M-H,-,1,0,60,,,
N-(4-Guanidinobutyl)-4-hydroxycinnamide,XIC,eTargetCompound,C14H20N4O2,,,ESI,5000,,0,,277.1659,M+H,+,1,0,120,,,,,299.14785,M+Na,+,1,0,60,,,,,294.19245,M+NH4,+,1,0,60,,,,,275.15135,M-H,-,1,0,60,,,
"[FA (18:4)] 6Z,9Z,12Z,15Z-octadecatetraenoic acid",XIC,eTargetCompound,C18H28O2,,,ESI,5000,,0,,277.21621,M+H,+,1,0,120,,,,,299.19815,M+Na,+,1,0,60,,,,,294.24276,M+NH4,+,1,0,60,,,,,275.20165,M-H,-,1,0,60,,,
Fenitrothion,XIC,eTargetCompound,C9H12NO5PS,,,ESI,5000,,0,,278.02466,M+H,+,1,0,120,,,,,300.0066,M+Na,+,1,0,60,,,,,295.05121,M+NH4,+,1,0,60,,,,,276.0101,M-H,-,1,0,60,,,
N'-Phosphoguanidinoethyl methyl phosphate,XIC,eTargetCompound,C4H13N3O7P2,,,ESI,5000,,0,,278.03015,M+H,+,1,0,120,,,,,300.01209,M+Na,+,1,0,60,,,,,295.0567,M+NH4,+,1,0,60,,,,,276.0156,M-H,-,1,0,60,,,
S-(2-Methylpropanoyl)-dihydrolipoamide,XIC,eTargetCompound,C12H23NO2S2,,,ESI,5000,,0,,278.1243,M+H,+,1,0,120,,,,,300.10624,M+Na,+,1,0,60,,,,,295.15085,M+NH4,+,1,0,60,,,,,276.10974,M-H,-,1,0,60,,,
Queuine,XIC,eTargetCompound,C12H15N5O3,,,ESI,5000,,0,,278.12477,M+H,+,1,0,120,,,,,300.10671,M+Na,+,1,0,60,,,,,295.15131,M+NH4,+,1,0,60,,,,,276.11021,M-H,-,1,0,60,,,
"2-C-Methyl-D-erythritol 2,4-cyclodiphosphate",XIC,eTargetCompound,C5H12O9P2,,,ESI,5000,,0,,279.00293,M+H,+,1,0,120,,,,,300.98488,M+Na,+,1,0,60,,,,,296.02948,M+NH4,+,1,0,60,,,,,276.98838,M-H,-,1,0,60,,,
Isovalerylglucuronide,XIC,eTargetCompound,C11H18O8,,,ESI,5000,,0,,279.10744,M+H,+,1,0,120,,,,,301.08939,M+Na,+,1,0,60,,,,,296.13399,M+NH4,+,1,0,60,,,,,277.09289,M-H,-,1,0,60,,,
2-(7'-methylthio)heptylmalate,XIC,eTargetCompound,C12H22O5S,,,ESI,5000,,0,,279.12607,M+H,+,1,0,120,,,,,301.10802,M+Na,+,1,0,60,,,,,296.15262,M+NH4,+,1,0,60,,,,,277.11152,M-H,-,1,0,60,,,
3-(7'-methylthio)heptylmalate,XIC,eTargetCompound,C12H22O5S,,,ESI,5000,,0,,279.12607,M+H,+,1,0,120,,,,,301.10802,M+Na,+,1,0,60,,,,,296.15262,M+NH4,+,1,0,60,,,,,277.11152,M-H,-,1,0,60,,,
alpha-Ribazole,XIC,eTargetCompound,C14H18N2O4,,,ESI,5000,,0,,279.13393,M+H,+,1,0,120,,,,,301.11588,M+Na,+,1,0,60,,,,,296.16048,M+NH4,+,1,0,60,,,,,277.11938,M-H,-,1,0,60,,,
Pantetheine,XIC,eTargetCompound,C11H22N2O4S,,,ESI,5000,,0,,279.1373,M+H,+,1,0,120,,,,,301.11925,M+Na,+,1,0,60,,,,,296.16385,M+NH4,+,1,0,60,,,,,277.12275,M-H,-,1,0,60,,,
N-Benzoyl-D-arginine,XIC,eTargetCompound,C13H18N4O3,,,ESI,5000,,0,,279.14517,M+H,+,1,0,120,,,,,301.12711,M+Na,+,1,0,60,,,,,296.17172,M+NH4,+,1,0,60,,,,,277.13061,M-H,-,1,0,60,,,
2-Ethylhexyl phthalate,XIC,eTargetCompound,C16H22O4,,,ESI,5000,,0,,279.15909,M+H,+,1,0,120,,,,,301.14103,M+Na,+,1,0,60,,,,,296.18563,M+NH4,+,1,0,60,,,,,277.14453,M-H,-,1,0,60,,,
[FA (18:1)] 9Z-Octadecen-12-ynoic acid,XIC,eTargetCompound,C18H30O2,,,ESI,5000,,0,,279.23186,M+H,+,1,0,120,,,,,301.2138,M+Na,+,1,0,60,,,,,296.25841,M+NH4,+,1,0,60,,,,,277.2173,M-H,-,1,0,60,,,
"[FA (18:3)] 6Z,9Z,12Z-octadecatrienoic acid",XIC,eTargetCompound,C18H30O2,,,ESI,5000,,0,,279.23186,M+H,+,1,0,120,,,,,301.2138,M+Na,+,1,0,60,,,,,296.25841,M+NH4,+,1,0,60,,,,,277.2173,M-H,-,1,0,60,,,
"[FA (18:3)] 9Z,11E,13E-octadecatrienoic acid",XIC,eTargetCompound,C18H30O2,,,ESI,5000,,0,,279.23186,M+H,+,1,0,120,,,,,301.2138,M+Na,+,1,0,60,,,,,296.25841,M+NH4,+,1,0,60,,,,,277.2173,M-H,-,1,0,60,,,
Linolenic acid,XIC,eTargetCompound,C18H30O2,,,ESI,5000,,0,,279.23186,M+H,+,1,0,120,,,,,301.2138,M+Na,+,1,0,60,,,,,296.25841,M+NH4,+,1,0,60,,,,,277.2173,M-H,-,1,0,60,,,
Punicic acid,XIC,eTargetCompound,C18H30O2,,,ESI,5000,,0,,279.23186,M+H,+,1,0,120,,,,,301.2138,M+Na,+,1,0,60,,,,,296.25841,M+NH4,+,1,0,60,,,,,277.2173,M-H,-,1,0,60,,,
Thiamin acetic acid,XIC,eTargetCompound,C12H15N4O2S,,,ESI,5000,,0,,280.09885,M+H,+,1,0,120,,,,,302.08079,M+Na,+,1,0,60,,,,,297.1254,M+NH4,+,1,0,60,,,,,278.08429,M-H,-,1,0,60,,,
Photinus luciferin,XIC,eTargetCompound,C11H8N2O3S2,,,ESI,5000,,0,,281.00491,M+H,+,1,0,120,,,,,302.98685,M+Na,+,1,0,60,,,,,298.03146,M+NH4,+,1,0,60,,,,,278.99036,M-H,-,1,0,60,,,
Aspartyl-Phenylalanine,XIC,eTargetCompound,C13H16N2O5,,,ESI,5000,,0,,281.1132,M+H,+,1,0,120,,,,,303.09514,M+Na,+,1,0,60,,,,,298.13975,M+NH4,+,1,0,60,,,,,279.09864,M-H,-,1,0,60,,,
8'-Hydroxyabscisate,XIC,eTargetCompound,C15H20O5,,,ESI,5000,,0,,281.13835,M+H,+,1,0,120,,,,,303.12029,M+Na,+,1,0,60,,,,,298.1649,M+NH4,+,1,0,60,,,,,279.1238,M-H,-,1,0,60,,,
Phaseic acid,XIC,eTargetCompound,C15H20O5,,,ESI,5000,,0,,281.13835,M+H,+,1,0,120,,,,,303.12029,M+Na,+,1,0,60,,,,,298.1649,M+NH4,+,1,0,60,,,,,279.1238,M-H,-,1,0,60,,,
"Methyl (2E,6E)-(10R,11S)-10,11-epoxy-3,7,11-trimethyltrideca-2,6-dienoate",XIC,eTargetCompound,C17H28O3,,,ESI,5000,,0,,281.21112,M+H,+,1,0,120,,,,,303.19307,M+Na,+,1,0,60,,,,,298.23767,M+NH4,+,1,0,60,,,,,279.19657,M-H,-,1,0,60,,,
"[FA (18:2)] 9Z,11E-octadecadienoic acid",XIC,eTargetCompound,C18H32O2,,,ESI,5000,,0,,281.24751,M+H,+,1,0,120,,,,,303.22945,M+Na,+,1,0,60,,,,,298.27406,M+NH4,+,1,0,60,,,,,279.23295,M-H,-,1,0,60,,,
Linoleate,XIC,eTargetCompound,C18H32O2,,,ESI,5000,,0,,281.24751,M+H,+,1,0,120,,,,,303.22945,M+Na,+,1,0,60,,,,,298.27406,M+NH4,+,1,0,60,,,,,279.23295,M-H,-,1,0,60,,,
9-Riburonosyladenine,XIC,eTargetCompound,C10H11N5O5,,,ESI,5000,,0,,282.08329,M+H,+,1,0,120,,,,,304.06524,M+Na,+,1,0,60,,,,,299.10984,M+NH4,+,1,0,60,,,,,280.06874,M-H,-,1,0,60,,,
4-Hydroxyphenylacetylglutamic acid,XIC,eTargetCompound,C13H15NO6,,,ESI,5000,,0,,282.09721,M+H,+,1,0,120,,,,,304.07916,M+Na,+,1,0,60,,,,,299.12376,M+NH4,+,1,0,60,,,,,280.08266,M-H,-,1,0,60,,,
1-Methyladenosine,XIC,eTargetCompound,C11H15N5O4,,,ESI,5000,,0,,282.11968,M+H,+,1,0,120,,,,,304.10163,M+Na,+,1,0,60,,,,,299.14623,M+NH4,+,1,0,60,,,,,280.10513,M-H,-,1,0,60,,,
2'-O-methyladenosine,XIC,eTargetCompound,C11H15N5O4,,,ESI,5000,,0,,282.11968,M+H,+,1,0,120,,,,,304.10163,M+Na,+,1,0,60,,,,,299.14623,M+NH4,+,1,0,60,,,,,280.10513,M-H,-,1,0,60,,,
Oleamide,XIC,eTargetCompound,C18H35NO,,,ESI,5000,,0,,282.27914,M+H,+,1,0,120,,,,,304.26109,M+Na,+,1,0,60,,,,,299.30569,M+NH4,+,1,0,60,,,,,280.26459,M-H,-,1,0,60,,,
Hexachlorobenzene,XIC,eTargetCompound,C6Cl6,,,ESI,5000,,0,,282.82039,M+H,+,1,0,120,,,,,304.80234,M+Na,+,1,0,60,,,,,299.84694,M+NH4,+,1,0,60,,,,,280.80584,M-H,-,1,0,60,,,
"[Fv Methyl,hydrox] 4,5-Methylenedioxy-6-hydroxyaurone",XIC,eTargetCompound,C16H10O5,,,ESI,5000,,0,,283.0601,M+H,+,1,0,120,,,,,305.04204,M+Na,+,1,0,60,,,,,300.08665,M+NH4,+,1,0,60,,,,,281.04555,M-H,-,1,0,60,,,
Pseudobaptigenin,XIC,eTargetCompound,C16H10O5,,,ESI,5000,,0,,283.0601,M+H,+,1,0,120,,,,,305.04204,M+Na,+,1,0,60,,,,,300.08665,M+NH4,+,1,0,60,,,,,281.04555,M-H,-,1,0,60,,,
8-Oxocoformycin,XIC,eTargetCompound,C11H14N4O5,,,ESI,5000,,0,,283.1037,M+H,+,1,0,120,,,,,305.08564,M+Na,+,1,0,60,,,,,300.13025,M+NH4,+,1,0,60,,,,,281.08914,M-H,-,1,0,60,,,
Dihydrophaseic acid,XIC,eTargetCompound,C15H22O5,,,ESI,5000,,0,,283.154,M+H,+,1,0,120,,,,,305.13594,M+Na,+,1,0,60,,,,,300.18055,M+NH4,+,1,0,60,,,,,281.13945,M-H,-,1,0,60,,,
(6Z)-Octadecenoic acid,XIC,eTargetCompound,C18H34O2,,,ESI,5000,,0,,283.26316,M+H,+,1,0,120,,,,,305.2451,M+Na,+,1,0,60,,,,,300.28971,M+NH4,+,1,0,60,,,,,281.2486,M-H,-,1,0,60,,,
[FA (18:0)] 11E-octadecenoic acid,XIC,eTargetCompound,C18H34O2,,,ESI,5000,,0,,283.26316,M+H,+,1,0,120,,,,,305.2451,M+Na,+,1,0,60,,,,,300.28971,M+NH4,+,1,0,60,,,,,281.2486,M-H,-,1,0,60,,,
[FA (18:0)] 9E-octadecenoic acid,XIC,eTargetCompound,C18H34O2,,,ESI,5000,,0,,283.26316,M+H,+,1,0,120,,,,,305.2451,M+Na,+,1,0,60,,,,,300.28971,M+NH4,+,1,0,60,,,,,281.2486,M-H,-,1,0,60,,,
Oleic acid,XIC,eTargetCompound,C18H34O2,,,ESI,5000,,0,,283.26316,M+H,+,1,0,120,,,,,305.2451,M+Na,+,1,0,60,,,,,300.28971,M+NH4,+,1,0,60,,,,,281.2486,M-H,-,1,0,60,,,
N2-Acetyl-L-aminoadipyl-delta-phosphate,XIC,eTargetCompound,C8H14NO8P,,,ESI,5000,,0,,284.05298,M+H,+,1,0,120,,,,,306.03492,M+Na,+,1,0,60,,,,,301.07953,M+NH4,+,1,0,60,,,,,282.03843,M-H,-,1,0,60,,,
Guanosine,XIC,eTargetCompound,C10H13N5O5,,,ESI,5000,,0,,284.09895,M+H,+,1,0,120,,,,,306.08089,M+Na,+,1,0,60,,,,,301.12549,M+NH4,+,1,0,60,,,,,282.08439,M-H,-,1,0,60,,,
Morphinone,XIC,eTargetCompound,C17H17NO3,,,ESI,5000,,0,,284.12812,M+H,+,1,0,120,,,,,306.11006,M+Na,+,1,0,60,,,,,301.15467,M+NH4,+,1,0,60,,,,,282.11357,M-H,-,1,0,60,,,
Levallorphan,XIC,eTargetCompound,C19H25NO,,,ESI,5000,,0,,284.20089,M+H,+,1,0,120,,,,,306.18284,M+Na,+,1,0,60,,,,,301.22744,M+NH4,+,1,0,60,,,,,282.18634,M-H,-,1,0,60,,,
(-)-Maackiain,XIC,eTargetCompound,C16H12O5,,,ESI,5000,,0,,285.07575,M+H,+,1,0,120,,,,,307.05769,M+Na,+,1,0,60,,,,,302.1023,M+NH4,+,1,0,60,,,,,283.0612,M-H,-,1,0,60,,,
(+)-Maackiain,XIC,eTargetCompound,C16H12O5,,,ESI,5000,,0,,285.07575,M+H,+,1,0,120,,,,,307.05769,M+Na,+,1,0,60,,,,,302.1023,M+NH4,+,1,0,60,,,,,283.0612,M-H,-,1,0,60,,,
2'-Hydroxyformononetin,XIC,eTargetCompound,C16H12O5,,,ESI,5000,,0,,285.07575,M+H,+,1,0,120,,,,,307.05769,M+Na,+,1,0,60,,,,,302.1023,M+NH4,+,1,0,60,,,,,283.0612,M-H,-,1,0,60,,,
Acacetin,XIC,eTargetCompound,C16H12O5,,,ESI,5000,,0,,285.07575,M+H,+,1,0,120,,,,,307.05769,M+Na,+,1,0,60,,,,,302.1023,M+NH4,+,1,0,60,,,,,283.0612,M-H,-,1,0,60,,,
Biochanin A,XIC,eTargetCompound,C16H12O5,,,ESI,5000,,0,,285.07575,M+H,+,1,0,120,,,,,307.05769,M+Na,+,1,0,60,,,,,302.1023,M+NH4,+,1,0,60,,,,,283.0612,M-H,-,1,0,60,,,
Calycosin,XIC,eTargetCompound,C16H12O5,,,ESI,5000,,0,,285.07575,M+H,+,1,0,120,,,,,307.05769,M+Na,+,1,0,60,,,,,302.1023,M+NH4,+,1,0,60,,,,,283.0612,M-H,-,1,0,60,,,
Glycitein,XIC,eTargetCompound,C16H12O5,,,ESI,5000,,0,,285.07575,M+H,+,1,0,120,,,,,307.05769,M+Na,+,1,0,60,,,,,302.1023,M+NH4,+,1,0,60,,,,,283.0612,M-H,-,1,0,60,,,
Prunetin,XIC,eTargetCompound,C16H12O5,,,ESI,5000,,0,,285.07575,M+H,+,1,0,120,,,,,307.05769,M+Na,+,1,0,60,,,,,302.1023,M+NH4,+,1,0,60,,,,,283.0612,M-H,-,1,0,60,,,
Questin,XIC,eTargetCompound,C16H12O5,,,ESI,5000,,0,,285.07575,M+H,+,1,0,120,,,,,307.05769,M+Na,+,1,0,60,,,,,302.1023,M+NH4,+,1,0,60,,,,,283.0612,M-H,-,1,0,60,,,
Xanthosine,XIC,eTargetCompound,C10H12N4O6,,,ESI,5000,,0,,285.08296,M+H,+,1,0,120,,,,,307.06491,M+Na,+,1,0,60,,,,,302.10951,M+NH4,+,1,0,60,,,,,283.06841,M-H,-,1,0,60,,,
Coformycin,XIC,eTargetCompound,C11H16N4O5,,,ESI,5000,,0,,285.11935,M+H,+,1,0,120,,,,,307.10129,M+Na,+,1,0,60,,,,,302.1459,M+NH4,+,1,0,60,,,,,283.10479,M-H,-,1,0,60,,,
16-Ketoestrone,XIC,eTargetCompound,C18H20O3,,,ESI,5000,,0,,285.14852,M+H,+,1,0,120,,,,,307.13047,M+Na,+,1,0,60,,,,,302.17507,M+NH4,+,1,0,60,,,,,283.13397,M-H,-,1,0,60,,,
 11-cis-retinal,XIC,eTargetCompound,C20H28O,,,ESI,5000,,0,,285.22129,M+H,+,1,0,120,,,,,307.20324,M+Na,+,1,0,60,,,,,302.24784,M+NH4,+,1,0,60,,,,,283.20674,M-H,-,1,0,60,,,
 Retinal,XIC,eTargetCompound,C20H28O,,,ESI,5000,,0,,285.22129,M+H,+,1,0,120,,,,,307.20324,M+Na,+,1,0,60,,,,,302.24784,M+NH4,+,1,0,60,,,,,283.20674,M-H,-,1,0,60,,,
cis-9-retinal,XIC,eTargetCompound,C20H28O,,,ESI,5000,,0,,285.22129,M+H,+,1,0,120,,,,,307.20324,M+Na,+,1,0,60,,,,,302.24784,M+NH4,+,1,0,60,,,,,283.20674,M-H,-,1,0,60,,,
Octadecanoic acid,XIC,eTargetCompound,C18H36O2,,,ESI,5000,,0,,285.27881,M+H,+,1,0,120,,,,,307.26075,M+Na,+,1,0,60,,,,,302.30536,M+NH4,+,1,0,60,,,,,283.26425,M-H,-,1,0,60,,,
CTAB,XIC,eTargetCompound,C19H42N,,,ESI,5000,,0,,285.339,M+H,+,1,0,120,,,,,307.32095,M+Na,+,1,0,60,,,,,302.36555,M+NH4,+,1,0,60,,,,,283.32445,M-H,-,1,0,60,,,
5-Amino-4-chloro-2-(2-hydroxymuconoyl)-3(2H)-pyridazinone,XIC,eTargetCompound,C10H8N3O5Cl,,,ESI,5000,,0,,286.02252,M+H,+,1,0,120,,,,,308.00447,M+Na,+,1,0,60,,,,,303.04907,M+NH4,+,1,0,60,,,,,284.00797,M-H,-,1,0,60,,,
2-(Formamido)-N1-(5-phospho-D-ribosyl)acetamidine,XIC,eTargetCompound,C6H12N3O8P,,,ESI,5000,,0,,286.04348,M+H,+,1,0,120,,,,,308.02542,M+Na,+,1,0,60,,,,,303.07003,M+NH4,+,1,0,60,,,,,284.02892,M-H,-,1,0,60,,,
N-Glucosylnicotinate,XIC,eTargetCompound,C12H15NO7,,,ESI,5000,,0,,286.09213,M+H,+,1,0,120,,,,,308.07407,M+Na,+,1,0,60,,,,,303.11868,M+NH4,+,1,0,60,,,,,284.07758,M-H,-,1,0,60,,,
N4-Acetylcytidine; N-Acetyl-Cytidine,XIC,eTargetCompound,C11H15N3O6,,,ESI,5000,,0,,286.10336,M+H,+,1,0,120,,,,,308.08531,M+Na,+,1,0,60,,,,,303.12991,M+NH4,+,1,0,60,,,,,284.08881,M-H,-,1,0,60,,,
(R)-Coclaurine,XIC,eTargetCompound,C17H19NO3,,,ESI,5000,,0,,286.14377,M+H,+,1,0,120,,,,,308.12571,M+Na,+,1,0,60,,,,,303.17032,M+NH4,+,1,0,60,,,,,284.12922,M-H,-,1,0,60,,,
(S)-Coclaurine,XIC,eTargetCompound,C17H19NO3,,,ESI,5000,,0,,286.14377,M+H,+,1,0,120,,,,,308.12571,M+Na,+,1,0,60,,,,,303.17032,M+NH4,+,1,0,60,,,,,284.12922,M-H,-,1,0,60,,,
Morphine,XIC,eTargetCompound,C17H19NO3,,,ESI,5000,,0,,286.14377,M+H,+,1,0,120,,,,,308.12571,M+Na,+,1,0,60,,,,,303.17032,M+NH4,+,1,0,60,,,,,284.12922,M-H,-,1,0,60,,,
Piperine,XIC,eTargetCompound,C17H19NO3,,,ESI,5000,,0,,286.14377,M+H,+,1,0,120,,,,,308.12571,M+Na,+,1,0,60,,,,,303.17032,M+NH4,+,1,0,60,,,,,284.12922,M-H,-,1,0,60,,,
2'-Hydroxygenistein,XIC,eTargetCompound,C15H10O6,,,ESI,5000,,0,,287.05501,M+H,+,1,0,120,,,,,309.03696,M+Na,+,1,0,60,,,,,304.08156,M+NH4,+,1,0,60,,,,,285.04046,M-H,-,1,0,60,,,
Aureusidin,XIC,eTargetCompound,C15H10O6,,,ESI,5000,,0,,287.05501,M+H,+,1,0,120,,,,,309.03696,M+Na,+,1,0,60,,,,,304.08156,M+NH4,+,1,0,60,,,,,285.04046,M-H,-,1,0,60,,,
Kaempferol,XIC,eTargetCompound,C15H10O6,,,ESI,5000,,0,,287.05501,M+H,+,1,0,120,,,,,309.03696,M+Na,+,1,0,60,,,,,304.08156,M+NH4,+,1,0,60,,,,,285.04046,M-H,-,1,0,60,,,
Luteolin,XIC,eTargetCompound,C15H10O6,,,ESI,5000,,0,,287.05501,M+H,+,1,0,120,,,,,309.03696,M+Na,+,1,0,60,,,,,304.08156,M+NH4,+,1,0,60,,,,,285.04046,M-H,-,1,0,60,,,
5'-Phosphoribosylglycinamide,XIC,eTargetCompound,C7H15N2O8P,,,ESI,5000,,0,,287.06388,M+H,+,1,0,120,,,,,309.04582,M+Na,+,1,0,60,,,,,304.09043,M+NH4,+,1,0,60,,,,,285.04933,M-H,-,1,0,60,,,
(-)-Vestitone,XIC,eTargetCompound,C16H14O5,,,ESI,5000,,0,,287.0914,M+H,+,1,0,120,,,,,309.07334,M+Na,+,1,0,60,,,,,304.11795,M+NH4,+,1,0,60,,,,,285.07685,M-H,-,1,0,60,,,
(S)-DNPA,XIC,eTargetCompound,C16H14O5,,,ESI,5000,,0,,287.0914,M+H,+,1,0,120,,,,,309.07334,M+Na,+,1,0,60,,,,,304.11795,M+NH4,+,1,0,60,,,,,285.07685,M-H,-,1,0,60,,,
[Fv] Isosakuranetin,XIC,eTargetCompound,C16H14O5,,,ESI,5000,,0,,287.0914,M+H,+,1,0,120,,,,,309.07334,M+Na,+,1,0,60,,,,,304.11795,M+NH4,+,1,0,60,,,,,285.07685,M-H,-,1,0,60,,,
[Fv] Licodione 2'-methyl ether,XIC,eTargetCompound,C16H14O5,,,ESI,5000,,0,,287.0914,M+H,+,1,0,120,,,,,309.07334,M+Na,+,1,0,60,,,,,304.11795,M+NH4,+,1,0,60,,,,,285.07685,M-H,-,1,0,60,,,
[Fv] Sakuranetin,XIC,eTargetCompound,C16H14O5,,,ESI,5000,,0,,287.0914,M+H,+,1,0,120,,,,,309.07334,M+Na,+,1,0,60,,,,,304.11795,M+NH4,+,1,0,60,,,,,285.07685,M-H,-,1,0,60,,,
"2,7-Dihydroxy-4'-methoxyisoflavanone",XIC,eTargetCompound,C16H14O5,,,ESI,5000,,0,,287.0914,M+H,+,1,0,120,,,,,309.07334,M+Na,+,1,0,60,,,,,304.11795,M+NH4,+,1,0,60,,,,,285.07685,M-H,-,1,0,60,,,
Dihydrobiochanin A,XIC,eTargetCompound,C16H14O5,,,ESI,5000,,0,,287.0914,M+H,+,1,0,120,,,,,309.07334,M+Na,+,1,0,60,,,,,304.11795,M+NH4,+,1,0,60,,,,,285.07685,M-H,-,1,0,60,,,
Salicin; D-(-)-Salicin ,XIC,eTargetCompound,C13H18O7,,,ESI,5000,,0,,287.11253,M+H,+,1,0,120,,,,,309.09447,M+Na,+,1,0,60,,,,,304.13908,M+NH4,+,1,0,60,,,,,285.09798,M-H,-,1,0,60,,,
(-)-Sativan,XIC,eTargetCompound,C17H18O4,,,ESI,5000,,0,,287.12779,M+H,+,1,0,120,,,,,309.10973,M+Na,+,1,0,60,,,,,304.15433,M+NH4,+,1,0,60,,,,,285.11323,M-H,-,1,0,60,,,
16a-Hydroxyestrone,XIC,eTargetCompound,C18H22O3,,,ESI,5000,,0,,287.16417,M+H,+,1,0,120,,,,,309.14612,M+Na,+,1,0,60,,,,,304.19072,M+NH4,+,1,0,60,,,,,285.14962,M-H,-,1,0,60,,,
Androstenedione,XIC,eTargetCompound,C19H26O2,,,ESI,5000,,0,,287.20056,M+H,+,1,0,120,,,,,309.1825,M+Na,+,1,0,60,,,,,304.22711,M+NH4,+,1,0,60,,,,,285.186,M-H,-,1,0,60,,,
Hexadecanedioic acid; Thapsic acid,XIC,eTargetCompound,C16H30O4,,,ESI,5000,,0,,287.22169,M+H,+,1,0,120,,,,,309.20363,M+Na,+,1,0,60,,,,,304.24824,M+NH4,+,1,0,60,,,,,285.20713,M-H,-,1,0,60,,,
11-cis-Retinol,XIC,eTargetCompound,C20H30O,,,ESI,5000,,0,,287.23694,M+H,+,1,0,120,,,,,309.21889,M+Na,+,1,0,60,,,,,304.26349,M+NH4,+,1,0,60,,,,,285.22239,M-H,-,1,0,60,,,
Abietal,XIC,eTargetCompound,C20H30O,,,ESI,5000,,0,,287.23694,M+H,+,1,0,120,,,,,309.21889,M+Na,+,1,0,60,,,,,304.26349,M+NH4,+,1,0,60,,,,,285.22239,M-H,-,1,0,60,,,
Kaur-16-en-18-al,XIC,eTargetCompound,C20H30O,,,ESI,5000,,0,,287.23694,M+H,+,1,0,120,,,,,309.21889,M+Na,+,1,0,60,,,,,304.26349,M+NH4,+,1,0,60,,,,,285.22239,M-H,-,1,0,60,,,
Levopimarinal,XIC,eTargetCompound,C20H30O,,,ESI,5000,,0,,287.23694,M+H,+,1,0,120,,,,,309.21889,M+Na,+,1,0,60,,,,,304.26349,M+NH4,+,1,0,60,,,,,285.22239,M-H,-,1,0,60,,,
Neoabietal,XIC,eTargetCompound,C20H30O,,,ESI,5000,,0,,287.23694,M+H,+,1,0,120,,,,,309.21889,M+Na,+,1,0,60,,,,,304.26349,M+NH4,+,1,0,60,,,,,285.22239,M-H,-,1,0,60,,,
Retinol,XIC,eTargetCompound,C20H30O,,,ESI,5000,,0,,287.23694,M+H,+,1,0,120,,,,,309.21889,M+Na,+,1,0,60,,,,,304.26349,M+NH4,+,1,0,60,,,,,285.22239,M-H,-,1,0,60,,,
"N1,N12-Diacetylspermine",XIC,eTargetCompound,C14H30N4O2,,,ESI,5000,,0,,287.24415,M+H,+,1,0,120,,,,,309.2261,M+Na,+,1,0,60,,,,,304.2707,M+NH4,+,1,0,60,,,,,285.2296,M-H,-,1,0,60,,,
AminoDAHP,XIC,eTargetCompound,C7H14NO9P,,,ESI,5000,,0,,288.04789,M+H,+,1,0,120,,,,,310.02984,M+Na,+,1,0,60,,,,,305.07444,M+NH4,+,1,0,60,,,,,286.03334,M-H,-,1,0,60,,,
Indoleglycerol phosphate,XIC,eTargetCompound,C11H14NO6P,,,ESI,5000,,0,,288.06315,M+H,+,1,0,120,,,,,310.04509,M+Na,+,1,0,60,,,,,305.0897,M+NH4,+,1,0,60,,,,,286.0486,M-H,-,1,0,60,,,
"(R,S)-Norlaudanosoline",XIC,eTargetCompound,C16H17NO4,,,ESI,5000,,0,,288.12303,M+H,+,1,0,120,,,,,310.10498,M+Na,+,1,0,60,,,,,305.14958,M+NH4,+,1,0,60,,,,,286.10848,M-H,-,1,0,60,,,
(S)-Norlaudanosoline,XIC,eTargetCompound,C16H17NO4,,,ESI,5000,,0,,288.12303,M+H,+,1,0,120,,,,,310.10498,M+Na,+,1,0,60,,,,,305.14958,M+NH4,+,1,0,60,,,,,286.10848,M-H,-,1,0,60,,,
L-Octanoylcarnitine,XIC,eTargetCompound,C15H29NO4,,,ESI,5000,,0,,288.21693,M+H,+,1,0,120,,,,,310.19888,M+Na,+,1,0,60,,,,,305.24348,M+NH4,+,1,0,60,,,,,286.20238,M-H,-,1,0,60,,,
Octanoylcarnitine,XIC,eTargetCompound,C15H29NO4,,,ESI,5000,,0,,288.21693,M+H,+,1,0,120,,,,,310.19888,M+Na,+,1,0,60,,,,,305.24348,M+NH4,+,1,0,60,,,,,286.20238,M-H,-,1,0,60,,,
alpha-Hexachlorocyclohexane,XIC,eTargetCompound,C6H6Cl6,,,ESI,5000,,0,,288.86734,M+H,+,1,0,120,,,,,310.84929,M+Na,+,1,0,60,,,,,305.89389,M+NH4,+,1,0,60,,,,,286.85279,M-H,-,1,0,60,,,
2-Dehydro-3-deoxy-D-arabino-heptonate 7-phosphate,XIC,eTargetCompound,C7H13O10P,,,ESI,5000,,0,,289.03191,M+H,+,1,0,120,,,,,311.01385,M+Na,+,1,0,60,,,,,306.05846,M+NH4,+,1,0,60,,,,,287.01736,M-H,-,1,0,60,,,
Orotidine,XIC,eTargetCompound,C10H12N2O8,,,ESI,5000,,0,,289.06664,M+H,+,1,0,120,,,,,311.04859,M+Na,+,1,0,60,,,,,306.09319,M+NH4,+,1,0,60,,,,,287.05209,M-H,-,1,0,60,,,
(+-)-Dalbergioidin,XIC,eTargetCompound,C15H12O6,,,ESI,5000,,0,,289.07066,M+H,+,1,0,120,,,,,311.05261,M+Na,+,1,0,60,,,,,306.09721,M+NH4,+,1,0,60,,,,,287.05611,M-H,-,1,0,60,,,
"[Fv hydroxy(5:0)] 3,4,2',4',6'-Pentahydroxychalcone",XIC,eTargetCompound,C15H12O6,,,ESI,5000,,0,,289.07066,M+H,+,1,0,120,,,,,311.05261,M+Na,+,1,0,60,,,,,306.09721,M+NH4,+,1,0,60,,,,,287.05611,M-H,-,1,0,60,,,
"2,6,7,4'-Tetrahydroxyisoflavanone",XIC,eTargetCompound,C15H12O6,,,ESI,5000,,0,,289.07066,M+H,+,1,0,120,,,,,311.05261,M+Na,+,1,0,60,,,,,306.09721,M+NH4,+,1,0,60,,,,,287.05611,M-H,-,1,0,60,,,
"2-Hydroxy-2,3-dihydrogenistein",XIC,eTargetCompound,C15H12O6,,,ESI,5000,,0,,289.07066,M+H,+,1,0,120,,,,,311.05261,M+Na,+,1,0,60,,,,,306.09721,M+NH4,+,1,0,60,,,,,287.05611,M-H,-,1,0,60,,,
Dihydrokaempferol,XIC,eTargetCompound,C15H12O6,,,ESI,5000,,0,,289.07066,M+H,+,1,0,120,,,,,311.05261,M+Na,+,1,0,60,,,,,306.09721,M+NH4,+,1,0,60,,,,,287.05611,M-H,-,1,0,60,,,
Eriodictyol,XIC,eTargetCompound,C15H12O6,,,ESI,5000,,0,,289.07066,M+H,+,1,0,120,,,,,311.05261,M+Na,+,1,0,60,,,,,306.09721,M+NH4,+,1,0,60,,,,,287.05611,M-H,-,1,0,60,,,
5-Deoxodihydrokalafungin,XIC,eTargetCompound,C16H16O5,,,ESI,5000,,0,,289.10705,M+H,+,1,0,120,,,,,311.08899,M+Na,+,1,0,60,,,,,306.1336,M+NH4,+,1,0,60,,,,,287.0925,M-H,-,1,0,60,,,
"7,2'-Dihydroxy-4'-methoxy-isoflavanol",XIC,eTargetCompound,C16H16O5,,,ESI,5000,,0,,289.10705,M+H,+,1,0,120,,,,,311.08899,M+Na,+,1,0,60,,,,,306.1336,M+NH4,+,1,0,60,,,,,287.0925,M-H,-,1,0,60,,,
Alkannin,XIC,eTargetCompound,C16H16O5,,,ESI,5000,,0,,289.10705,M+H,+,1,0,120,,,,,311.08899,M+Na,+,1,0,60,,,,,306.1336,M+NH4,+,1,0,60,,,,,287.0925,M-H,-,1,0,60,,,
Sodiumlaurylsulfate,XIC,eTargetCompound,C12H25NaO4S,,,ESI,5000,,0,,289.1444,M+H,+,1,0,120,,,,,311.12635,M+Na,+,1,0,60,,,,,306.17095,M+NH4,+,1,0,60,,,,,287.12985,M-H,-,1,0,60,,,
"[ST (3:0)] estra-1,3,5(10)-triene-2,4,17beta-triol",XIC,eTargetCompound,C18H24O3,,,ESI,5000,,0,,289.17982,M+H,+,1,0,120,,,,,311.16177,M+Na,+,1,0,60,,,,,306.20637,M+NH4,+,1,0,60,,,,,287.16527,M-H,-,1,0,60,,,
"[ST (3:0)] estra-1,3,5(10)-triene-3,6beta,17beta-triol",XIC,eTargetCompound,C18H24O3,,,ESI,5000,,0,,289.17982,M+H,+,1,0,120,,,,,311.16177,M+Na,+,1,0,60,,,,,306.20637,M+NH4,+,1,0,60,,,,,287.16527,M-H,-,1,0,60,,,
2-Hydroxyestradiol,XIC,eTargetCompound,C18H24O3,,,ESI,5000,,0,,289.17982,M+H,+,1,0,120,,,,,311.16177,M+Na,+,1,0,60,,,,,306.20637,M+NH4,+,1,0,60,,,,,287.16527,M-H,-,1,0,60,,,
"[ST (2:0)] 5alpha-androstane-3,17-dione",XIC,eTargetCompound,C19H28O2,,,ESI,5000,,0,,289.21621,M+H,+,1,0,120,,,,,311.19815,M+Na,+,1,0,60,,,,,306.24276,M+NH4,+,1,0,60,,,,,287.20165,M-H,-,1,0,60,,,
"[ST (2:0)] 5beta-androstane-3,17-dione",XIC,eTargetCompound,C19H28O2,,,ESI,5000,,0,,289.21621,M+H,+,1,0,120,,,,,311.19815,M+Na,+,1,0,60,,,,,306.24276,M+NH4,+,1,0,60,,,,,287.20165,M-H,-,1,0,60,,,
[ST hydrox] 3beta-hydroxyandrost-5-en-17-one,XIC,eTargetCompound,C19H28O2,,,ESI,5000,,0,,289.21621,M+H,+,1,0,120,,,,,311.19815,M+Na,+,1,0,60,,,,,306.24276,M+NH4,+,1,0,60,,,,,287.20165,M-H,-,1,0,60,,,
"10,16-Dihydroxyhexadecanoic acid",XIC,eTargetCompound,C16H32O4,,,ESI,5000,,0,,289.23734,M+H,+,1,0,120,,,,,311.21928,M+Na,+,1,0,60,,,,,306.26389,M+NH4,+,1,0,60,,,,,287.22278,M-H,-,1,0,60,,,
" Taxa-4(20),11(12)-dien-5alpha-ol",XIC,eTargetCompound,C20H32O,,,ESI,5000,,0,,289.25259,M+H,+,1,0,120,,,,,311.23454,M+Na,+,1,0,60,,,,,306.27914,M+NH4,+,1,0,60,,,,,287.23804,M-H,-,1,0,60,,,
Abietinol,XIC,eTargetCompound,C20H32O,,,ESI,5000,,0,,289.25259,M+H,+,1,0,120,,,,,311.23454,M+Na,+,1,0,60,,,,,306.27914,M+NH4,+,1,0,60,,,,,287.23804,M-H,-,1,0,60,,,
"all-trans-13,14-Dihydroretinol",XIC,eTargetCompound,C20H32O,,,ESI,5000,,0,,289.25259,M+H,+,1,0,120,,,,,311.23454,M+Na,+,1,0,60,,,,,306.27914,M+NH4,+,1,0,60,,,,,287.23804,M-H,-,1,0,60,,,
Kaur-16-en-18-ol,XIC,eTargetCompound,C20H32O,,,ESI,5000,,0,,289.25259,M+H,+,1,0,120,,,,,311.23454,M+Na,+,1,0,60,,,,,306.27914,M+NH4,+,1,0,60,,,,,287.23804,M-H,-,1,0,60,,,
Levopimarinol,XIC,eTargetCompound,C20H32O,,,ESI,5000,,0,,289.25259,M+H,+,1,0,120,,,,,311.23454,M+Na,+,1,0,60,,,,,306.27914,M+NH4,+,1,0,60,,,,,287.23804,M-H,-,1,0,60,,,
Neoabietinol,XIC,eTargetCompound,C20H32O,,,ESI,5000,,0,,289.25259,M+H,+,1,0,120,,,,,311.23454,M+Na,+,1,0,60,,,,,306.27914,M+NH4,+,1,0,60,,,,,287.23804,M-H,-,1,0,60,,,
N-Succinyl-2-L-amino-6-oxoheptanedioate,XIC,eTargetCompound,C11H15NO8,,,ESI,5000,,0,,290.08704,M+H,+,1,0,120,,,,,312.06899,M+Na,+,1,0,60,,,,,307.11359,M+NH4,+,1,0,60,,,,,288.07249,M-H,-,1,0,60,,,
"2-Amino-4-oxo-6-(1',2',3'-trihydroxypropyl)-diquinoid-7,8- dihydroxypterin",XIC,eTargetCompound,C9H15N5O6,,,ESI,5000,,0,,290.10951,M+H,+,1,0,120,,,,,312.09145,M+Na,+,1,0,60,,,,,307.13606,M+NH4,+,1,0,60,,,,,288.09496,M-H,-,1,0,60,,,
Atropine,XIC,eTargetCompound,C17H23NO3,,,ESI,5000,,0,,290.17507,M+H,+,1,0,120,,,,,312.15701,M+Na,+,1,0,60,,,,,307.20162,M+NH4,+,1,0,60,,,,,288.16052,M-H,-,1,0,60,,,
L-Hyoscyamine,XIC,eTargetCompound,C17H23NO3,,,ESI,5000,,0,,290.17507,M+H,+,1,0,120,,,,,312.15701,M+Na,+,1,0,60,,,,,307.20162,M+NH4,+,1,0,60,,,,,288.16052,M-H,-,1,0,60,,,
Littorine,XIC,eTargetCompound,C17H23NO3,,,ESI,5000,,0,,290.17507,M+H,+,1,0,120,,,,,312.15701,M+Na,+,1,0,60,,,,,307.20162,M+NH4,+,1,0,60,,,,,288.16052,M-H,-,1,0,60,,,
AS002_Sedoheptulose_7-phosphate,XIC,eTargetCompound,,,,None,0,,,,,,,,,,,,,,,,,,,,,,,,,,,,,,,,,,289.033,M-,-,1,21.43,50,,,
D-glycero-D-manno-Heptose 1-phosphate,XIC,eTargetCompound,C7H15O10P,,,ESI,5000,,0,,291.04756,M+H,+,1,0,120,,,,,313.0295,M+Na,+,1,0,60,,,,,308.07411,M+NH4,+,1,0,60,,,,,289.03301,M-H,-,1,0,60,,,
D-glycero-D-manno-Heptose 7-phosphate,XIC,eTargetCompound,C7H15O10P,,,ESI,5000,,0,,291.04756,M+H,+,1,0,120,,,,,313.0295,M+Na,+,1,0,60,,,,,308.07411,M+NH4,+,1,0,60,,,,,289.03301,M-H,-,1,0,60,,,
D-Sedoheptulose 7-phosphate,XIC,eTargetCompound,C7H15O10P,,,ESI,5000,,0,,291.04756,M+H,+,1,0,120,,,,,313.0295,M+Na,+,1,0,60,,,,,308.07411,M+NH4,+,1,0,60,,,,,289.03301,M-H,-,1,0,60,,,
Catechin,XIC,eTargetCompound,C15H14O6,,,ESI,5000,,0,,291.08631,M+H,+,1,0,120,,,,,313.06826,M+Na,+,1,0,60,,,,,308.11286,M+NH4,+,1,0,60,,,,,289.07176,M-H,-,1,0,60,,,
"cis-3,4-Leucopelargonidin",XIC,eTargetCompound,C15H14O6,,,ESI,5000,,0,,291.08631,M+H,+,1,0,120,,,,,313.06826,M+Na,+,1,0,60,,,,,308.11286,M+NH4,+,1,0,60,,,,,289.07176,M-H,-,1,0,60,,,
Epicatechin,XIC,eTargetCompound,C15H14O6,,,ESI,5000,,0,,291.08631,M+H,+,1,0,120,,,,,313.06826,M+Na,+,1,0,60,,,,,308.11286,M+NH4,+,1,0,60,,,,,289.07176,M-H,-,1,0,60,,,
Luteoforol,XIC,eTargetCompound,C15H14O6,,,ESI,5000,,0,,291.08631,M+H,+,1,0,120,,,,,313.06826,M+Na,+,1,0,60,,,,,308.11286,M+NH4,+,1,0,60,,,,,289.07176,M-H,-,1,0,60,,,
N2-Malonyl-D-tryptophan,XIC,eTargetCompound,C14H14N2O5,,,ESI,5000,,0,,291.09755,M+H,+,1,0,120,,,,,313.07949,M+Na,+,1,0,60,,,,,308.1241,M+NH4,+,1,0,60,,,,,289.08299,M-H,-,1,0,60,,,
"N-Succinyl-LL-2,6-diaminoheptanedioate",XIC,eTargetCompound,C11H18N2O7,,,ESI,5000,,0,,291.11868,M+H,+,1,0,120,,,,,313.10062,M+Na,+,1,0,60,,,,,308.14523,M+NH4,+,1,0,60,,,,,289.10412,M-H,-,1,0,60,,,
Argininosuccinic acid ,XIC,eTargetCompound,C10H18N4O6,,,ESI,5000,,0,,291.12991,M+H,+,1,0,120,,,,,313.11186,M+Na,+,1,0,60,,,,,308.15646,M+NH4,+,1,0,60,,,,,289.11536,M-H,-,1,0,60,,,
AA004_Arginosuccinate,XIC,eTargetCompound,,,,None,0,,,,,,,,,,,,,,,,,,,,,,,,,,,,,,,,,,289.1154,M-,-,1,12.95,30,,,
[ST hydrox] 17beta-hydroxy-5beta-androstan-3-one,XIC,eTargetCompound,C19H30O2,,,ESI,5000,,0,,291.23186,M+H,+,1,0,120,,,,,313.2138,M+Na,+,1,0,60,,,,,308.25841,M+NH4,+,1,0,60,,,,,289.2173,M-H,-,1,0,60,,,
[ST hydrox] 3alpha-hydroxy-5alpha-androstan-17-one,XIC,eTargetCompound,C19H30O2,,,ESI,5000,,0,,291.23186,M+H,+,1,0,120,,,,,313.2138,M+Na,+,1,0,60,,,,,308.25841,M+NH4,+,1,0,60,,,,,289.2173,M-H,-,1,0,60,,,
[ST hydrox] 3alpha-hydroxy-5beta-androstan-17-one,XIC,eTargetCompound,C19H30O2,,,ESI,5000,,0,,291.23186,M+H,+,1,0,120,,,,,313.2138,M+Na,+,1,0,60,,,,,308.25841,M+NH4,+,1,0,60,,,,,289.2173,M-H,-,1,0,60,,,
16-Oxosteroid,XIC,eTargetCompound,C19H30O2,,,ESI,5000,,0,,291.23186,M+H,+,1,0,120,,,,,313.2138,M+Na,+,1,0,60,,,,,308.25841,M+NH4,+,1,0,60,,,,,289.2173,M-H,-,1,0,60,,,
17beta-Hydroxyandrostan-3-one,XIC,eTargetCompound,C19H30O2,,,ESI,5000,,0,,291.23186,M+H,+,1,0,120,,,,,313.2138,M+Na,+,1,0,60,,,,,308.25841,M+NH4,+,1,0,60,,,,,289.2173,M-H,-,1,0,60,,,
4-Androstenediol,XIC,eTargetCompound,C19H30O2,,,ESI,5000,,0,,291.23186,M+H,+,1,0,120,,,,,313.2138,M+Na,+,1,0,60,,,,,308.25841,M+NH4,+,1,0,60,,,,,289.2173,M-H,-,1,0,60,,,
"Androst-5-ene-3beta,17beta-diol",XIC,eTargetCompound,C19H30O2,,,ESI,5000,,0,,291.23186,M+H,+,1,0,120,,,,,313.2138,M+Na,+,1,0,60,,,,,308.25841,M+NH4,+,1,0,60,,,,,289.2173,M-H,-,1,0,60,,,
Trans-Androsterone; Epiandrosterone,XIC,eTargetCompound,C19H30O2,,,ESI,5000,,0,,291.23186,M+H,+,1,0,120,,,,,313.2138,M+Na,+,1,0,60,,,,,308.25841,M+NH4,+,1,0,60,,,,,289.2173,M-H,-,1,0,60,,,
Geranylgeraniol,XIC,eTargetCompound,C20H34O,,,ESI,5000,,0,,291.26824,M+H,+,1,0,120,,,,,313.25019,M+Na,+,1,0,60,,,,,308.29479,M+NH4,+,1,0,60,,,,,289.25369,M-H,-,1,0,60,,,
AS002_13C1_Sedoheptulose_7-phosphate,XIC,eTargetCompound,,,,None,0,,,,,,,,,,,,,,,,,,,,,,,,,,,,,,,,,,290.0363,M-,-,1,21.43,60,,,
"2,7-Anhydro-alpha-N-acetylneuraminic acid",XIC,eTargetCompound,C11H17NO8,,,ESI,5000,,0,,292.10269,M+H,+,1,0,120,,,,,314.08464,M+Na,+,1,0,60,,,,,309.12924,M+NH4,+,1,0,60,,,,,290.08814,M-H,-,1,0,60,,,
S-(2-Methylbutanoyl)-dihydrolipoamide,XIC,eTargetCompound,C13H25NO2S2,,,ESI,5000,,0,,292.13995,M+H,+,1,0,120,,,,,314.12189,M+Na,+,1,0,60,,,,,309.1665,M+NH4,+,1,0,60,,,,,290.12539,M-H,-,1,0,60,,,
S-(3-Methylbutanoyl)-dihydrolipoamide,XIC,eTargetCompound,C13H25NO2S2,,,ESI,5000,,0,,292.13995,M+H,+,1,0,120,,,,,314.12189,M+Na,+,1,0,60,,,,,309.1665,M+NH4,+,1,0,60,,,,,290.12539,M-H,-,1,0,60,,,
"(+/-)-5-[(tert-Butylamino)-2'-hydroxypropoxy]-3,4-dihydro-1(2H)- naphthalenone",XIC,eTargetCompound,C17H25NO3,,,ESI,5000,,0,,292.19072,M+H,+,1,0,120,,,,,314.17266,M+Na,+,1,0,60,,,,,309.21727,M+NH4,+,1,0,60,,,,,290.17617,M-H,-,1,0,60,,,
"5-(3-Hydroxy-4-acetoxybut-1-ynyl)-2,2'-bithiophene",XIC,eTargetCompound,C14H12O3S2,,,ESI,5000,,0,,293.03006,M+H,+,1,0,120,,,,,315.01201,M+Na,+,1,0,60,,,,,310.05661,M+NH4,+,1,0,60,,,,,291.01551,M-H,-,1,0,60,,,
AS002_13C2_Sedoheptulose_7-phosphate,XIC,eTargetCompound,,,,None,0,,,,,,,,,,,,,,,,,,,,,,,,,,,,,,,,,,291.0397,M-,-,1,27.24,60,,,
16-Epivellosimine,XIC,eTargetCompound,C19H20N2O,,,ESI,5000,,0,,293.16484,M+H,+,1,0,120,,,,,315.14678,M+Na,+,1,0,60,,,,,310.19139,M+NH4,+,1,0,60,,,,,291.15029,M-H,-,1,0,60,,,
cinchoninone,XIC,eTargetCompound,C19H20N2O,,,ESI,5000,,0,,293.16484,M+H,+,1,0,120,,,,,315.14678,M+Na,+,1,0,60,,,,,310.19139,M+NH4,+,1,0,60,,,,,291.15029,M-H,-,1,0,60,,,
Vellosimine,XIC,eTargetCompound,C19H20N2O,,,ESI,5000,,0,,293.16484,M+H,+,1,0,120,,,,,315.14678,M+Na,+,1,0,60,,,,,310.19139,M+NH4,+,1,0,60,,,,,291.15029,M-H,-,1,0,60,,,
"(9Z,15Z)-(13S)-12,13-Epoxyoctadeca-9,11,15-trienoic acid",XIC,eTargetCompound,C18H28O3,,,ESI,5000,,0,,293.21112,M+H,+,1,0,120,,,,,315.19307,M+Na,+,1,0,60,,,,,310.23767,M+NH4,+,1,0,60,,,,,291.19657,M-H,-,1,0,60,,,
12-OPDA,XIC,eTargetCompound,C18H28O3,,,ESI,5000,,0,,293.21112,M+H,+,1,0,120,,,,,315.19307,M+Na,+,1,0,60,,,,,310.23767,M+NH4,+,1,0,60,,,,,291.19657,M-H,-,1,0,60,,,
"9,10-EOT",XIC,eTargetCompound,C18H28O3,,,ESI,5000,,0,,293.21112,M+H,+,1,0,120,,,,,315.19307,M+Na,+,1,0,60,,,,,310.23767,M+NH4,+,1,0,60,,,,,291.19657,M-H,-,1,0,60,,,
Colnelenic acid,XIC,eTargetCompound,C18H28O3,,,ESI,5000,,0,,293.21112,M+H,+,1,0,120,,,,,315.19307,M+Na,+,1,0,60,,,,,310.23767,M+NH4,+,1,0,60,,,,,291.19657,M-H,-,1,0,60,,,
"[ST (2:0)] androstan-3beta,17beta-diol",XIC,eTargetCompound,C19H32O2,,,ESI,5000,,0,,293.24751,M+H,+,1,0,120,,,,,315.22945,M+Na,+,1,0,60,,,,,310.27406,M+NH4,+,1,0,60,,,,,291.23295,M-H,-,1,0,60,,,
16alpha-Hydroxysteroid,XIC,eTargetCompound,C19H32O2,,,ESI,5000,,0,,293.24751,M+H,+,1,0,120,,,,,315.22945,M+Na,+,1,0,60,,,,,310.27406,M+NH4,+,1,0,60,,,,,291.23295,M-H,-,1,0,60,,,
16beta-Hydroxysteroid,XIC,eTargetCompound,C19H32O2,,,ESI,5000,,0,,293.24751,M+H,+,1,0,120,,,,,315.22945,M+Na,+,1,0,60,,,,,310.27406,M+NH4,+,1,0,60,,,,,291.23295,M-H,-,1,0,60,,,
"Androstan-3alpha,17beta-diol",XIC,eTargetCompound,C19H32O2,,,ESI,5000,,0,,293.24751,M+H,+,1,0,120,,,,,315.22945,M+Na,+,1,0,60,,,,,310.27406,M+NH4,+,1,0,60,,,,,291.23295,M-H,-,1,0,60,,,
AS002_13C3_Sedoheptulose_7-phosphate,XIC,eTargetCompound,,,,None,0,,,,,,,,,,,,,,,,,,,,,,,,,,,,,,,,,,292.043,M-,-,1,27.12,60,,,
S-(indolylmethylthiohydroximoyl)-L-cysteine,XIC,eTargetCompound,C13H15N3O3S,,,ESI,5000,,0,,294.09069,M+H,+,1,0,120,,,,,316.07263,M+Na,+,1,0,60,,,,,311.11724,M+NH4,+,1,0,60,,,,,292.07614,M-H,-,1,0,60,,,
N-Acetylmuramate,XIC,eTargetCompound,C11H19NO8,,,ESI,5000,,0,,294.11834,M+H,+,1,0,120,,,,,316.10029,M+Na,+,1,0,60,,,,,311.14489,M+NH4,+,1,0,60,,,,,292.10379,M-H,-,1,0,60,,,
N-Acetylmuramic acid ,XIC,eTargetCompound,C11H19NO8,,,ESI,5000,,0,,294.11834,M+H,+,1,0,120,,,,,316.10029,M+Na,+,1,0,60,,,,,311.14489,M+NH4,+,1,0,60,,,,,292.10379,M-H,-,1,0,60,,,
"(+/-)-5-[(tert-Butylamino)-2'-hydroxypropoxy]-1,2,3,4-tetrahydro-1- naphthol",XIC,eTargetCompound,C17H27NO3,,,ESI,5000,,0,,294.20637,M+H,+,1,0,120,,,,,316.18831,M+Na,+,1,0,60,,,,,311.23292,M+NH4,+,1,0,60,,,,,292.19182,M-H,-,1,0,60,,,
AS002_13C4_Sedoheptulose_7-phosphate,XIC,eTargetCompound,,,,None,0,,,,,,,,,,,,,,,,,,,,,,,,,,,,,,,,,,293.0464,M-,-,1,24.65,60,,,
Pyrimidine 5'-nucleotide,XIC,eTargetCompound,C9H15N2O7P,,,ESI,5000,,0,,295.06896,M+H,+,1,0,120,,,,,317.05091,M+Na,+,1,0,60,,,,,312.09551,M+NH4,+,1,0,60,,,,,293.05441,M-H,-,1,0,60,,,
10-Deoxysarpagine,XIC,eTargetCompound,C19H22N2O,,,ESI,5000,,0,,295.18049,M+H,+,1,0,120,,,,,317.16243,M+Na,+,1,0,60,,,,,312.20704,M+NH4,+,1,0,60,,,,,293.16594,M-H,-,1,0,60,,,
Cinchonidine,XIC,eTargetCompound,C19H22N2O,,,ESI,5000,,0,,295.18049,M+H,+,1,0,120,,,,,317.16243,M+Na,+,1,0,60,,,,,312.20704,M+NH4,+,1,0,60,,,,,293.16594,M-H,-,1,0,60,,,
Cinchonine,XIC,eTargetCompound,C19H22N2O,,,ESI,5000,,0,,295.18049,M+H,+,1,0,120,,,,,317.16243,M+Na,+,1,0,60,,,,,312.20704,M+NH4,+,1,0,60,,,,,293.16594,M-H,-,1,0,60,,,
[6]-Gingerol,XIC,eTargetCompound,C17H26O4,,,ESI,5000,,0,,295.19039,M+H,+,1,0,120,,,,,317.17233,M+Na,+,1,0,60,,,,,312.21693,M+NH4,+,1,0,60,,,,,293.17583,M-H,-,1,0,60,,,
"(9Z)-(13S)-12,13-Epoxyoctadeca-9,11-dienoic acid",XIC,eTargetCompound,C18H30O3,,,ESI,5000,,0,,295.22677,M+H,+,1,0,120,,,,,317.20872,M+Na,+,1,0,60,,,,,312.25332,M+NH4,+,1,0,60,,,,,293.21222,M-H,-,1,0,60,,,
"[FA (18:2)] 13-keto-9Z,11E-octadecadienoic acid",XIC,eTargetCompound,C18H30O3,,,ESI,5000,,0,,295.22677,M+H,+,1,0,120,,,,,317.20872,M+Na,+,1,0,60,,,,,312.25332,M+NH4,+,1,0,60,,,,,293.21222,M-H,-,1,0,60,,,
"[FA oxo(18:2)] 9-oxo-10E,12Z-octadecadienoic acid",XIC,eTargetCompound,C18H30O3,,,ESI,5000,,0,,295.22677,M+H,+,1,0,120,,,,,317.20872,M+Na,+,1,0,60,,,,,312.25332,M+NH4,+,1,0,60,,,,,293.21222,M-H,-,1,0,60,,,
"[FA oxo(5:1/5:0/8:0)] (1S,2S)-3-oxo-2-(2'Z-pentenyl)-cyclopentaneoctanoic acid",XIC,eTargetCompound,C18H30O3,,,ESI,5000,,0,,295.22677,M+H,+,1,0,120,,,,,317.20872,M+Na,+,1,0,60,,,,,312.25332,M+NH4,+,1,0,60,,,,,293.21222,M-H,-,1,0,60,,,
17-Hydroxylinolenicacid,XIC,eTargetCompound,C18H30O3,,,ESI,5000,,0,,295.22677,M+H,+,1,0,120,,,,,317.20872,M+Na,+,1,0,60,,,,,312.25332,M+NH4,+,1,0,60,,,,,293.21222,M-H,-,1,0,60,,,
"[FA methyl(18:0)] 9,10-methylene-9-octadecenoic acid",XIC,eTargetCompound,C19H34O2,,,ESI,5000,,0,,295.26316,M+H,+,1,0,120,,,,,317.2451,M+Na,+,1,0,60,,,,,312.28971,M+NH4,+,1,0,60,,,,,293.2486,M-H,-,1,0,60,,,
Aminoimidazole ribotide,XIC,eTargetCompound,C8H14N3O7P,,,ESI,5000,,0,,296.06421,M+H,+,1,0,120,,,,,318.04616,M+Na,+,1,0,60,,,,,313.09076,M+NH4,+,1,0,60,,,,,294.04966,M-H,-,1,0,60,,,
AS002_13C5_Sedoheptulose_7-phosphate,XIC,eTargetCompound,,,,None,0,,,,,,,,,,,,,,,,,,,,,,,,,,,,,,,,,,294.0497,M-,-,1,24.68,30,,,
(R)-Prunasin,XIC,eTargetCompound,C14H17NO6,,,ESI,5000,,0,,296.11286,M+H,+,1,0,120,,,,,318.09481,M+Na,+,1,0,60,,,,,313.13941,M+NH4,+,1,0,60,,,,,294.09831,M-H,-,1,0,60,,,
Indican,XIC,eTargetCompound,C14H17NO6,,,ESI,5000,,0,,296.11286,M+H,+,1,0,120,,,,,318.09481,M+Na,+,1,0,60,,,,,313.13941,M+NH4,+,1,0,60,,,,,294.09831,M-H,-,1,0,60,,,
Phaseolic acid,XIC,eTargetCompound,C13H12O8,,,ESI,5000,,0,,297.06049,M+H,+,1,0,120,,,,,319.04244,M+Na,+,1,0,60,,,,,314.08704,M+NH4,+,1,0,60,,,,,295.04594,M-H,-,1,0,60,,,
AS002_13C6_Sedoheptulose_7-phosphate,XIC,eTargetCompound,,,,None,0,,,,,,,,,,,,,,,,,,,,,,,,,,,,,,,,,,295.0531,M-,-,1,32.2,20,,,
Aspulvinone E,XIC,eTargetCompound,C17H12O5,,,ESI,5000,,0,,297.07575,M+H,+,1,0,120,,,,,319.05769,M+Na,+,1,0,60,,,,,314.1023,M+NH4,+,1,0,60,,,,,295.0612,M-H,-,1,0,60,,,
dehypoxanthine futalosine,XIC,eTargetCompound,C14H16O7,,,ESI,5000,,0,,297.09688,M+H,+,1,0,120,,,,,319.07882,M+Na,+,1,0,60,,,,,314.12343,M+NH4,+,1,0,60,,,,,295.08233,M-H,-,1,0,60,,,
4-Nitrophenyl-3-ketovalidamine,XIC,eTargetCompound,C13H16N2O6,,,ESI,5000,,0,,297.10811,M+H,+,1,0,120,,,,,319.09006,M+Na,+,1,0,60,,,,,314.13466,M+NH4,+,1,0,60,,,,,295.09356,M-H,-,1,0,60,,,
17a-Ethynylestradiol,XIC,eTargetCompound,C20H24O2,,,ESI,5000,,0,,297.18491,M+H,+,1,0,120,,,,,319.16685,M+Na,+,1,0,60,,,,,314.21146,M+NH4,+,1,0,60,,,,,295.17035,M-H,-,1,0,60,,,
Cinchonine; Hydrocinchonine,XIC,eTargetCompound,C19H24N2O,,,ESI,5000,,0,,297.19614,M+H,+,1,0,120,,,,,319.17808,M+Na,+,1,0,60,,,,,314.22269,M+NH4,+,1,0,60,,,,,295.18159,M-H,-,1,0,60,,,
"[FA (18:0)] 12R,13S-epoxy-9Z-octadecenoic acid",XIC,eTargetCompound,C18H32O3,,,ESI,5000,,0,,297.24242,M+H,+,1,0,120,,,,,319.22437,M+Na,+,1,0,60,,,,,314.26897,M+NH4,+,1,0,60,,,,,295.22787,M-H,-,1,0,60,,,
"[FA (18:0)] 9R,10S-epoxy-12Z-octadecenoic acid",XIC,eTargetCompound,C18H32O3,,,ESI,5000,,0,,297.24242,M+H,+,1,0,120,,,,,319.22437,M+Na,+,1,0,60,,,,,314.26897,M+NH4,+,1,0,60,,,,,295.22787,M-H,-,1,0,60,,,
"[FA hydroxy(18:2)] 13S-hydroxy-9Z,11E-octadecadienoic acid",XIC,eTargetCompound,C18H32O3,,,ESI,5000,,0,,297.24242,M+H,+,1,0,120,,,,,319.22437,M+Na,+,1,0,60,,,,,314.26897,M+NH4,+,1,0,60,,,,,295.22787,M-H,-,1,0,60,,,
"[FA hydroxy(18:2)] 9S-hydroxy-10E,12Z-octadecadienoic acid",XIC,eTargetCompound,C18H32O3,,,ESI,5000,,0,,297.24242,M+H,+,1,0,120,,,,,319.22437,M+Na,+,1,0,60,,,,,314.26897,M+NH4,+,1,0,60,,,,,295.22787,M-H,-,1,0,60,,,
"[FA methyl(18:0)] 11R,12S-methylene-octadecanoic acid",XIC,eTargetCompound,C19H36O2,,,ESI,5000,,0,,297.27881,M+H,+,1,0,120,,,,,319.26075,M+Na,+,1,0,60,,,,,314.30536,M+NH4,+,1,0,60,,,,,295.26425,M-H,-,1,0,60,,,
"[PR tetramethyl(4:0/16:1)] 3R,7R,11R,15-tetramethyl-2E-hexadecen-1-ol",XIC,eTargetCompound,C20H40O,,,ESI,5000,,0,,297.31519,M+H,+,1,0,120,,,,,319.29714,M+Na,+,1,0,60,,,,,314.34174,M+NH4,+,1,0,60,,,,,295.30064,M-H,-,1,0,60,,,
AS002_13C7_Sedoheptulose_7-phosphate,XIC,eTargetCompound,,,,None,0,,,,,,,,,,,,,,,,,,,,,,,,,,,,,,,,,,296.0564,M-,-,1,26,30,,,
5'-Methylthioadenosine,XIC,eTargetCompound,C11H15N5O3S,,,ESI,5000,,0,,298.09684,M+H,+,1,0,120,,,,,320.07878,M+Na,+,1,0,60,,,,,315.12339,M+NH4,+,1,0,60,,,,,296.08228,M-H,-,1,0,60,,,
2-Methylguanosine,XIC,eTargetCompound,C11H15N5O5,,,ESI,5000,,0,,298.1146,M+H,+,1,0,120,,,,,320.09654,M+Na,+,1,0,60,,,,,315.14114,M+NH4,+,1,0,60,,,,,296.10004,M-H,-,1,0,60,,,
2'-O-Methylguanosine,XIC,eTargetCompound,C11H15N5O5,,,ESI,5000,,0,,298.1146,M+H,+,1,0,120,,,,,320.09654,M+Na,+,1,0,60,,,,,315.14114,M+NH4,+,1,0,60,,,,,296.10004,M-H,-,1,0,60,,,
Psicofuranin,XIC,eTargetCompound,C11H15N5O5,,,ESI,5000,,0,,298.1146,M+H,+,1,0,120,,,,,320.09654,M+Na,+,1,0,60,,,,,315.14114,M+NH4,+,1,0,60,,,,,296.10004,M-H,-,1,0,60,,,
Phenethylamineglucuronide,XIC,eTargetCompound,C14H19NO6,,,ESI,5000,,0,,298.12851,M+H,+,1,0,120,,,,,320.11046,M+Na,+,1,0,60,,,,,315.15506,M+NH4,+,1,0,60,,,,,296.11396,M-H,-,1,0,60,,,
"7,8-Didehydro-4,5-epoxy-3-methoxy-17-methoxy-(5_)-morphinan-6-one",XIC,eTargetCompound,C18H19NO3,,,ESI,5000,,0,,298.14377,M+H,+,1,0,120,,,,,320.12571,M+Na,+,1,0,60,,,,,315.17032,M+NH4,+,1,0,60,,,,,296.12922,M-H,-,1,0,60,,,
Neopinone,XIC,eTargetCompound,C18H19NO3,,,ESI,5000,,0,,298.14377,M+H,+,1,0,120,,,,,320.12571,M+Na,+,1,0,60,,,,,315.17032,M+NH4,+,1,0,60,,,,,296.12922,M-H,-,1,0,60,,,
Oripavine,XIC,eTargetCompound,C18H19NO3,,,ESI,5000,,0,,298.14377,M+H,+,1,0,120,,,,,320.12571,M+Na,+,1,0,60,,,,,315.17032,M+NH4,+,1,0,60,,,,,296.12922,M-H,-,1,0,60,,,
N-(3-Oxododecanoyl)homoserine lactone,XIC,eTargetCompound,C16H27NO4,,,ESI,5000,,0,,298.20128,M+H,+,1,0,120,,,,,320.18323,M+Na,+,1,0,60,,,,,315.22783,M+NH4,+,1,0,60,,,,,296.18673,M-H,-,1,0,60,,,
Tridemorph,XIC,eTargetCompound,C19H39NO,,,ESI,5000,,0,,298.31044,M+H,+,1,0,120,,,,,320.29239,M+Na,+,1,0,60,,,,,315.33699,M+NH4,+,1,0,60,,,,,296.29589,M-H,-,1,0,60,,,
"2',7-Dihydroxy-4',5'-methylenedioxyisoflavone",XIC,eTargetCompound,C16H10O6,,,ESI,5000,,0,,299.05501,M+H,+,1,0,120,,,,,321.03696,M+Na,+,1,0,60,,,,,316.08156,M+NH4,+,1,0,60,,,,,297.04046,M-H,-,1,0,60,,,
Benzoylglucuronide(Benzoicacid),XIC,eTargetCompound,C13H14O8,,,ESI,5000,,0,,299.07614,M+H,+,1,0,120,,,,,321.05809,M+Na,+,1,0,60,,,,,316.10269,M+NH4,+,1,0,60,,,,,297.06159,M-H,-,1,0,60,,,
Afrormosin,XIC,eTargetCompound,C17H14O5,,,ESI,5000,,0,,299.0914,M+H,+,1,0,120,,,,,321.07334,M+Na,+,1,0,60,,,,,316.11795,M+NH4,+,1,0,60,,,,,297.07685,M-H,-,1,0,60,,,
2-Phenylethanolglucuronide,XIC,eTargetCompound,C14H18O7,,,ESI,5000,,0,,299.11253,M+H,+,1,0,120,,,,,321.09447,M+Na,+,1,0,60,,,,,316.13908,M+NH4,+,1,0,60,,,,,297.09798,M-H,-,1,0,60,,,
7-Methylguanosine,XIC,eTargetCompound,C11H16N5O5,,,ESI,5000,,0,,299.12242,M+H,+,1,0,120,,,,,321.10436,M+Na,+,1,0,60,,,,,316.14897,M+NH4,+,1,0,60,,,,,297.10787,M-H,-,1,0,60,,,
Dibenzyl Succinate,XIC,eTargetCompound,C18H18O4,,,ESI,5000,,0,,299.12779,M+H,+,1,0,120,,,,,321.10973,M+Na,+,1,0,60,,,,,316.15433,M+NH4,+,1,0,60,,,,,297.11323,M-H,-,1,0,60,,,
2-Oxooctadecanoic acid,XIC,eTargetCompound,C18H34O3,,,ESI,5000,,0,,299.25807,M+H,+,1,0,120,,,,,321.24002,M+Na,+,1,0,60,,,,,316.28462,M+NH4,+,1,0,60,,,,,297.24352,M-H,-,1,0,60,,,
Nonadecanoicacid,XIC,eTargetCompound,C19H38O2,,,ESI,5000,,0,,299.29446,M+H,+,1,0,120,,,,,321.2764,M+Na,+,1,0,60,,,,,316.32101,M+NH4,+,1,0,60,,,,,297.2799,M-H,-,1,0,60,,,
D-4'-Phosphopantothenate,XIC,eTargetCompound,C9H18NO8P,,,ESI,5000,,0,,300.08428,M+H,+,1,0,120,,,,,322.06622,M+Na,+,1,0,60,,,,,317.11083,M+NH4,+,1,0,60,,,,,298.06973,M-H,-,1,0,60,,,
7-Methylxanthosine,XIC,eTargetCompound,C11H15N4O6,,,ESI,5000,,0,,300.10644,M+H,+,1,0,120,,,,,322.08838,M+Na,+,1,0,60,,,,,317.13298,M+NH4,+,1,0,60,,,,,298.09188,M-H,-,1,0,60,,,
(R)-N-Methylcoclaurine,XIC,eTargetCompound,C18H21NO3,,,ESI,5000,,0,,300.15942,M+H,+,1,0,120,,,,,322.14136,M+Na,+,1,0,60,,,,,317.18597,M+NH4,+,1,0,60,,,,,298.14487,M-H,-,1,0,60,,,
(S)-N-Methylcoclaurine,XIC,eTargetCompound,C18H21NO3,,,ESI,5000,,0,,300.15942,M+H,+,1,0,120,,,,,322.14136,M+Na,+,1,0,60,,,,,317.18597,M+NH4,+,1,0,60,,,,,298.14487,M-H,-,1,0,60,,,
Codeine,XIC,eTargetCompound,C18H21NO3,,,ESI,5000,,0,,300.15942,M+H,+,1,0,120,,,,,322.14136,M+Na,+,1,0,60,,,,,317.18597,M+NH4,+,1,0,60,,,,,298.14487,M-H,-,1,0,60,,,
[FA (16:2)] N-hexadecyl-ethanolamine,XIC,eTargetCompound,C18H37NO2,,,ESI,5000,,0,,300.28971,M+H,+,1,0,120,,,,,322.27165,M+Na,+,1,0,60,,,,,317.31626,M+NH4,+,1,0,60,,,,,298.27515,M-H,-,1,0,60,,,
[SP] 3-dehydrosphinganine,XIC,eTargetCompound,C18H37NO2,,,ESI,5000,,0,,300.28971,M+H,+,1,0,120,,,,,322.27165,M+Na,+,1,0,60,,,,,317.31626,M+NH4,+,1,0,60,,,,,298.27515,M-H,-,1,0,60,,,
[SP] Sphing-4-enine,XIC,eTargetCompound,C18H37NO2,,,ESI,5000,,0,,300.28971,M+H,+,1,0,120,,,,,322.27165,M+Na,+,1,0,60,,,,,317.31626,M+NH4,+,1,0,60,,,,,298.27515,M-H,-,1,0,60,,,
Cinnavalininate,XIC,eTargetCompound,C14H8N2O6,,,ESI,5000,,0,,301.04551,M+H,+,1,0,120,,,,,323.02746,M+Na,+,1,0,60,,,,,318.07206,M+NH4,+,1,0,60,,,,,299.03096,M-H,-,1,0,60,,,
(-)-Sophorol,XIC,eTargetCompound,C16H12O6,,,ESI,5000,,0,,301.07066,M+H,+,1,0,120,,,,,323.05261,M+Na,+,1,0,60,,,,,318.09721,M+NH4,+,1,0,60,,,,,299.05611,M-H,-,1,0,60,,,
(+)-6a-Hydroxymaackiain,XIC,eTargetCompound,C16H12O6,,,ESI,5000,,0,,301.07066,M+H,+,1,0,120,,,,,323.05261,M+Na,+,1,0,60,,,,,318.09721,M+NH4,+,1,0,60,,,,,299.05611,M-H,-,1,0,60,,,
"5,7,4'-Trihydroxy-3'-methoxyflavone",XIC,eTargetCompound,C16H12O6,,,ESI,5000,,0,,301.07066,M+H,+,1,0,120,,,,,323.05261,M+Na,+,1,0,60,,,,,318.09721,M+NH4,+,1,0,60,,,,,299.05611,M-H,-,1,0,60,,,
Diosmetin,XIC,eTargetCompound,C16H12O6,,,ESI,5000,,0,,301.07066,M+H,+,1,0,120,,,,,323.05261,M+Na,+,1,0,60,,,,,318.09721,M+NH4,+,1,0,60,,,,,299.05611,M-H,-,1,0,60,,,
Kaempferide,XIC,eTargetCompound,C16H12O6,,,ESI,5000,,0,,301.07066,M+H,+,1,0,120,,,,,323.05261,M+Na,+,1,0,60,,,,,318.09721,M+NH4,+,1,0,60,,,,,299.05611,M-H,-,1,0,60,,,
Peonidin,XIC,eTargetCompound,C16H12O6,,,ESI,5000,,0,,301.07066,M+H,+,1,0,120,,,,,323.05261,M+Na,+,1,0,60,,,,,318.09721,M+NH4,+,1,0,60,,,,,299.05611,M-H,-,1,0,60,,,
Pratensein,XIC,eTargetCompound,C16H12O6,,,ESI,5000,,0,,301.07066,M+H,+,1,0,120,,,,,323.05261,M+Na,+,1,0,60,,,,,318.09721,M+NH4,+,1,0,60,,,,,299.05611,M-H,-,1,0,60,,,
Urate-3-ribonucleoside,XIC,eTargetCompound,C10H12N4O7,,,ESI,5000,,0,,301.07788,M+H,+,1,0,120,,,,,323.05982,M+Na,+,1,0,60,,,,,318.10442,M+NH4,+,1,0,60,,,,,299.06332,M-H,-,1,0,60,,,
N1-Amidinostreptamine 6-phosphate,XIC,eTargetCompound,C7H17N4O7P,,,ESI,5000,,0,,301.09076,M+H,+,1,0,120,,,,,323.07271,M+Na,+,1,0,60,,,,,318.11731,M+NH4,+,1,0,60,,,,,299.07621,M-H,-,1,0,60,,,
4-(beta-D-Glucosyloxy)benzoate,XIC,eTargetCompound,C13H16O8,,,ESI,5000,,0,,301.09179,M+H,+,1,0,120,,,,,323.07374,M+Na,+,1,0,60,,,,,318.11834,M+NH4,+,1,0,60,,,,,299.07724,M-H,-,1,0,60,,,
"19-Oxoandrost-4-ene-3,17-dione",XIC,eTargetCompound,C19H24O3,,,ESI,5000,,0,,301.17982,M+H,+,1,0,120,,,,,323.16177,M+Na,+,1,0,60,,,,,318.20637,M+NH4,+,1,0,60,,,,,299.16527,M-H,-,1,0,60,,,
2-Methoxyestrone,XIC,eTargetCompound,C19H24O3,,,ESI,5000,,0,,301.17982,M+H,+,1,0,120,,,,,323.16177,M+Na,+,1,0,60,,,,,318.20637,M+NH4,+,1,0,60,,,,,299.16527,M-H,-,1,0,60,,,
Adrenosterone,XIC,eTargetCompound,C19H24O3,,,ESI,5000,,0,,301.17982,M+H,+,1,0,120,,,,,323.16177,M+Na,+,1,0,60,,,,,318.20637,M+NH4,+,1,0,60,,,,,299.16527,M-H,-,1,0,60,,,
9-cis-Retinoic acid,XIC,eTargetCompound,C20H28O2,,,ESI,5000,,0,,301.21621,M+H,+,1,0,120,,,,,323.19815,M+Na,+,1,0,60,,,,,318.24276,M+NH4,+,1,0,60,,,,,299.20165,M-H,-,1,0,60,,,
All-Trans Retinoic Acid,XIC,eTargetCompound,C20H28O2,,,ESI,5000,,0,,301.21621,M+H,+,1,0,120,,,,,323.19815,M+Na,+,1,0,60,,,,,318.24276,M+NH4,+,1,0,60,,,,,299.20165,M-H,-,1,0,60,,,
Dehydroabietic acid,XIC,eTargetCompound,C20H28O2,,,ESI,5000,,0,,301.21621,M+H,+,1,0,120,,,,,323.19815,M+Na,+,1,0,60,,,,,318.24276,M+NH4,+,1,0,60,,,,,299.20165,M-H,-,1,0,60,,,
Isotretinoin; 13-cis retinoic acid,XIC,eTargetCompound,C20H28O2,,,ESI,5000,,0,,301.21621,M+H,+,1,0,120,,,,,323.19815,M+Na,+,1,0,60,,,,,318.24276,M+NH4,+,1,0,60,,,,,299.20165,M-H,-,1,0,60,,,
(R)-10-Hydroxystearate,XIC,eTargetCompound,C18H36O3,,,ESI,5000,,0,,301.27372,M+H,+,1,0,120,,,,,323.25567,M+Na,+,1,0,60,,,,,318.30027,M+NH4,+,1,0,60,,,,,299.25917,M-H,-,1,0,60,,,
(R)-2-Hydroxystearate,XIC,eTargetCompound,C18H36O3,,,ESI,5000,,0,,301.27372,M+H,+,1,0,120,,,,,323.25567,M+Na,+,1,0,60,,,,,318.30027,M+NH4,+,1,0,60,,,,,299.25917,M-H,-,1,0,60,,,
[FA hydroxy(18:0)] 2S-hydroxy-octadecanoic acid,XIC,eTargetCompound,C18H36O3,,,ESI,5000,,0,,301.27372,M+H,+,1,0,120,,,,,323.25567,M+Na,+,1,0,60,,,,,318.30027,M+NH4,+,1,0,60,,,,,299.25917,M-H,-,1,0,60,,,
N-Acetyl-D-glucosamine 6-sulfate,XIC,eTargetCompound,C8H15NO9S,,,ESI,5000,,0,,302.05403,M+H,+,1,0,120,,,,,324.03597,M+Na,+,1,0,60,,,,,319.08058,M+NH4,+,1,0,60,,,,,300.03947,M-H,-,1,0,60,,,
N-Acetylgalactosamine 4-sulfate,XIC,eTargetCompound,C8H15NO9S,,,ESI,5000,,0,,302.05403,M+H,+,1,0,120,,,,,324.03597,M+Na,+,1,0,60,,,,,319.08058,M+NH4,+,1,0,60,,,,,300.03947,M-H,-,1,0,60,,,
N-Acetylgalactosamine 4-sulphate,XIC,eTargetCompound,C8H15NO9S,,,ESI,5000,,0,,302.05403,M+H,+,1,0,120,,,,,324.03597,M+Na,+,1,0,60,,,,,319.08058,M+NH4,+,1,0,60,,,,,300.03947,M-H,-,1,0,60,,,
N-Acetyl-alpha-D-glucosamine 1-phosphate,XIC,eTargetCompound,C8H16NO9P,,,ESI,5000,,0,,302.06354,M+H,+,1,0,120,,,,,324.04549,M+Na,+,1,0,60,,,,,319.09009,M+NH4,+,1,0,60,,,,,300.04899,M-H,-,1,0,60,,,
N-Acetyl-D-galactosamine 6-phosphate,XIC,eTargetCompound,C8H16NO9P,,,ESI,5000,,0,,302.06354,M+H,+,1,0,120,,,,,324.04549,M+Na,+,1,0,60,,,,,319.09009,M+NH4,+,1,0,60,,,,,300.04899,M-H,-,1,0,60,,,
N-Acetyl-D-glucosamine 1-phosphate,XIC,eTargetCompound,C8H16NO9P,,,ESI,5000,,0,,302.06354,M+H,+,1,0,120,,,,,324.04549,M+Na,+,1,0,60,,,,,319.09009,M+NH4,+,1,0,60,,,,,300.04899,M-H,-,1,0,60,,,
N-Acetyl-D-glucosamine 6-phosphate,XIC,eTargetCompound,C8H16NO9P,,,ESI,5000,,0,,302.06354,M+H,+,1,0,120,,,,,324.04549,M+Na,+,1,0,60,,,,,319.09009,M+NH4,+,1,0,60,,,,,300.04899,M-H,-,1,0,60,,,
N-Acetyl-D-mannosamine 6-phosphate,XIC,eTargetCompound,C8H16NO9P,,,ESI,5000,,0,,302.06354,M+H,+,1,0,120,,,,,324.04549,M+Na,+,1,0,60,,,,,319.09009,M+NH4,+,1,0,60,,,,,300.04899,M-H,-,1,0,60,,,
N-Acetyl-glucosamine 1-phosphate,XIC,eTargetCompound,C8H16NO9P,,,ESI,5000,,0,,302.06354,M+H,+,1,0,120,,,,,324.04549,M+Na,+,1,0,60,,,,,319.09009,M+NH4,+,1,0,60,,,,,300.04899,M-H,-,1,0,60,,,
AA006_N-Acetyl-α-D-glucosamine_1-phosphate,XIC,eTargetCompound,,,,None,0,,,,,,,,,,,,,,,,,,,,,,,,,,,,,,,,,,300.049,M-,-,1,13.91,60,,,
AA007_N-Acetyl-D-glucosamine_6-phosphate,XIC,eTargetCompound,,,,None,0,,,,,,,,,,,,,,,,,,,,,,,,,,,,,,,,,,300.049,M-,-,1,19.45,60,,,
6-O-Methylnorlaudanosoline,XIC,eTargetCompound,C17H19NO4,,,ESI,5000,,0,,302.13868,M+H,+,1,0,120,,,,,324.12063,M+Na,+,1,0,60,,,,,319.16523,M+NH4,+,1,0,60,,,,,300.12413,M-H,-,1,0,60,,,
"Sphinganine; 2-Amion-1,3-octadecanediol",XIC,eTargetCompound,C18H39NO2,,,ESI,5000,,0,,302.30536,M+H,+,1,0,120,,,,,324.2873,M+Na,+,1,0,60,,,,,319.33191,M+NH4,+,1,0,60,,,,,300.2908,M-H,-,1,0,60,,,
Ellagic acid,XIC,eTargetCompound,C14H6O8,,,ESI,5000,,0,,303.01354,M+H,+,1,0,120,,,,,324.99549,M+Na,+,1,0,60,,,,,320.04009,M+NH4,+,1,0,60,,,,,300.99899,M-H,-,1,0,60,,,
ethacrynate,XIC,eTargetCompound,C13H12Cl2O4,,,ESI,5000,,0,,303.01854,M+H,+,1,0,120,,,,,325.00049,M+Na,+,1,0,60,,,,,320.04509,M+NH4,+,1,0,60,,,,,301.00399,M-H,-,1,0,60,,,
2'-Hydroxypseudobaptigenin,XIC,eTargetCompound,C15H10O7,,,ESI,5000,,0,,303.04993,M+H,+,1,0,120,,,,,325.03187,M+Na,+,1,0,60,,,,,320.07648,M+NH4,+,1,0,60,,,,,301.03538,M-H,-,1,0,60,,,
Bracteatin,XIC,eTargetCompound,C15H10O7,,,ESI,5000,,0,,303.04993,M+H,+,1,0,120,,,,,325.03187,M+Na,+,1,0,60,,,,,320.07648,M+NH4,+,1,0,60,,,,,301.03538,M-H,-,1,0,60,,,
Quercetin,XIC,eTargetCompound,C15H10O7,,,ESI,5000,,0,,303.04993,M+H,+,1,0,120,,,,,325.03187,M+Na,+,1,0,60,,,,,320.07648,M+NH4,+,1,0,60,,,,,301.03538,M-H,-,1,0,60,,,
Tricetin,XIC,eTargetCompound,C15H10O7,,,ESI,5000,,0,,303.04993,M+H,+,1,0,120,,,,,325.03187,M+Na,+,1,0,60,,,,,320.07648,M+NH4,+,1,0,60,,,,,301.03538,M-H,-,1,0,60,,,
1-Guanidino-1-deoxy-scyllo-inositol 4-phosphate,XIC,eTargetCompound,C7H17N3O8P,,,ESI,5000,,0,,303.0826,M+H,+,1,0,120,,,,,325.06455,M+Na,+,1,0,60,,,,,320.10915,M+NH4,+,1,0,60,,,,,301.06805,M-H,-,1,0,60,,,
Dihydrokalafungin,XIC,eTargetCompound,C16H14O6,,,ESI,5000,,0,,303.08631,M+H,+,1,0,120,,,,,325.06826,M+Na,+,1,0,60,,,,,320.11286,M+NH4,+,1,0,60,,,,,301.07176,M-H,-,1,0,60,,,
"Hesperetin; 3',5,7-Trihydroxy-4'-methoxyflavanone",XIC,eTargetCompound,C16H14O6,,,ESI,5000,,0,,303.08631,M+H,+,1,0,120,,,,,325.06826,M+Na,+,1,0,60,,,,,320.11286,M+NH4,+,1,0,60,,,,,301.07176,M-H,-,1,0,60,,,
Homoeriodictyol,XIC,eTargetCompound,C16H14O6,,,ESI,5000,,0,,303.08631,M+H,+,1,0,120,,,,,325.06826,M+Na,+,1,0,60,,,,,320.11286,M+NH4,+,1,0,60,,,,,301.07176,M-H,-,1,0,60,,,
3''-Deamino-3''-oxonicotianamine,XIC,eTargetCompound,C12H18N2O7,,,ESI,5000,,0,,303.11868,M+H,+,1,0,120,,,,,325.10062,M+Na,+,1,0,60,,,,,320.14523,M+NH4,+,1,0,60,,,,,301.10412,M-H,-,1,0,60,,,
Nordihydroguaiaretic acid,XIC,eTargetCompound,C18H22O4,,,ESI,5000,,0,,303.15909,M+H,+,1,0,120,,,,,325.14103,M+Na,+,1,0,60,,,,,320.18563,M+NH4,+,1,0,60,,,,,301.14453,M-H,-,1,0,60,,,
"[ST ox] 3-oxo-13,17-secoandrost-4-ene-17,13alpha-lactone",XIC,eTargetCompound,C19H26O3,,,ESI,5000,,0,,303.19547,M+H,+,1,0,120,,,,,325.17742,M+Na,+,1,0,60,,,,,320.22202,M+NH4,+,1,0,60,,,,,301.18092,M-H,-,1,0,60,,,
"11beta-Hydroxyandrost-4-ene-3,17-dione",XIC,eTargetCompound,C19H26O3,,,ESI,5000,,0,,303.19547,M+H,+,1,0,120,,,,,325.17742,M+Na,+,1,0,60,,,,,320.22202,M+NH4,+,1,0,60,,,,,301.18092,M-H,-,1,0,60,,,
"16a-Hydroxyandrost-4-ene-3,17-dione",XIC,eTargetCompound,C19H26O3,,,ESI,5000,,0,,303.19547,M+H,+,1,0,120,,,,,325.17742,M+Na,+,1,0,60,,,,,320.22202,M+NH4,+,1,0,60,,,,,301.18092,M-H,-,1,0,60,,,
2-Methoxyestradiol-17beta,XIC,eTargetCompound,C19H26O3,,,ESI,5000,,0,,303.19547,M+H,+,1,0,120,,,,,325.17742,M+Na,+,1,0,60,,,,,320.22202,M+NH4,+,1,0,60,,,,,301.18092,M-H,-,1,0,60,,,
"7alpha-Hydroxyandrost-4-ene-3,17-dione",XIC,eTargetCompound,C19H26O3,,,ESI,5000,,0,,303.19547,M+H,+,1,0,120,,,,,325.17742,M+Na,+,1,0,60,,,,,320.22202,M+NH4,+,1,0,60,,,,,301.18092,M-H,-,1,0,60,,,
 Abietic acid,XIC,eTargetCompound,C20H30O2,,,ESI,5000,,0,,303.23186,M+H,+,1,0,120,,,,,325.2138,M+Na,+,1,0,60,,,,,320.25841,M+NH4,+,1,0,60,,,,,301.2173,M-H,-,1,0,60,,,
 All-cis-icosapentaenoate (EPA),XIC,eTargetCompound,C20H30O2,,,ESI,5000,,0,,303.23186,M+H,+,1,0,120,,,,,325.2138,M+Na,+,1,0,60,,,,,320.25841,M+NH4,+,1,0,60,,,,,301.2173,M-H,-,1,0,60,,,
"[FA (20:5)] 5Z,7E,9E,14Z,17Z-eicosapentaenoic acid",XIC,eTargetCompound,C20H30O2,,,ESI,5000,,0,,303.23186,M+H,+,1,0,120,,,,,325.2138,M+Na,+,1,0,60,,,,,320.25841,M+NH4,+,1,0,60,,,,,301.2173,M-H,-,1,0,60,,,
Isopimaric acid,XIC,eTargetCompound,C20H30O2,,,ESI,5000,,0,,303.23186,M+H,+,1,0,120,,,,,325.2138,M+Na,+,1,0,60,,,,,320.25841,M+NH4,+,1,0,60,,,,,301.2173,M-H,-,1,0,60,,,
Kaur-16-en-18-oic acid,XIC,eTargetCompound,C20H30O2,,,ESI,5000,,0,,303.23186,M+H,+,1,0,120,,,,,325.2138,M+Na,+,1,0,60,,,,,320.25841,M+NH4,+,1,0,60,,,,,301.2173,M-H,-,1,0,60,,,
L-Pimaric acid,XIC,eTargetCompound,C20H30O2,,,ESI,5000,,0,,303.23186,M+H,+,1,0,120,,,,,325.2138,M+Na,+,1,0,60,,,,,320.25841,M+NH4,+,1,0,60,,,,,301.2173,M-H,-,1,0,60,,,
Methenolone,XIC,eTargetCompound,C20H30O2,,,ESI,5000,,0,,303.23186,M+H,+,1,0,120,,,,,325.2138,M+Na,+,1,0,60,,,,,320.25841,M+NH4,+,1,0,60,,,,,301.2173,M-H,-,1,0,60,,,
Neoabietic acid,XIC,eTargetCompound,C20H30O2,,,ESI,5000,,0,,303.23186,M+H,+,1,0,120,,,,,325.2138,M+Na,+,1,0,60,,,,,320.25841,M+NH4,+,1,0,60,,,,,301.2173,M-H,-,1,0,60,,,
Oryzalexin A,XIC,eTargetCompound,C20H30O2,,,ESI,5000,,0,,303.23186,M+H,+,1,0,120,,,,,325.2138,M+Na,+,1,0,60,,,,,320.25841,M+NH4,+,1,0,60,,,,,301.2173,M-H,-,1,0,60,,,
Palustric acid,XIC,eTargetCompound,C20H30O2,,,ESI,5000,,0,,303.23186,M+H,+,1,0,120,,,,,325.2138,M+Na,+,1,0,60,,,,,320.25841,M+NH4,+,1,0,60,,,,,301.2173,M-H,-,1,0,60,,,
Pregnan-21-al,XIC,eTargetCompound,C21H34O,,,ESI,5000,,0,,303.26824,M+H,+,1,0,120,,,,,325.25019,M+Na,+,1,0,60,,,,,320.29479,M+NH4,+,1,0,60,,,,,301.25369,M-H,-,1,0,60,,,
Nicotianamine,XIC,eTargetCompound,C12H21N3O6,,,ESI,5000,,0,,304.15031,M+H,+,1,0,120,,,,,326.13226,M+Na,+,1,0,60,,,,,321.17686,M+NH4,+,1,0,60,,,,,302.13576,M-H,-,1,0,60,,,
Cocaine,XIC,eTargetCompound,C17H21NO4,,,ESI,5000,,0,,304.15433,M+H,+,1,0,120,,,,,326.13628,M+Na,+,1,0,60,,,,,321.18088,M+NH4,+,1,0,60,,,,,302.13978,M-H,-,1,0,60,,,
Scopolamine; hyoscine,XIC,eTargetCompound,C17H21NO4,,,ESI,5000,,0,,304.15433,M+H,+,1,0,120,,,,,326.13628,M+Na,+,1,0,60,,,,,321.18088,M+NH4,+,1,0,60,,,,,302.13978,M-H,-,1,0,60,,,
N(6)-[(Indol-3-yl)acetyl]-L-lysine,XIC,eTargetCompound,C16H21N3O3,,,ESI,5000,,0,,304.16557,M+H,+,1,0,120,,,,,326.14751,M+Na,+,1,0,60,,,,,321.19212,M+NH4,+,1,0,60,,,,,302.15101,M-H,-,1,0,60,,,
Arachidonoyl amide,XIC,eTargetCompound,C20H33NO,,,ESI,5000,,0,,304.26349,M+H,+,1,0,120,,,,,326.24544,M+Na,+,1,0,60,,,,,321.29004,M+NH4,+,1,0,60,,,,,302.24894,M-H,-,1,0,60,,,
"Thymidine 3',5'-cyclic monophosphate (cTMP)",XIC,eTargetCompound,C10H13N2O7P,,,ESI,5000,,0,,305.05331,M+H,+,1,0,120,,,,,327.03526,M+Na,+,1,0,60,,,,,322.07986,M+NH4,+,1,0,60,,,,,303.03876,M-H,-,1,0,60,,,
NT001_cTMP,XIC,eTargetCompound,,,,None,0,,,,,,,,,,,,,,,,,,,,,,,,,,,,,,,,,,303.0388,M-,-,1,25.68,60,,,
Taxifolin,XIC,eTargetCompound,C15H12O7,,,ESI,5000,,0,,305.06558,M+H,+,1,0,120,,,,,327.04752,M+Na,+,1,0,60,,,,,322.09213,M+NH4,+,1,0,60,,,,,303.05103,M-H,-,1,0,60,,,
N-Acetylaspartylglutamic acid,XIC,eTargetCompound,C11H16N2O8,,,ESI,5000,,0,,305.09794,M+H,+,1,0,120,,,,,327.07989,M+Na,+,1,0,60,,,,,322.12449,M+NH4,+,1,0,60,,,,,303.08339,M-H,-,1,0,60,,,
AA012_N-Acetyl-Asp-Glu,XIC,eTargetCompound,,,,None,0,,,,,,,,,,,,,,,,,,,,,,,,,,,,,,,,,,303.0834,M-,-,1,23.76,60,,,
2'-Deoxymugineic acid,XIC,eTargetCompound,C12H20N2O7,,,ESI,5000,,0,,305.13433,M+H,+,1,0,120,,,,,327.11627,M+Na,+,1,0,60,,,,,322.16088,M+NH4,+,1,0,60,,,,,303.11977,M-H,-,1,0,60,,,
D-Nopaline,XIC,eTargetCompound,C11H20N4O6,,,ESI,5000,,0,,305.14556,M+H,+,1,0,120,,,,,327.12751,M+Na,+,1,0,60,,,,,322.17211,M+NH4,+,1,0,60,,,,,303.13101,M-H,-,1,0,60,,,
Discadenine,XIC,eTargetCompound,C14H20N6O2,,,ESI,5000,,0,,305.17205,M+H,+,1,0,120,,,,,327.154,M+Na,+,1,0,60,,,,,322.1986,M+NH4,+,1,0,60,,,,,303.1575,M-H,-,1,0,60,,,
Dolicholphosphate,XIC,eTargetCompound,C15H29O4P,,,ESI,5000,,0,,305.18762,M+H,+,1,0,120,,,,,327.16957,M+Na,+,1,0,60,,,,,322.21417,M+NH4,+,1,0,60,,,,,303.17307,M-H,-,1,0,60,,,
"[ST hydrox] 3beta,16alpha-dihydroxy-5-androsten-17-one",XIC,eTargetCompound,C19H28O3,,,ESI,5000,,0,,305.21112,M+H,+,1,0,120,,,,,327.19307,M+Na,+,1,0,60,,,,,322.23767,M+NH4,+,1,0,60,,,,,303.19657,M-H,-,1,0,60,,,
11-Ketoetiocholanolone,XIC,eTargetCompound,C19H28O3,,,ESI,5000,,0,,305.21112,M+H,+,1,0,120,,,,,327.19307,M+Na,+,1,0,60,,,,,322.23767,M+NH4,+,1,0,60,,,,,303.19657,M-H,-,1,0,60,,,
15alpha-Hydroxytestosterone,XIC,eTargetCompound,C19H28O3,,,ESI,5000,,0,,305.21112,M+H,+,1,0,120,,,,,327.19307,M+Na,+,1,0,60,,,,,322.23767,M+NH4,+,1,0,60,,,,,303.19657,M-H,-,1,0,60,,,
19-Hydroxytestosterone,XIC,eTargetCompound,C19H28O3,,,ESI,5000,,0,,305.21112,M+H,+,1,0,120,,,,,327.19307,M+Na,+,1,0,60,,,,,322.23767,M+NH4,+,1,0,60,,,,,303.19657,M-H,-,1,0,60,,,
6beta-Hydroxytestosterone,XIC,eTargetCompound,C19H28O3,,,ESI,5000,,0,,305.21112,M+H,+,1,0,120,,,,,327.19307,M+Na,+,1,0,60,,,,,322.23767,M+NH4,+,1,0,60,,,,,303.19657,M-H,-,1,0,60,,,
7a-Hydroxytestosterone,XIC,eTargetCompound,C19H28O3,,,ESI,5000,,0,,305.21112,M+H,+,1,0,120,,,,,327.19307,M+Na,+,1,0,60,,,,,322.23767,M+NH4,+,1,0,60,,,,,303.19657,M-H,-,1,0,60,,,
7alpha-Hydroxytestosterone,XIC,eTargetCompound,C19H28O3,,,ESI,5000,,0,,305.21112,M+H,+,1,0,120,,,,,327.19307,M+Na,+,1,0,60,,,,,322.23767,M+NH4,+,1,0,60,,,,,303.19657,M-H,-,1,0,60,,,
"[FA (20:4)] 5Z,8Z,11Z,14Z-eicosatetraenoic acid",XIC,eTargetCompound,C20H32O2,,,ESI,5000,,0,,305.24751,M+H,+,1,0,120,,,,,327.22945,M+Na,+,1,0,60,,,,,322.27406,M+NH4,+,1,0,60,,,,,303.23295,M-H,-,1,0,60,,,
"Taxa-4(20),11(12)-dien-5alpha,13alpha-diol",XIC,eTargetCompound,C20H32O2,,,ESI,5000,,0,,305.24751,M+H,+,1,0,120,,,,,327.22945,M+Na,+,1,0,60,,,,,322.27406,M+NH4,+,1,0,60,,,,,303.23295,M-H,-,1,0,60,,,
Pregnan-21-ol,XIC,eTargetCompound,C21H36O,,,ESI,5000,,0,,305.28389,M+H,+,1,0,120,,,,,327.26584,M+Na,+,1,0,60,,,,,322.31044,M+NH4,+,1,0,60,,,,,303.26934,M-H,-,1,0,60,,,
NC001_cCMP,XIC,eTargetCompound,,,,None,0,,,,,,,,,,,,,,,,,,,,,,,,,,,,,,,,,,304.034,M-,-,1,13.45,60,,,
"2',3'-Cyclic CMP",XIC,eTargetCompound,C9H12N3O7P,,,ESI,5000,,0,,306.04856,M+H,+,1,0,120,,,,,328.03051,M+Na,+,1,0,60,,,,,323.07511,M+NH4,+,1,0,60,,,,,304.03401,M-H,-,1,0,60,,,
"3',5'-Cyclic CMP; Cytidine 3',5'-cyclic monophosphate",XIC,eTargetCompound,C9H12N3O7P,,,ESI,5000,,0,,306.04856,M+H,+,1,0,120,,,,,328.03051,M+Na,+,1,0,60,,,,,323.07511,M+NH4,+,1,0,60,,,,,304.03401,M-H,-,1,0,60,,,
(6S)-Hydroxyhyoscyamine,XIC,eTargetCompound,C17H23NO4,,,ESI,5000,,0,,306.16998,M+H,+,1,0,120,,,,,328.15193,M+Na,+,1,0,60,,,,,323.19653,M+NH4,+,1,0,60,,,,,304.15543,M-H,-,1,0,60,,,
Capsaicin,XIC,eTargetCompound,C18H27NO3,,,ESI,5000,,0,,306.20637,M+H,+,1,0,120,,,,,328.18831,M+Na,+,1,0,60,,,,,323.23292,M+NH4,+,1,0,60,,,,,304.19182,M-H,-,1,0,60,,,
"AU005_2',3'-cUMP",XIC,eTargetCompound,,,,None,0,,,,,,,,,,,,,,,,,,,,,,,,,,,,,,,,,,305.018,M-,-,1,23.79,60,,,
"2',3'-Cyclic UMP",XIC,eTargetCompound,C9H11N2O8P,,,ESI,5000,,0,,307.03258,M+H,+,1,0,120,,,,,329.01452,M+Na,+,1,0,60,,,,,324.05913,M+NH4,+,1,0,60,,,,,305.01803,M-H,-,1,0,60,,,
Pelargonidin,XIC,eTargetCompound,C15H11ClO5,,,ESI,5000,,0,,307.03678,M+H,+,1,0,120,,,,,329.01872,M+Na,+,1,0,60,,,,,324.06333,M+NH4,+,1,0,60,,,,,305.02222,M-H,-,1,0,60,,,
(+)-Gallocatechin,XIC,eTargetCompound,C15H14O7,,,ESI,5000,,0,,307.08123,M+H,+,1,0,120,,,,,329.06317,M+Na,+,1,0,60,,,,,324.10778,M+NH4,+,1,0,60,,,,,305.06668,M-H,-,1,0,60,,,
[Fv] Epigallocatechin,XIC,eTargetCompound,C15H14O7,,,ESI,5000,,0,,307.08123,M+H,+,1,0,120,,,,,329.06317,M+Na,+,1,0,60,,,,,324.10778,M+NH4,+,1,0,60,,,,,305.06668,M-H,-,1,0,60,,,
Leucocyanidin,XIC,eTargetCompound,C15H14O7,,,ESI,5000,,0,,307.08123,M+H,+,1,0,120,,,,,329.06317,M+Na,+,1,0,60,,,,,324.10778,M+NH4,+,1,0,60,,,,,305.06668,M-H,-,1,0,60,,,
Lupinate,XIC,eTargetCompound,C13H18N6O3,,,ESI,5000,,0,,307.15131,M+H,+,1,0,120,,,,,329.13326,M+Na,+,1,0,60,,,,,324.17786,M+NH4,+,1,0,60,,,,,305.13676,M-H,-,1,0,60,,,
Corrinoid,XIC,eTargetCompound,C19H22N4,,,ESI,5000,,0,,307.19172,M+H,+,1,0,120,,,,,329.17367,M+Na,+,1,0,60,,,,,324.21827,M+NH4,+,1,0,60,,,,,305.17717,M-H,-,1,0,60,,,
"3alpha,11beta-Dihydroxy-5alpha-androstane-17-one",XIC,eTargetCompound,C19H30O3,,,ESI,5000,,0,,307.22677,M+H,+,1,0,120,,,,,329.20872,M+Na,+,1,0,60,,,,,324.25332,M+NH4,+,1,0,60,,,,,305.21222,M-H,-,1,0,60,,,
Dihydromonacolin L,XIC,eTargetCompound,C19H30O3,,,ESI,5000,,0,,307.22677,M+H,+,1,0,120,,,,,329.20872,M+Na,+,1,0,60,,,,,324.25332,M+NH4,+,1,0,60,,,,,305.21222,M-H,-,1,0,60,,,
"8,11,14-Eicosatrienoic acid",XIC,eTargetCompound,C20H34O2,,,ESI,5000,,0,,307.26316,M+H,+,1,0,120,,,,,329.2451,M+Na,+,1,0,60,,,,,324.28971,M+NH4,+,1,0,60,,,,,305.2486,M-H,-,1,0,60,,,
plaunotol,XIC,eTargetCompound,C20H34O2,,,ESI,5000,,0,,307.26316,M+H,+,1,0,120,,,,,329.2451,M+Na,+,1,0,60,,,,,324.28971,M+NH4,+,1,0,60,,,,,305.2486,M-H,-,1,0,60,,,
3-Iodo-L-tyrosine,XIC,eTargetCompound,C9H10INO3,,,ESI,5000,,0,,307.97781,M+H,+,1,0,120,,,,,329.95976,M+Na,+,1,0,60,,,,,325.00436,M+NH4,+,1,0,60,,,,,305.96326,M-H,-,1,0,60,,,
Iodotyrosine,XIC,eTargetCompound,C9H10INO3,,,ESI,5000,,0,,307.97781,M+H,+,1,0,120,,,,,329.95976,M+Na,+,1,0,60,,,,,325.00436,M+NH4,+,1,0,60,,,,,305.96326,M-H,-,1,0,60,,,
dCMP (Deoxycytidine monophosphate),XIC,eTargetCompound,C9H14N3O7P,,,ESI,5000,,0,,308.06421,M+H,+,1,0,120,,,,,330.04616,M+Na,+,1,0,60,,,,,325.09076,M+NH4,+,1,0,60,,,,,306.04966,M-H,-,1,0,60,,,
Glutathione,XIC,eTargetCompound,C10H17N3O6S,,,ESI,5000,,0,,308.09108,M+H,+,1,0,120,,,,,330.07303,M+Na,+,1,0,60,,,,,325.11763,M+NH4,+,1,0,60,,,,,306.07653,M-H,-,1,0,60,,,
S-Succinyldihydrolipoamide,XIC,eTargetCompound,C12H21NO4S2,,,ESI,5000,,0,,308.09848,M+H,+,1,0,120,,,,,330.08042,M+Na,+,1,0,60,,,,,325.12503,M+NH4,+,1,0,60,,,,,306.08392,M-H,-,1,0,60,,,
dihydrocapsaicin,XIC,eTargetCompound,C18H29NO3,,,ESI,5000,,0,,308.22202,M+H,+,1,0,120,,,,,330.20396,M+Na,+,1,0,60,,,,,325.24857,M+NH4,+,1,0,60,,,,,306.20747,M-H,-,1,0,60,,,
Dihydrocapsaicin,XIC,eTargetCompound,C18H29NO3,,,ESI,5000,,0,,308.22202,M+H,+,1,0,120,,,,,330.20396,M+Na,+,1,0,60,,,,,325.24857,M+NH4,+,1,0,60,,,,,306.20747,M-H,-,1,0,60,,,
(R)-5-Diphosphomevalonate,XIC,eTargetCompound,C6H14O10P2,,,ESI,5000,,0,,309.0135,M+H,+,1,0,120,,,,,330.99544,M+Na,+,1,0,60,,,,,326.04005,M+NH4,+,1,0,60,,,,,306.99894,M-H,-,1,0,60,,,
Fensulfothion,XIC,eTargetCompound,C11H17O4PS2,,,ESI,5000,,0,,309.03786,M+H,+,1,0,120,,,,,331.01981,M+Na,+,1,0,60,,,,,326.06441,M+NH4,+,1,0,60,,,,,307.02331,M-H,-,1,0,60,,,
2-Deoxyuridine-5-monophosphate (dUMP),XIC,eTargetCompound,C9H13N2O8P,,,ESI,5000,,0,,309.04823,M+H,+,1,0,120,,,,,331.03017,M+Na,+,1,0,60,,,,,326.07478,M+NH4,+,1,0,60,,,,,307.03368,M-H,-,1,0,60,,,
ND003_dUMP,XIC,eTargetCompound,,,,None,0,,,,,,,,,,,,,,,,,,,,,,,,,,,,,,,,,,307.0337,M-,-,1,28.17,60,,,
Fructoselysine,XIC,eTargetCompound,C12H24N2O7,,,ESI,5000,,0,,309.16563,M+H,+,1,0,120,,,,,331.14757,M+Na,+,1,0,60,,,,,326.19218,M+NH4,+,1,0,60,,,,,307.15107,M-H,-,1,0,60,,,
menaquinone-2,XIC,eTargetCompound,C21H24O2,,,ESI,5000,,0,,309.18491,M+H,+,1,0,120,,,,,331.16685,M+Na,+,1,0,60,,,,,326.21146,M+NH4,+,1,0,60,,,,,307.17035,M-H,-,1,0,60,,,
Icosadienoic acid,XIC,eTargetCompound,C20H36O2,,,ESI,5000,,0,,309.27881,M+H,+,1,0,120,,,,,331.26075,M+Na,+,1,0,60,,,,,326.30536,M+NH4,+,1,0,60,,,,,307.26425,M-H,-,1,0,60,,,
Sclareol,XIC,eTargetCompound,C20H36O2,,,ESI,5000,,0,,309.27881,M+H,+,1,0,120,,,,,331.26075,M+Na,+,1,0,60,,,,,326.30536,M+NH4,+,1,0,60,,,,,307.26425,M-H,-,1,0,60,,,
Indoxyl-beta-D-glucuronide,XIC,eTargetCompound,C14H15NO7,,,ESI,5000,,0,,310.09213,M+H,+,1,0,120,,,,,332.07407,M+Na,+,1,0,60,,,,,327.11868,M+NH4,+,1,0,60,,,,,308.07758,M-H,-,1,0,60,,,
Inodxylglucuronide,XIC,eTargetCompound,C14H15NO7,,,ESI,5000,,0,,310.09213,M+H,+,1,0,120,,,,,332.07407,M+Na,+,1,0,60,,,,,327.11868,M+NH4,+,1,0,60,,,,,308.07758,M-H,-,1,0,60,,,
N-Acetylneuraminic acid (NeuAc),XIC,eTargetCompound,C11H19NO9,,,ESI,5000,,0,,310.11326,M+H,+,1,0,120,,,,,332.0952,M+Na,+,1,0,60,,,,,327.13981,M+NH4,+,1,0,60,,,,,308.0987,M-H,-,1,0,60,,,
AA008_N-Acetylneuraminic_acid,XIC,eTargetCompound,,,,None,0,,,,,,,,,,,,,,,,,,,,,,,,,,,,,,,,,,308.0987,M-,-,1,8.39,60,,,
Sinapoylcholine,XIC,eTargetCompound,C16H23NO5,,,ESI,5000,,0,,310.1649,M+H,+,1,0,120,,,,,332.14684,M+Na,+,1,0,60,,,,,327.19145,M+NH4,+,1,0,60,,,,,308.15035,M-H,-,1,0,60,,,
"D-Ribose 1,5-diphosphate",XIC,eTargetCompound,C5H12O11P2,,,ESI,5000,,0,,310.99276,M+H,+,1,0,120,,,,,332.97471,M+Na,+,1,0,60,,,,,328.01931,M+NH4,+,1,0,60,,,,,308.97821,M-H,-,1,0,60,,,
"D-Ribulose 1,5-bisphosphate",XIC,eTargetCompound,C5H12O11P2,,,ESI,5000,,0,,310.99276,M+H,+,1,0,120,,,,,332.97471,M+Na,+,1,0,60,,,,,328.01931,M+NH4,+,1,0,60,,,,,308.97821,M-H,-,1,0,60,,,
6-Demethylsterigmatocystin,XIC,eTargetCompound,C17H10O6,,,ESI,5000,,0,,311.05501,M+H,+,1,0,120,,,,,333.03696,M+Na,+,1,0,60,,,,,328.08156,M+NH4,+,1,0,60,,,,,309.04046,M-H,-,1,0,60,,,
trans-Cinnamoyl beta-D-glucoside,XIC,eTargetCompound,C15H18O7,,,ESI,5000,,0,,311.11253,M+H,+,1,0,120,,,,,333.09447,M+Na,+,1,0,60,,,,,328.13908,M+NH4,+,1,0,60,,,,,309.09798,M-H,-,1,0,60,,,
Porphyrin,XIC,eTargetCompound,C20H14N4,,,ESI,5000,,0,,311.12912,M+H,+,1,0,120,,,,,333.11107,M+Na,+,1,0,60,,,,,328.15567,M+NH4,+,1,0,60,,,,,309.11457,M-H,-,1,0,60,,,
Sarpagine,XIC,eTargetCompound,C19H22N2O2,,,ESI,5000,,0,,311.1754,M+H,+,1,0,120,,,,,333.15735,M+Na,+,1,0,60,,,,,328.20195,M+NH4,+,1,0,60,,,,,309.16085,M-H,-,1,0,60,,,
Botrydial,XIC,eTargetCompound,C17H26O5,,,ESI,5000,,0,,311.1853,M+H,+,1,0,120,,,,,333.16725,M+Na,+,1,0,60,,,,,328.21185,M+NH4,+,1,0,60,,,,,309.17075,M-H,-,1,0,60,,,
"[FA (18:3)] 13S-hydroperoxy-9Z,11E,14Z-octadecatrienoic acid",XIC,eTargetCompound,C18H30O4,,,ESI,5000,,0,,311.22169,M+H,+,1,0,120,,,,,333.20363,M+Na,+,1,0,60,,,,,328.24824,M+NH4,+,1,0,60,,,,,309.20713,M-H,-,1,0,60,,,
"[FA (18:3)] 9S-hydroperoxy-10E,12Z,15Z-octadecatrienoic acid",XIC,eTargetCompound,C18H30O4,,,ESI,5000,,0,,311.22169,M+H,+,1,0,120,,,,,333.20363,M+Na,+,1,0,60,,,,,328.24824,M+NH4,+,1,0,60,,,,,309.20713,M-H,-,1,0,60,,,
14'-apo-beta-Carotenal,XIC,eTargetCompound,C22H30O,,,ESI,5000,,0,,311.23694,M+H,+,1,0,120,,,,,333.21889,M+Na,+,1,0,60,,,,,328.26349,M+NH4,+,1,0,60,,,,,309.22239,M-H,-,1,0,60,,,
[FA (20:0)] 11Z-eicosenoic acid,XIC,eTargetCompound,C20H38O2,,,ESI,5000,,0,,311.29446,M+H,+,1,0,120,,,,,333.2764,M+Na,+,1,0,60,,,,,328.32101,M+NH4,+,1,0,60,,,,,309.2799,M-H,-,1,0,60,,,
Ethyl oleate,XIC,eTargetCompound,C20H38O2,,,ESI,5000,,0,,311.29446,M+H,+,1,0,120,,,,,333.2764,M+Na,+,1,0,60,,,,,328.32101,M+NH4,+,1,0,60,,,,,309.2799,M-H,-,1,0,60,,,
Dhurrin,XIC,eTargetCompound,C14H17NO7,,,ESI,5000,,0,,312.10778,M+H,+,1,0,120,,,,,334.08972,M+Na,+,1,0,60,,,,,329.13433,M+NH4,+,1,0,60,,,,,310.09323,M-H,-,1,0,60,,,
Taxiphyllin,XIC,eTargetCompound,C14H17NO7,,,ESI,5000,,0,,312.10778,M+H,+,1,0,120,,,,,334.08972,M+Na,+,1,0,60,,,,,329.13433,M+NH4,+,1,0,60,,,,,310.09323,M-H,-,1,0,60,,,
Thebaine,XIC,eTargetCompound,C19H21NO3,,,ESI,5000,,0,,312.15942,M+H,+,1,0,120,,,,,334.14136,M+Na,+,1,0,60,,,,,329.18597,M+NH4,+,1,0,60,,,,,310.14487,M-H,-,1,0,60,,,
gamma-Glutamyl-Se-methylselenocysteine,XIC,eTargetCompound,C9H16N2O5Se,,,ESI,5000,,0,,313.02972,M+H,+,1,0,120,,,,,335.01166,M+Na,+,1,0,60,,,,,330.05627,M+NH4,+,1,0,60,,,,,311.01517,M-H,-,1,0,60,,,
Aflatoxin B1,XIC,eTargetCompound,C17H12O6,,,ESI,5000,,0,,313.07066,M+H,+,1,0,120,,,,,335.05261,M+Na,+,1,0,60,,,,,330.09721,M+NH4,+,1,0,60,,,,,311.05611,M-H,-,1,0,60,,,
Pteroic acid,XIC,eTargetCompound,C14H12N6O3,,,ESI,5000,,0,,313.10436,M+H,+,1,0,120,,,,,335.08631,M+Na,+,1,0,60,,,,,330.13091,M+NH4,+,1,0,60,,,,,311.08981,M-H,-,1,0,60,,,
6-O-(beta-D-Xylopyranosyl)-beta-D-glucopyranose,XIC,eTargetCompound,C11H20O10,,,ESI,5000,,0,,313.11292,M+H,+,1,0,120,,,,,335.09487,M+Na,+,1,0,60,,,,,330.13947,M+NH4,+,1,0,60,,,,,311.09837,M-H,-,1,0,60,,,
Vicianose,XIC,eTargetCompound,C11H20O10,,,ESI,5000,,0,,313.11292,M+H,+,1,0,120,,,,,335.09487,M+Na,+,1,0,60,,,,,330.13947,M+NH4,+,1,0,60,,,,,311.09837,M-H,-,1,0,60,,,
Nivalenol,XIC,eTargetCompound,C15H20O7,,,ESI,5000,,0,,313.12818,M+H,+,1,0,120,,,,,335.11012,M+Na,+,1,0,60,,,,,330.15473,M+NH4,+,1,0,60,,,,,311.11363,M-H,-,1,0,60,,,
Norajmaline,XIC,eTargetCompound,C19H24N2O2,,,ESI,5000,,0,,313.19105,M+H,+,1,0,120,,,,,335.173,M+Na,+,1,0,60,,,,,330.2176,M+NH4,+,1,0,60,,,,,311.1765,M-H,-,1,0,60,,,
"Pregna-4,9(11)-diene-3,20-dione",XIC,eTargetCompound,C21H28O2,,,ESI,5000,,0,,313.21621,M+H,+,1,0,120,,,,,335.19815,M+Na,+,1,0,60,,,,,330.24276,M+NH4,+,1,0,60,,,,,311.20165,M-H,-,1,0,60,,,
"(7S,8S)-DiHODE",XIC,eTargetCompound,C18H32O4,,,ESI,5000,,0,,313.23734,M+H,+,1,0,120,,,,,335.21928,M+Na,+,1,0,60,,,,,330.26389,M+NH4,+,1,0,60,,,,,311.22278,M-H,-,1,0,60,,,
"[FA (18:2)] 11S-hydroperoxy-9Z,12Z-octadecadienoic acid",XIC,eTargetCompound,C18H32O4,,,ESI,5000,,0,,313.23734,M+H,+,1,0,120,,,,,335.21928,M+Na,+,1,0,60,,,,,330.26389,M+NH4,+,1,0,60,,,,,311.22278,M-H,-,1,0,60,,,
"[FA (18:2)] 13S-hydroperoxy-9Z,11E-octadecadienoic acid",XIC,eTargetCompound,C18H32O4,,,ESI,5000,,0,,313.23734,M+H,+,1,0,120,,,,,335.21928,M+Na,+,1,0,60,,,,,330.26389,M+NH4,+,1,0,60,,,,,311.22278,M-H,-,1,0,60,,,
"[FA (18:2)] 8R-hydroperoxy-9Z,12Z-octadecadienoic acid",XIC,eTargetCompound,C18H32O4,,,ESI,5000,,0,,313.23734,M+H,+,1,0,120,,,,,335.21928,M+Na,+,1,0,60,,,,,330.26389,M+NH4,+,1,0,60,,,,,311.22278,M-H,-,1,0,60,,,
"[FA (18:2)] 9S-hydroperoxy-10E,12Z-octadecadienoic acid",XIC,eTargetCompound,C18H32O4,,,ESI,5000,,0,,313.23734,M+H,+,1,0,120,,,,,335.21928,M+Na,+,1,0,60,,,,,330.26389,M+NH4,+,1,0,60,,,,,311.22278,M-H,-,1,0,60,,,
Eicosanoic acid,XIC,eTargetCompound,C20H40O2,,,ESI,5000,,0,,313.31011,M+H,+,1,0,120,,,,,335.29205,M+Na,+,1,0,60,,,,,330.33666,M+NH4,+,1,0,60,,,,,311.29555,M-H,-,1,0,60,,,
Phytanic acid,XIC,eTargetCompound,C20H40O2,,,ESI,5000,,0,,313.31011,M+H,+,1,0,120,,,,,335.29205,M+Na,+,1,0,60,,,,,330.33666,M+NH4,+,1,0,60,,,,,311.29555,M-H,-,1,0,60,,,
Tyramineglucuronide,XIC,eTargetCompound,C14H19NO7,,,ESI,5000,,0,,314.12343,M+H,+,1,0,120,,,,,336.10537,M+Na,+,1,0,60,,,,,331.14998,M+NH4,+,1,0,60,,,,,312.10888,M-H,-,1,0,60,,,
N-Feruloyltyramine,XIC,eTargetCompound,C18H19NO4,,,ESI,5000,,0,,314.13868,M+H,+,1,0,120,,,,,336.12063,M+Na,+,1,0,60,,,,,331.16523,M+NH4,+,1,0,60,,,,,312.12413,M-H,-,1,0,60,,,
5'-Phosphoribosyl-N-formylglycinamide,XIC,eTargetCompound,C8H15N2O9P,,,ESI,5000,,0,,315.05879,M+H,+,1,0,120,,,,,337.04074,M+Na,+,1,0,60,,,,,332.08534,M+NH4,+,1,0,60,,,,,313.04424,M-H,-,1,0,60,,,
1-Salicylateglucuronide,XIC,eTargetCompound,C13H14O9,,,ESI,5000,,0,,315.07106,M+H,+,1,0,120,,,,,337.053,M+Na,+,1,0,60,,,,,332.09761,M+NH4,+,1,0,60,,,,,313.05651,M-H,-,1,0,60,,,
 Geranyl pyrophosphate,XIC,eTargetCompound,C10H20O7P2,,,ESI,5000,,0,,315.0757,M+H,+,1,0,120,,,,,337.05765,M+Na,+,1,0,60,,,,,332.10225,M+NH4,+,1,0,60,,,,,313.06115,M-H,-,1,0,60,,,
 Neryl pyrophosphate,XIC,eTargetCompound,C10H20O7P2,,,ESI,5000,,0,,315.0757,M+H,+,1,0,120,,,,,337.05765,M+Na,+,1,0,60,,,,,332.10225,M+NH4,+,1,0,60,,,,,313.06115,M-H,-,1,0,60,,,
(+)-Bornyl-diphosphate,XIC,eTargetCompound,C10H20O7P2,,,ESI,5000,,0,,315.0757,M+H,+,1,0,120,,,,,337.05765,M+Na,+,1,0,60,,,,,332.10225,M+NH4,+,1,0,60,,,,,313.06115,M-H,-,1,0,60,,,
chrysanthemyl diphosphate,XIC,eTargetCompound,C10H20O7P2,,,ESI,5000,,0,,315.0757,M+H,+,1,0,120,,,,,337.05765,M+Na,+,1,0,60,,,,,332.10225,M+NH4,+,1,0,60,,,,,313.06115,M-H,-,1,0,60,,,
aflatoxin B2,XIC,eTargetCompound,C17H14O6,,,ESI,5000,,0,,315.08631,M+H,+,1,0,120,,,,,337.06826,M+Na,+,1,0,60,,,,,332.11286,M+NH4,+,1,0,60,,,,,313.07176,M-H,-,1,0,60,,,
Pisatin,XIC,eTargetCompound,C17H14O6,,,ESI,5000,,0,,315.08631,M+H,+,1,0,120,,,,,337.06826,M+Na,+,1,0,60,,,,,332.11286,M+NH4,+,1,0,60,,,,,313.07176,M-H,-,1,0,60,,,
Dihydropteroate,XIC,eTargetCompound,C14H14N6O3,,,ESI,5000,,0,,315.12001,M+H,+,1,0,120,,,,,337.10196,M+Na,+,1,0,60,,,,,332.14656,M+NH4,+,1,0,60,,,,,313.10546,M-H,-,1,0,60,,,
momilactone A,XIC,eTargetCompound,C20H26O3,,,ESI,5000,,0,,315.19547,M+H,+,1,0,120,,,,,337.17742,M+Na,+,1,0,60,,,,,332.22202,M+NH4,+,1,0,60,,,,,313.18092,M-H,-,1,0,60,,,
Cannabichromene,XIC,eTargetCompound,C21H30O2,,,ESI,5000,,0,,315.23186,M+H,+,1,0,120,,,,,337.2138,M+Na,+,1,0,60,,,,,332.25841,M+NH4,+,1,0,60,,,,,313.2173,M-H,-,1,0,60,,,
Cannabidiol,XIC,eTargetCompound,C21H30O2,,,ESI,5000,,0,,315.23186,M+H,+,1,0,120,,,,,337.2138,M+Na,+,1,0,60,,,,,332.25841,M+NH4,+,1,0,60,,,,,313.2173,M-H,-,1,0,60,,,
Progesterone; Gesterol; Agolutin,XIC,eTargetCompound,C21H30O2,,,ESI,5000,,0,,315.23186,M+H,+,1,0,120,,,,,337.2138,M+Na,+,1,0,60,,,,,332.25841,M+NH4,+,1,0,60,,,,,313.2173,M-H,-,1,0,60,,,
"[FA hydroxy(18:0)] 12,13-dihydroxy-9Z-octadecenoic acid",XIC,eTargetCompound,C18H34O4,,,ESI,5000,,0,,315.25299,M+H,+,1,0,120,,,,,337.23493,M+Na,+,1,0,60,,,,,332.27954,M+NH4,+,1,0,60,,,,,313.23843,M-H,-,1,0,60,,,
"[FA hydroxy(18:0)] 9,10-dihydroxy-12Z-octadecenoic acid",XIC,eTargetCompound,C18H34O4,,,ESI,5000,,0,,315.25299,M+H,+,1,0,120,,,,,337.23493,M+Na,+,1,0,60,,,,,332.27954,M+NH4,+,1,0,60,,,,,313.23843,M-H,-,1,0,60,,,
3'-Hydroxy-N-methyl-(S)-coclaurine,XIC,eTargetCompound,C18H21NO4,,,ESI,5000,,0,,316.15433,M+H,+,1,0,120,,,,,338.13628,M+Na,+,1,0,60,,,,,333.18088,M+NH4,+,1,0,60,,,,,314.13978,M-H,-,1,0,60,,,
Nororientaline,XIC,eTargetCompound,C18H21NO4,,,ESI,5000,,0,,316.15433,M+H,+,1,0,120,,,,,338.13628,M+Na,+,1,0,60,,,,,333.18088,M+NH4,+,1,0,60,,,,,314.13978,M-H,-,1,0,60,,,
Decanoylcarnitine,XIC,eTargetCompound,C17H33NO4,,,ESI,5000,,0,,316.24824,M+H,+,1,0,120,,,,,338.23018,M+Na,+,1,0,60,,,,,333.27478,M+NH4,+,1,0,60,,,,,314.23368,M-H,-,1,0,60,,,
"3',4',5,7-Tetrahydroxy-3-methoxyflavone",XIC,eTargetCompound,C16H12O7,,,ESI,5000,,0,,317.06558,M+H,+,1,0,120,,,,,339.04752,M+Na,+,1,0,60,,,,,334.09213,M+NH4,+,1,0,60,,,,,315.05103,M-H,-,1,0,60,,,
Isorhamnetin,XIC,eTargetCompound,C16H12O7,,,ESI,5000,,0,,317.06558,M+H,+,1,0,120,,,,,339.04752,M+Na,+,1,0,60,,,,,334.09213,M+NH4,+,1,0,60,,,,,315.05103,M-H,-,1,0,60,,,
Petunidin,XIC,eTargetCompound,C16H12O7,,,ESI,5000,,0,,317.06558,M+H,+,1,0,120,,,,,339.04752,M+Na,+,1,0,60,,,,,334.09213,M+NH4,+,1,0,60,,,,,315.05103,M-H,-,1,0,60,,,
Homoferreirin,XIC,eTargetCompound,C17H16O6,,,ESI,5000,,0,,317.10196,M+H,+,1,0,120,,,,,339.08391,M+Na,+,1,0,60,,,,,334.12851,M+NH4,+,1,0,60,,,,,315.08741,M-H,-,1,0,60,,,
"3,4-Dihydroxy-9,10-secoandrosta-1,3,5(10)-triene-9,17-dione",XIC,eTargetCompound,C19H24O4,,,ESI,5000,,0,,317.17474,M+H,+,1,0,120,,,,,339.15668,M+Na,+,1,0,60,,,,,334.20128,M+NH4,+,1,0,60,,,,,315.16018,M-H,-,1,0,60,,,
Gibberellin A9,XIC,eTargetCompound,C19H24O4,,,ESI,5000,,0,,317.17474,M+H,+,1,0,120,,,,,339.15668,M+Na,+,1,0,60,,,,,334.20128,M+NH4,+,1,0,60,,,,,315.16018,M-H,-,1,0,60,,,
"[FA oxo(4:0)] 11-oxo-5Z,9,12E,14E-prostatetraenoic acid",XIC,eTargetCompound,C20H28O3,,,ESI,5000,,0,,317.21112,M+H,+,1,0,120,,,,,339.19307,M+Na,+,1,0,60,,,,,334.23767,M+NH4,+,1,0,60,,,,,315.19657,M-H,-,1,0,60,,,
Gibberellin A12 aldehyde,XIC,eTargetCompound,C20H28O3,,,ESI,5000,,0,,317.21112,M+H,+,1,0,120,,,,,339.19307,M+Na,+,1,0,60,,,,,334.23767,M+NH4,+,1,0,60,,,,,315.19657,M-H,-,1,0,60,,,
20alpha-Hydroxy-4-pregnen-3-one,XIC,eTargetCompound,C21H32O2,,,ESI,5000,,0,,317.24751,M+H,+,1,0,120,,,,,339.22945,M+Na,+,1,0,60,,,,,334.27406,M+NH4,+,1,0,60,,,,,315.23295,M-H,-,1,0,60,,,
"5a-Pregnane-3,20-dione ",XIC,eTargetCompound,C21H32O2,,,ESI,5000,,0,,317.24751,M+H,+,1,0,120,,,,,339.22945,M+Na,+,1,0,60,,,,,334.27406,M+NH4,+,1,0,60,,,,,315.23295,M-H,-,1,0,60,,,
"5beta-Pregnane-3,20-dione",XIC,eTargetCompound,C21H32O2,,,ESI,5000,,0,,317.24751,M+H,+,1,0,120,,,,,339.22945,M+Na,+,1,0,60,,,,,334.27406,M+NH4,+,1,0,60,,,,,315.23295,M-H,-,1,0,60,,,
Pregnenolone,XIC,eTargetCompound,C21H32O2,,,ESI,5000,,0,,317.24751,M+H,+,1,0,120,,,,,339.22945,M+Na,+,1,0,60,,,,,334.27406,M+NH4,+,1,0,60,,,,,315.23295,M-H,-,1,0,60,,,
Urushiol III,XIC,eTargetCompound,C21H32O2,,,ESI,5000,,0,,317.24751,M+H,+,1,0,120,,,,,339.22945,M+Na,+,1,0,60,,,,,334.27406,M+NH4,+,1,0,60,,,,,315.23295,M-H,-,1,0,60,,,
"(9S,10S)-9,10-Dihydroxyoctadecanoate",XIC,eTargetCompound,C18H36O4,,,ESI,5000,,0,,317.26864,M+H,+,1,0,120,,,,,339.25058,M+Na,+,1,0,60,,,,,334.29519,M+NH4,+,1,0,60,,,,,315.25408,M-H,-,1,0,60,,,
"Phytosphingosine; D-Ribo-2-amino-1,3,4-Octadecanetriol",XIC,eTargetCompound,C18H39NO3,,,ESI,5000,,0,,318.30027,M+H,+,1,0,120,,,,,340.28222,M+Na,+,1,0,60,,,,,335.32682,M+NH4,+,1,0,60,,,,,316.28572,M-H,-,1,0,60,,,
3-Deoxy-D-manno-octulosonate 8-phosphate,XIC,eTargetCompound,C8H15O11P,,,ESI,5000,,0,,319.04247,M+H,+,1,0,120,,,,,341.02442,M+Na,+,1,0,60,,,,,336.06902,M+NH4,+,1,0,60,,,,,317.02792,M-H,-,1,0,60,,,
"3,3',4',5,7,8-Hexahydroxyflavone",XIC,eTargetCompound,C15H10O8,,,ESI,5000,,0,,319.04484,M+H,+,1,0,120,,,,,341.02679,M+Na,+,1,0,60,,,,,336.07139,M+NH4,+,1,0,60,,,,,317.03029,M-H,-,1,0,60,,,
Myricetin,XIC,eTargetCompound,C15H10O8,,,ESI,5000,,0,,319.04484,M+H,+,1,0,120,,,,,341.02679,M+Na,+,1,0,60,,,,,336.07139,M+NH4,+,1,0,60,,,,,317.03029,M-H,-,1,0,60,,,
[PK] Lecanoric acid,XIC,eTargetCompound,C16H14O7,,,ESI,5000,,0,,319.08123,M+H,+,1,0,120,,,,,341.06317,M+Na,+,1,0,60,,,,,336.10778,M+NH4,+,1,0,60,,,,,317.06668,M-H,-,1,0,60,,,
Demethylsulochrin,XIC,eTargetCompound,C16H14O7,,,ESI,5000,,0,,319.08123,M+H,+,1,0,120,,,,,341.06317,M+Na,+,1,0,60,,,,,336.10778,M+NH4,+,1,0,60,,,,,317.06668,M-H,-,1,0,60,,,
Tamarixetin,XIC,eTargetCompound,C16H14O7,,,ESI,5000,,0,,319.08123,M+H,+,1,0,120,,,,,341.06317,M+Na,+,1,0,60,,,,,336.10778,M+NH4,+,1,0,60,,,,,317.06668,M-H,-,1,0,60,,,
Ubiquinone-2 (CoQ2),XIC,eTargetCompound,C19H26O4,,,ESI,5000,,0,,319.19039,M+H,+,1,0,120,,,,,341.17233,M+Na,+,1,0,60,,,,,336.21693,M+NH4,+,1,0,60,,,,,317.17583,M-H,-,1,0,60,,,
(-)-Menthyl O-beta-D-glucoside,XIC,eTargetCompound,C16H30O6,,,ESI,5000,,0,,319.21152,M+H,+,1,0,120,,,,,341.19346,M+Na,+,1,0,60,,,,,336.23806,M+NH4,+,1,0,60,,,,,317.19696,M-H,-,1,0,60,,,
"[FA (20:4)] 17R,18S-epoxy-5Z,8Z,11Z,14Z-eicosatetraenoic acid",XIC,eTargetCompound,C20H30O3,,,ESI,5000,,0,,319.22677,M+H,+,1,0,120,,,,,341.20872,M+Na,+,1,0,60,,,,,336.25332,M+NH4,+,1,0,60,,,,,317.21222,M-H,-,1,0,60,,,
"[FA oxo(20:4)] 12-oxo-5Z,8Z,10E,14Z-eicosatetraenoic acid",XIC,eTargetCompound,C20H30O3,,,ESI,5000,,0,,319.22677,M+H,+,1,0,120,,,,,341.20872,M+Na,+,1,0,60,,,,,336.25332,M+NH4,+,1,0,60,,,,,317.21222,M-H,-,1,0,60,,,
"[FA oxo(20:4)] 15-oxo-5Z,8Z,11Z,13E-eicosatetraenoic acid",XIC,eTargetCompound,C20H30O3,,,ESI,5000,,0,,319.22677,M+H,+,1,0,120,,,,,341.20872,M+Na,+,1,0,60,,,,,336.25332,M+NH4,+,1,0,60,,,,,317.21222,M-H,-,1,0,60,,,
"[FA oxo(20:4)] 5-oxo-6E,8Z,11Z,14Z-eicosatetraenoic acid",XIC,eTargetCompound,C20H30O3,,,ESI,5000,,0,,319.22677,M+H,+,1,0,120,,,,,341.20872,M+Na,+,1,0,60,,,,,336.25332,M+NH4,+,1,0,60,,,,,317.21222,M-H,-,1,0,60,,,
ent-7alpha-Hydroxykaur-16-en-19-oic acid,XIC,eTargetCompound,C20H30O3,,,ESI,5000,,0,,319.22677,M+H,+,1,0,120,,,,,341.20872,M+Na,+,1,0,60,,,,,336.25332,M+NH4,+,1,0,60,,,,,317.21222,M-H,-,1,0,60,,,
Leukotriene A4,XIC,eTargetCompound,C20H30O3,,,ESI,5000,,0,,319.22677,M+H,+,1,0,120,,,,,341.20872,M+Na,+,1,0,60,,,,,336.25332,M+NH4,+,1,0,60,,,,,317.21222,M-H,-,1,0,60,,,
Oranabol,XIC,eTargetCompound,C20H30O3,,,ESI,5000,,0,,319.22677,M+H,+,1,0,120,,,,,341.20872,M+Na,+,1,0,60,,,,,336.25332,M+NH4,+,1,0,60,,,,,317.21222,M-H,-,1,0,60,,,
3alpha-Hydroxy-5beta-pregnane-20-one,XIC,eTargetCompound,C21H34O2,,,ESI,5000,,0,,319.26316,M+H,+,1,0,120,,,,,341.2451,M+Na,+,1,0,60,,,,,336.28971,M+NH4,+,1,0,60,,,,,317.2486,M-H,-,1,0,60,,,
3-beta-allopregnanolone,XIC,eTargetCompound,C21H34O2,,,ESI,5000,,0,,319.26316,M+H,+,1,0,120,,,,,341.2451,M+Na,+,1,0,60,,,,,336.28971,M+NH4,+,1,0,60,,,,,317.2486,M-H,-,1,0,60,,,
3beta-Hydroxy-5beta-pregnane-20-one,XIC,eTargetCompound,C21H34O2,,,ESI,5000,,0,,319.26316,M+H,+,1,0,120,,,,,341.2451,M+Na,+,1,0,60,,,,,336.28971,M+NH4,+,1,0,60,,,,,317.2486,M-H,-,1,0,60,,,
Allopregnanolone; 5a-Pregnan-3a-ol-20-one ,XIC,eTargetCompound,C21H34O2,,,ESI,5000,,0,,319.26316,M+H,+,1,0,120,,,,,341.2451,M+Na,+,1,0,60,,,,,336.28971,M+NH4,+,1,0,60,,,,,317.2486,M-H,-,1,0,60,,,
coronatine,XIC,eTargetCompound,C18H25NO4,,,ESI,5000,,0,,320.18563,M+H,+,1,0,120,,,,,342.16758,M+Na,+,1,0,60,,,,,337.21218,M+NH4,+,1,0,60,,,,,318.17108,M-H,-,1,0,60,,,
"2,3-Dihydrogossypetin",XIC,eTargetCompound,C15H12O8,,,ESI,5000,,0,,321.06049,M+H,+,1,0,120,,,,,343.04244,M+Na,+,1,0,60,,,,,338.08704,M+NH4,+,1,0,60,,,,,319.04594,M-H,-,1,0,60,,,
Dihydromyricetin,XIC,eTargetCompound,C15H12O8,,,ESI,5000,,0,,321.06049,M+H,+,1,0,120,,,,,343.04244,M+Na,+,1,0,60,,,,,338.08704,M+NH4,+,1,0,60,,,,,319.04594,M-H,-,1,0,60,,,
4-Coumaroylshikimate,XIC,eTargetCompound,C16H16O7,,,ESI,5000,,0,,321.09688,M+H,+,1,0,120,,,,,343.07882,M+Na,+,1,0,60,,,,,338.12343,M+NH4,+,1,0,60,,,,,319.08233,M-H,-,1,0,60,,,
3-Epihydroxy-2'-deoxymugineic acid,XIC,eTargetCompound,C12H20N2O8,,,ESI,5000,,0,,321.12924,M+H,+,1,0,120,,,,,343.11119,M+Na,+,1,0,60,,,,,338.15579,M+NH4,+,1,0,60,,,,,319.11469,M-H,-,1,0,60,,,
Mugineic acid,XIC,eTargetCompound,C12H20N2O8,,,ESI,5000,,0,,321.12924,M+H,+,1,0,120,,,,,343.11119,M+Na,+,1,0,60,,,,,338.15579,M+NH4,+,1,0,60,,,,,319.11469,M-H,-,1,0,60,,,
Octanoylglucuronide,XIC,eTargetCompound,C14H24O8,,,ESI,5000,,0,,321.15439,M+H,+,1,0,120,,,,,343.13634,M+Na,+,1,0,60,,,,,338.18094,M+NH4,+,1,0,60,,,,,319.13984,M-H,-,1,0,60,,,
Valproicacidglucuronide,XIC,eTargetCompound,C14H24O8,,,ESI,5000,,0,,321.15439,M+H,+,1,0,120,,,,,343.13634,M+Na,+,1,0,60,,,,,338.18094,M+NH4,+,1,0,60,,,,,319.13984,M-H,-,1,0,60,,,
Testolate,XIC,eTargetCompound,C19H28O4,,,ESI,5000,,0,,321.20604,M+H,+,1,0,120,,,,,343.18798,M+Na,+,1,0,60,,,,,338.23258,M+NH4,+,1,0,60,,,,,319.19148,M-H,-,1,0,60,,,
ubiquinol-2,XIC,eTargetCompound,C19H28O4,,,ESI,5000,,0,,321.20604,M+H,+,1,0,120,,,,,343.18798,M+Na,+,1,0,60,,,,,338.23258,M+NH4,+,1,0,60,,,,,319.19148,M-H,-,1,0,60,,,
"[FA (20:3)] 11,12-epoxy-5Z,8Z,14Z-eicosatrienoic acid",XIC,eTargetCompound,C20H32O3,,,ESI,5000,,0,,321.24242,M+H,+,1,0,120,,,,,343.22437,M+Na,+,1,0,60,,,,,338.26897,M+NH4,+,1,0,60,,,,,319.22787,M-H,-,1,0,60,,,
"[FA (20:3)] 14,15-epoxy-5Z,8Z,11Z-eicosatrienoic acid",XIC,eTargetCompound,C20H32O3,,,ESI,5000,,0,,321.24242,M+H,+,1,0,120,,,,,343.22437,M+Na,+,1,0,60,,,,,338.26897,M+NH4,+,1,0,60,,,,,319.22787,M-H,-,1,0,60,,,
"[FA (20:3)] 5,6-epoxy-8Z,11Z,14Z-eicosatrienoic acid",XIC,eTargetCompound,C20H32O3,,,ESI,5000,,0,,321.24242,M+H,+,1,0,120,,,,,343.22437,M+Na,+,1,0,60,,,,,338.26897,M+NH4,+,1,0,60,,,,,319.22787,M-H,-,1,0,60,,,
"[FA (20:3)] 8,9-epoxy-5Z,11Z,14Z-eicosatrienoic acid",XIC,eTargetCompound,C20H32O3,,,ESI,5000,,0,,321.24242,M+H,+,1,0,120,,,,,343.22437,M+Na,+,1,0,60,,,,,338.26897,M+NH4,+,1,0,60,,,,,319.22787,M-H,-,1,0,60,,,
"[FA hydroxy(20:4)] 11R-hydroxy-5Z,8Z,12E,14Z-eicosatetraenoic acid",XIC,eTargetCompound,C20H32O3,,,ESI,5000,,0,,321.24242,M+H,+,1,0,120,,,,,343.22437,M+Na,+,1,0,60,,,,,338.26897,M+NH4,+,1,0,60,,,,,319.22787,M-H,-,1,0,60,,,
"[FA hydroxy(20:4)] 15S-hydroxy-5Z,8Z,11Z,13E-eicosatetraenoic acid",XIC,eTargetCompound,C20H32O3,,,ESI,5000,,0,,321.24242,M+H,+,1,0,120,,,,,343.22437,M+Na,+,1,0,60,,,,,338.26897,M+NH4,+,1,0,60,,,,,319.22787,M-H,-,1,0,60,,,
"[FA hydroxy(20:4)] 16R-hydroxy-5Z,8Z,11Z,14Z-eicosatetraenoic acid",XIC,eTargetCompound,C20H32O3,,,ESI,5000,,0,,321.24242,M+H,+,1,0,120,,,,,343.22437,M+Na,+,1,0,60,,,,,338.26897,M+NH4,+,1,0,60,,,,,319.22787,M-H,-,1,0,60,,,
"[FA hydroxy(20:4)] 19S-hydroxy-5Z,8Z,11Z,14Z-eicosatetraenoic acid",XIC,eTargetCompound,C20H32O3,,,ESI,5000,,0,,321.24242,M+H,+,1,0,120,,,,,343.22437,M+Na,+,1,0,60,,,,,338.26897,M+NH4,+,1,0,60,,,,,319.22787,M-H,-,1,0,60,,,
"[FA hydroxy(20:4)] 5S-hydroxy-6E,8Z,11Z,14Z-eicosatetraenoic acid",XIC,eTargetCompound,C20H32O3,,,ESI,5000,,0,,321.24242,M+H,+,1,0,120,,,,,343.22437,M+Na,+,1,0,60,,,,,338.26897,M+NH4,+,1,0,60,,,,,319.22787,M-H,-,1,0,60,,,
"11,12-EET",XIC,eTargetCompound,C20H32O3,,,ESI,5000,,0,,321.24242,M+H,+,1,0,120,,,,,343.22437,M+Na,+,1,0,60,,,,,338.26897,M+NH4,+,1,0,60,,,,,319.22787,M-H,-,1,0,60,,,
20-HETE; 20-Hydroxyeicosatetraenoic acid,XIC,eTargetCompound,C20H32O3,,,ESI,5000,,0,,321.24242,M+H,+,1,0,120,,,,,343.22437,M+Na,+,1,0,60,,,,,338.26897,M+NH4,+,1,0,60,,,,,319.22787,M-H,-,1,0,60,,,
8S-HETE,XIC,eTargetCompound,C20H32O3,,,ESI,5000,,0,,321.24242,M+H,+,1,0,120,,,,,343.22437,M+Na,+,1,0,60,,,,,338.26897,M+NH4,+,1,0,60,,,,,319.22787,M-H,-,1,0,60,,,
Deoxy-5-methylcytidylate,XIC,eTargetCompound,C10H16N3O7P,,,ESI,5000,,0,,322.07986,M+H,+,1,0,120,,,,,344.06181,M+Na,+,1,0,60,,,,,339.10641,M+NH4,+,1,0,60,,,,,320.06531,M-H,-,1,0,60,,,
"2-Amino-4-oxo-4-alpha-hydroxy-6-(erythro-1',2',3'-Tri- hydroxypropyl)-5,6,7,8-tetrahydroxypterin",XIC,eTargetCompound,C9H15N5O8,,,ESI,5000,,0,,322.09934,M+H,+,1,0,120,,,,,344.08128,M+Na,+,1,0,60,,,,,339.12589,M+NH4,+,1,0,60,,,,,320.08479,M-H,-,1,0,60,,,
gamma-L-Glutamyl-L-cysteinyl-beta-alanine,XIC,eTargetCompound,C11H19N3O6S,,,ESI,5000,,0,,322.10673,M+H,+,1,0,120,,,,,344.08868,M+Na,+,1,0,60,,,,,339.13328,M+NH4,+,1,0,60,,,,,320.09218,M-H,-,1,0,60,,,
S-Methyl GSH,XIC,eTargetCompound,C11H19N3O6S,,,ESI,5000,,0,,322.10673,M+H,+,1,0,120,,,,,344.08868,M+Na,+,1,0,60,,,,,339.13328,M+NH4,+,1,0,60,,,,,320.09218,M-H,-,1,0,60,,,
S-Glutaryldihydrolipoamide,XIC,eTargetCompound,C13H23NO4S2,,,ESI,5000,,0,,322.11413,M+H,+,1,0,120,,,,,344.09607,M+Na,+,1,0,60,,,,,339.14068,M+NH4,+,1,0,60,,,,,320.09957,M-H,-,1,0,60,,,
Cyanidin,XIC,eTargetCompound,C15H11ClO6,,,ESI,5000,,0,,323.03169,M+H,+,1,0,120,,,,,345.01364,M+Na,+,1,0,60,,,,,340.05824,M+NH4,+,1,0,60,,,,,321.01714,M-H,-,1,0,60,,,
Digallate,XIC,eTargetCompound,C14H10O9,,,ESI,5000,,0,,323.03976,M+H,+,1,0,120,,,,,345.0217,M+Na,+,1,0,60,,,,,340.06631,M+NH4,+,1,0,60,,,,,321.02521,M-H,-,1,0,60,,,
NT002_TMP,XIC,eTargetCompound,,,,None,0,,,,,,,,,,,,,,,,,,,,,,,,,,,,,,,,,,321.0493,M-,-,1,28.3,60,,,
Thymidine 5'-monophosphate; dTMP,XIC,eTargetCompound,C10H15N2O8P,,,ESI,5000,,0,,323.06388,M+H,+,1,0,120,,,,,345.04582,M+Na,+,1,0,60,,,,,340.09043,M+NH4,+,1,0,60,,,,,321.04933,M-H,-,1,0,60,,,
Leucodelphinidin,XIC,eTargetCompound,C15H14O8,,,ESI,5000,,0,,323.07614,M+H,+,1,0,120,,,,,345.05809,M+Na,+,1,0,60,,,,,340.10269,M+NH4,+,1,0,60,,,,,321.06159,M-H,-,1,0,60,,,
N-((R)-Pantothenoyl)-L-cysteine,XIC,eTargetCompound,C12H22N2O6S,,,ESI,5000,,0,,323.12713,M+H,+,1,0,120,,,,,345.10908,M+Na,+,1,0,60,,,,,340.15368,M+NH4,+,1,0,60,,,,,321.11258,M-H,-,1,0,60,,,
(-)-Phaseollin,XIC,eTargetCompound,C20H18O4,,,ESI,5000,,0,,323.12779,M+H,+,1,0,120,,,,,345.10973,M+Na,+,1,0,60,,,,,340.15433,M+NH4,+,1,0,60,,,,,321.11323,M-H,-,1,0,60,,,
quinidinone,XIC,eTargetCompound,C20H22N2O2,,,ESI,5000,,0,,323.1754,M+H,+,1,0,120,,,,,345.15735,M+Na,+,1,0,60,,,,,340.20195,M+NH4,+,1,0,60,,,,,321.16085,M-H,-,1,0,60,,,
Decylubiquinone,XIC,eTargetCompound,C19H30O4,,,ESI,5000,,0,,323.22169,M+H,+,1,0,120,,,,,345.20363,M+Na,+,1,0,60,,,,,340.24824,M+NH4,+,1,0,60,,,,,321.20713,M-H,-,1,0,60,,,
p-mercuribenzoate,XIC,eTargetCompound,C7H5HgO2,,,ESI,5000,,0,,324.00686,M+H,+,1,0,120,,,,,345.9888,M+Na,+,1,0,60,,,,,341.03341,M+NH4,+,1,0,60,,,,,321.9923,M-H,-,1,0,60,,,
3'-CMP,XIC,eTargetCompound,C9H14N3O8P,,,ESI,5000,,0,,324.05913,M+H,+,1,0,120,,,,,346.04107,M+Na,+,1,0,60,,,,,341.08568,M+NH4,+,1,0,60,,,,,322.04457,M-H,-,1,0,60,,,
Cytidine 2'-phosphate,XIC,eTargetCompound,C9H14N3O8P,,,ESI,5000,,0,,324.05913,M+H,+,1,0,120,,,,,346.04107,M+Na,+,1,0,60,,,,,341.08568,M+NH4,+,1,0,60,,,,,322.04457,M-H,-,1,0,60,,,
Cytidine 5'-monophosphate,XIC,eTargetCompound,C9H14N3O8P,,,ESI,5000,,0,,324.05913,M+H,+,1,0,120,,,,,346.04107,M+Na,+,1,0,60,,,,,341.08568,M+NH4,+,1,0,60,,,,,322.04457,M-H,-,1,0,60,,,
NC002_CMP,XIC,eTargetCompound,,,,None,0,,,,,,,,,,,,,,,,,,,,,,,,,,,,,,,,,,322.0446,M-,-,1,17.26,60,,,
"6,7,12b,13e-Tetrahydro-4H-bis[1,3]benzodioxolo[5,6-a:4',5'- g]quinolizine",XIC,eTargetCompound,C19H17NO4,,,ESI,5000,,0,,324.12303,M+H,+,1,0,120,,,,,346.10498,M+Na,+,1,0,60,,,,,341.14958,M+NH4,+,1,0,60,,,,,322.10848,M-H,-,1,0,60,,,
5-O-(1-Carboxyvinyl)-3-phosphoshikimate,XIC,eTargetCompound,C10H13O10P,,,ESI,5000,,0,,325.03191,M+H,+,1,0,120,,,,,347.01385,M+Na,+,1,0,60,,,,,342.05846,M+NH4,+,1,0,60,,,,,323.01736,M-H,-,1,0,60,,,
3'-UMP,XIC,eTargetCompound,C9H13N2O9P,,,ESI,5000,,0,,325.04314,M+H,+,1,0,120,,,,,347.02509,M+Na,+,1,0,60,,,,,342.06969,M+NH4,+,1,0,60,,,,,323.02859,M-H,-,1,0,60,,,
Pseudouridine 5'-phosphate,XIC,eTargetCompound,C9H13N2O9P,,,ESI,5000,,0,,325.04314,M+H,+,1,0,120,,,,,347.02509,M+Na,+,1,0,60,,,,,342.06969,M+NH4,+,1,0,60,,,,,323.02859,M-H,-,1,0,60,,,
UMP,XIC,eTargetCompound,C9H13N2O9P,,,ESI,5000,,0,,325.04314,M+H,+,1,0,120,,,,,347.02509,M+Na,+,1,0,60,,,,,342.06969,M+NH4,+,1,0,60,,,,,323.02859,M-H,-,1,0,60,,,
Uridine 2'-phosphate,XIC,eTargetCompound,C9H13N2O9P,,,ESI,5000,,0,,325.04314,M+H,+,1,0,120,,,,,347.02509,M+Na,+,1,0,60,,,,,342.06969,M+NH4,+,1,0,60,,,,,323.02859,M-H,-,1,0,60,,,
NU005_UMP,XIC,eTargetCompound,,,,None,0,,,,,,,,,,,,,,,,,,,,,,,,,,,,,,,,,,323.0286,M-,-,1,30.86,60,,,
Pyochelin,XIC,eTargetCompound,C14H16N2O3S2,,,ESI,5000,,0,,325.06751,M+H,+,1,0,120,,,,,347.04945,M+Na,+,1,0,60,,,,,342.09406,M+NH4,+,1,0,60,,,,,323.05296,M-H,-,1,0,60,,,
Sterigmatocystin,XIC,eTargetCompound,C18H12O6,,,ESI,5000,,0,,325.07066,M+H,+,1,0,120,,,,,347.05261,M+Na,+,1,0,60,,,,,342.09721,M+NH4,+,1,0,60,,,,,323.05611,M-H,-,1,0,60,,,
"Bis-D-fructose 2',1:2,1'-dianhydride",XIC,eTargetCompound,C12H20O10,,,ESI,5000,,0,,325.11292,M+H,+,1,0,120,,,,,347.09487,M+Na,+,1,0,60,,,,,342.13947,M+NH4,+,1,0,60,,,,,323.09837,M-H,-,1,0,60,,,
Phaseollidin,XIC,eTargetCompound,C20H20O4,,,ESI,5000,,0,,325.14344,M+H,+,1,0,120,,,,,347.12538,M+Na,+,1,0,60,,,,,342.16998,M+NH4,+,1,0,60,,,,,323.12888,M-H,-,1,0,60,,,
Procollagen 5-(D-galactosyloxy)-L-lysine,XIC,eTargetCompound,C12H24N2O8,,,ESI,5000,,0,,325.16054,M+H,+,1,0,120,,,,,347.14249,M+Na,+,1,0,60,,,,,342.18709,M+NH4,+,1,0,60,,,,,323.14599,M-H,-,1,0,60,,,
Quinine,XIC,eTargetCompound,C20H24N2O2,,,ESI,5000,,0,,325.19105,M+H,+,1,0,120,,,,,347.173,M+Na,+,1,0,60,,,,,342.2176,M+NH4,+,1,0,60,,,,,323.1765,M-H,-,1,0,60,,,
Decylubiquinol,XIC,eTargetCompound,C19H32O4,,,ESI,5000,,0,,325.23734,M+H,+,1,0,120,,,,,347.21928,M+Na,+,1,0,60,,,,,342.26389,M+NH4,+,1,0,60,,,,,323.22278,M-H,-,1,0,60,,,
tricosane,XIC,eTargetCompound,C23H48,,,ESI,5000,,0,,325.38288,M+H,+,1,0,120,,,,,347.36482,M+Na,+,1,0,60,,,,,342.40943,M+NH4,+,1,0,60,,,,,323.36832,M-H,-,1,0,60,,,
N-Glycolylneuraminic acid,XIC,eTargetCompound,C11H19NO10,,,ESI,5000,,0,,326.10817,M+H,+,1,0,120,,,,,348.09012,M+Na,+,1,0,60,,,,,343.13472,M+NH4,+,1,0,60,,,,,324.09362,M-H,-,1,0,60,,,
(S)-Cheilanthifoline,XIC,eTargetCompound,C19H19NO4,,,ESI,5000,,0,,326.13868,M+H,+,1,0,120,,,,,348.12063,M+Na,+,1,0,60,,,,,343.16523,M+NH4,+,1,0,60,,,,,324.12413,M-H,-,1,0,60,,,
"2,4-Dioxotetrahydropyrimidine D-ribonucleotide",XIC,eTargetCompound,C9H15N2O9P,,,ESI,5000,,0,,327.05879,M+H,+,1,0,120,,,,,349.04074,M+Na,+,1,0,60,,,,,344.08534,M+NH4,+,1,0,60,,,,,325.04424,M-H,-,1,0,60,,,
Sinapoyltartronate,XIC,eTargetCompound,C14H14O9,,,ESI,5000,,0,,327.07106,M+H,+,1,0,120,,,,,349.053,M+Na,+,1,0,60,,,,,344.09761,M+NH4,+,1,0,60,,,,,325.05651,M-H,-,1,0,60,,,
1-O-coumaroyl-&beta;-D-glucose,XIC,eTargetCompound,C15H18O8,,,ESI,5000,,0,,327.10744,M+H,+,1,0,120,,,,,349.08939,M+Na,+,1,0,60,,,,,344.13399,M+NH4,+,1,0,60,,,,,325.09289,M-H,-,1,0,60,,,
4'-O-&beta;-D-glucosyl-cis-p-coumarate,XIC,eTargetCompound,C15H18O8,,,ESI,5000,,0,,327.10744,M+H,+,1,0,120,,,,,349.08939,M+Na,+,1,0,60,,,,,344.13399,M+NH4,+,1,0,60,,,,,325.09289,M-H,-,1,0,60,,,
4-O-beta-D-Glucosyl-4-hydroxycinnamate,XIC,eTargetCompound,C15H18O8,,,ESI,5000,,0,,327.10744,M+H,+,1,0,120,,,,,349.08939,M+Na,+,1,0,60,,,,,344.13399,M+NH4,+,1,0,60,,,,,325.09289,M-H,-,1,0,60,,,
trans-beta-D-Glucosyl-2-hydroxycinnamate,XIC,eTargetCompound,C15H18O8,,,ESI,5000,,0,,327.10744,M+H,+,1,0,120,,,,,349.08939,M+Na,+,1,0,60,,,,,344.13399,M+NH4,+,1,0,60,,,,,325.09289,M-H,-,1,0,60,,,
"6,7-Dimethyl-8-(1-D-ribityl)lumazine",XIC,eTargetCompound,C13H18N4O6,,,ESI,5000,,0,,327.12991,M+H,+,1,0,120,,,,,349.11186,M+Na,+,1,0,60,,,,,344.15646,M+NH4,+,1,0,60,,,,,325.11536,M-H,-,1,0,60,,,
Ajmaline,XIC,eTargetCompound,C20H26N2O2,,,ESI,5000,,0,,327.2067,M+H,+,1,0,120,,,,,349.18865,M+Na,+,1,0,60,,,,,344.23325,M+NH4,+,1,0,60,,,,,325.19215,M-H,-,1,0,60,,,
2-Oxophytanate,XIC,eTargetCompound,C20H38O3,,,ESI,5000,,0,,327.28937,M+H,+,1,0,120,,,,,349.27132,M+Na,+,1,0,60,,,,,344.31592,M+NH4,+,1,0,60,,,,,325.27482,M-H,-,1,0,60,,,
3-methylthiopropyl-desulfoglucosinolate,XIC,eTargetCompound,C11H21NO6S2,,,ESI,5000,,0,,328.08831,M+H,+,1,0,120,,,,,350.07025,M+Na,+,1,0,60,,,,,345.11485,M+NH4,+,1,0,60,,,,,326.07375,M-H,-,1,0,60,,,
(S)-corytuberine,XIC,eTargetCompound,C19H21NO4,,,ESI,5000,,0,,328.15433,M+H,+,1,0,120,,,,,350.13628,M+Na,+,1,0,60,,,,,345.18088,M+NH4,+,1,0,60,,,,,326.13978,M-H,-,1,0,60,,,
(S)-Scoulerine,XIC,eTargetCompound,C19H21NO4,,,ESI,5000,,0,,328.15433,M+H,+,1,0,120,,,,,350.13628,M+Na,+,1,0,60,,,,,345.18088,M+NH4,+,1,0,60,,,,,326.13978,M-H,-,1,0,60,,,
"1,2-Dehydroreticuline",XIC,eTargetCompound,C19H21NO4,,,ESI,5000,,0,,328.15433,M+H,+,1,0,120,,,,,350.13628,M+Na,+,1,0,60,,,,,345.18088,M+NH4,+,1,0,60,,,,,326.13978,M-H,-,1,0,60,,,
Salutaridine,XIC,eTargetCompound,C19H21NO4,,,ESI,5000,,0,,328.15433,M+H,+,1,0,120,,,,,350.13628,M+Na,+,1,0,60,,,,,345.18088,M+NH4,+,1,0,60,,,,,326.13978,M-H,-,1,0,60,,,
"N,N-Dimethylsphing-4-enine",XIC,eTargetCompound,C20H41NO2,,,ESI,5000,,0,,328.32101,M+H,+,1,0,120,,,,,350.30295,M+Na,+,1,0,60,,,,,345.34756,M+NH4,+,1,0,60,,,,,326.30645,M-H,-,1,0,60,,,
Aflatoxin G,XIC,eTargetCompound,C17H12O7,,,ESI,5000,,0,,329.06558,M+H,+,1,0,120,,,,,351.04752,M+Na,+,1,0,60,,,,,346.09213,M+NH4,+,1,0,60,,,,,327.05103,M-H,-,1,0,60,,,
2-Succinyl-5-enolpyruvyl-6-hydroxy-3-cyclohexene-1-carboxylate,XIC,eTargetCompound,C14H16O9,,,ESI,5000,,0,,329.08671,M+H,+,1,0,120,,,,,351.06865,M+Na,+,1,0,60,,,,,346.11326,M+NH4,+,1,0,60,,,,,327.07216,M-H,-,1,0,60,,,
"7-Hydroxy-2',4',5'-trimethoxyisoflavone",XIC,eTargetCompound,C18H16O6,,,ESI,5000,,0,,329.10196,M+H,+,1,0,120,,,,,351.08391,M+Na,+,1,0,60,,,,,346.12851,M+NH4,+,1,0,60,,,,,327.08741,M-H,-,1,0,60,,,
9-Demethylmunduserone,XIC,eTargetCompound,C18H16O6,,,ESI,5000,,0,,329.10196,M+H,+,1,0,120,,,,,351.08391,M+Na,+,1,0,60,,,,,346.12851,M+NH4,+,1,0,60,,,,,327.08741,M-H,-,1,0,60,,,
7-Hydroxy-6-methyl-8-ribityl lumazine,XIC,eTargetCompound,C12H16N4O7,,,ESI,5000,,0,,329.10918,M+H,+,1,0,120,,,,,351.09112,M+Na,+,1,0,60,,,,,346.13572,M+NH4,+,1,0,60,,,,,327.09462,M-H,-,1,0,60,,,
Crocetin,XIC,eTargetCompound,C20H24O4,,,ESI,5000,,0,,329.17474,M+H,+,1,0,120,,,,,351.15668,M+Na,+,1,0,60,,,,,346.20128,M+NH4,+,1,0,60,,,,,327.16018,M-H,-,1,0,60,,,
"9,11alpha-Epoxypregn-4-ene-3,20-dione",XIC,eTargetCompound,C21H28O3,,,ESI,5000,,0,,329.21112,M+H,+,1,0,120,,,,,351.19307,M+Na,+,1,0,60,,,,,346.23767,M+NH4,+,1,0,60,,,,,327.19657,M-H,-,1,0,60,,,
Docosahexaenoicacid,XIC,eTargetCompound,C22H32O2,,,ESI,5000,,0,,329.24751,M+H,+,1,0,120,,,,,351.22945,M+Na,+,1,0,60,,,,,346.27406,M+NH4,+,1,0,60,,,,,327.23295,M-H,-,1,0,60,,,
L-2-Hydroxyphytanate,XIC,eTargetCompound,C20H40O3,,,ESI,5000,,0,,329.30502,M+H,+,1,0,120,,,,,351.28697,M+Na,+,1,0,60,,,,,346.33157,M+NH4,+,1,0,60,,,,,327.29047,M-H,-,1,0,60,,,
NA001_cAMP,XIC,eTargetCompound,,,,None,0,,,,,,,,,,,,,,,,,,,,,,,,,,,,,,,,,,328.0452,M-,-,1,23.01,60,,,
"2',3'-Cyclic AMP",XIC,eTargetCompound,C10H12N5O6P,,,ESI,5000,,0,,330.0598,M+H,+,1,0,120,,,,,352.04174,M+Na,+,1,0,60,,,,,347.08635,M+NH4,+,1,0,60,,,,,328.04524,M-H,-,1,0,60,,,
"Adenosine 3',5'-cyclic monophosphate (cAMP)",XIC,eTargetCompound,C10H12N5O6P,,,ESI,5000,,0,,330.0598,M+H,+,1,0,120,,,,,352.04174,M+Na,+,1,0,60,,,,,347.08635,M+NH4,+,1,0,60,,,,,328.04524,M-H,-,1,0,60,,,
Desulfoglucotropeolin,XIC,eTargetCompound,C14H19NO6S,,,ESI,5000,,0,,330.10058,M+H,+,1,0,120,,,,,352.08253,M+Na,+,1,0,60,,,,,347.12713,M+NH4,+,1,0,60,,,,,328.08603,M-H,-,1,0,60,,,
Dopamineglucuronide,XIC,eTargetCompound,C14H19NO8,,,ESI,5000,,0,,330.11834,M+H,+,1,0,120,,,,,352.10029,M+Na,+,1,0,60,,,,,347.14489,M+NH4,+,1,0,60,,,,,328.10379,M-H,-,1,0,60,,,
(R)-Reticuline,XIC,eTargetCompound,C19H23NO4,,,ESI,5000,,0,,330.16998,M+H,+,1,0,120,,,,,352.15193,M+Na,+,1,0,60,,,,,347.19653,M+NH4,+,1,0,60,,,,,328.15543,M-H,-,1,0,60,,,
"5,6,8,14-Tetradehydro-3,6-dimethoxy-17-methyl-morphinan-4,7-diol",XIC,eTargetCompound,C19H23NO4,,,ESI,5000,,0,,330.16998,M+H,+,1,0,120,,,,,352.15193,M+Na,+,1,0,60,,,,,347.19653,M+NH4,+,1,0,60,,,,,328.15543,M-H,-,1,0,60,,,
PQQ,XIC,eTargetCompound,C14H6N2O8,,,ESI,5000,,0,,331.01969,M+H,+,1,0,120,,,,,353.00164,M+Na,+,1,0,60,,,,,348.04624,M+NH4,+,1,0,60,,,,,329.00514,M-H,-,1,0,60,,,
(-)-bisdechlorogeodin,XIC,eTargetCompound,C17H14O7,,,ESI,5000,,0,,331.08123,M+H,+,1,0,120,,,,,353.06317,M+Na,+,1,0,60,,,,,348.10778,M+NH4,+,1,0,60,,,,,329.06668,M-H,-,1,0,60,,,
(+)-bisdechlorogeodin,XIC,eTargetCompound,C17H14O7,,,ESI,5000,,0,,331.08123,M+H,+,1,0,120,,,,,353.06317,M+Na,+,1,0,60,,,,,348.10778,M+NH4,+,1,0,60,,,,,329.06668,M-H,-,1,0,60,,,
"3',4',5-Trihydroxy-3,7-dimethoxyflavone; 3,7-Dimethylquercetin",XIC,eTargetCompound,C17H14O7,,,ESI,5000,,0,,331.08123,M+H,+,1,0,120,,,,,353.06317,M+Na,+,1,0,60,,,,,348.10778,M+NH4,+,1,0,60,,,,,329.06668,M-H,-,1,0,60,,,
aflatoxin G2,XIC,eTargetCompound,C17H14O7,,,ESI,5000,,0,,331.08123,M+H,+,1,0,120,,,,,353.06317,M+Na,+,1,0,60,,,,,348.10778,M+NH4,+,1,0,60,,,,,329.06668,M-H,-,1,0,60,,,
Aflatoxin G2,XIC,eTargetCompound,C17H14O7,,,ESI,5000,,0,,331.08123,M+H,+,1,0,120,,,,,353.06317,M+Na,+,1,0,60,,,,,348.10778,M+NH4,+,1,0,60,,,,,329.06668,M-H,-,1,0,60,,,
Gibberellin A51-catabolite,XIC,eTargetCompound,C19H22O5,,,ESI,5000,,0,,331.154,M+H,+,1,0,120,,,,,353.13594,M+Na,+,1,0,60,,,,,348.18055,M+NH4,+,1,0,60,,,,,329.13945,M-H,-,1,0,60,,,
Gibberellin A7,XIC,eTargetCompound,C19H22O5,,,ESI,5000,,0,,331.154,M+H,+,1,0,120,,,,,353.13594,M+Na,+,1,0,60,,,,,348.18055,M+NH4,+,1,0,60,,,,,329.13945,M-H,-,1,0,60,,,
Carnosol,XIC,eTargetCompound,C20H26O4,,,ESI,5000,,0,,331.19039,M+H,+,1,0,120,,,,,353.17233,M+Na,+,1,0,60,,,,,348.21693,M+NH4,+,1,0,60,,,,,329.17583,M-H,-,1,0,60,,,
Gibberellin A15,XIC,eTargetCompound,C20H26O4,,,ESI,5000,,0,,331.19039,M+H,+,1,0,120,,,,,353.17233,M+Na,+,1,0,60,,,,,348.21693,M+NH4,+,1,0,60,,,,,329.17583,M-H,-,1,0,60,,,
"[ST hydrox] 17beta-hydroxyandrost-4-en-3-one, 17-acetate",XIC,eTargetCompound,C21H30O3,,,ESI,5000,,0,,331.22677,M+H,+,1,0,120,,,,,353.20872,M+Na,+,1,0,60,,,,,348.25332,M+NH4,+,1,0,60,,,,,329.21222,M-H,-,1,0,60,,,
11alpha-Hydroxyprogesterone,XIC,eTargetCompound,C21H30O3,,,ESI,5000,,0,,331.22677,M+H,+,1,0,120,,,,,353.20872,M+Na,+,1,0,60,,,,,348.25332,M+NH4,+,1,0,60,,,,,329.21222,M-H,-,1,0,60,,,
11beta-Hydroxyprogesterone,XIC,eTargetCompound,C21H30O3,,,ESI,5000,,0,,331.22677,M+H,+,1,0,120,,,,,353.20872,M+Na,+,1,0,60,,,,,348.25332,M+NH4,+,1,0,60,,,,,329.21222,M-H,-,1,0,60,,,
16alpha-Hydroxyprogesterone,XIC,eTargetCompound,C21H30O3,,,ESI,5000,,0,,331.22677,M+H,+,1,0,120,,,,,353.20872,M+Na,+,1,0,60,,,,,348.25332,M+NH4,+,1,0,60,,,,,329.21222,M-H,-,1,0,60,,,
17a-Hydroxyprogesterone,XIC,eTargetCompound,C21H30O3,,,ESI,5000,,0,,331.22677,M+H,+,1,0,120,,,,,353.20872,M+Na,+,1,0,60,,,,,348.25332,M+NH4,+,1,0,60,,,,,329.21222,M-H,-,1,0,60,,,
20-Hydroxy-3-oxopregn-4-en-21-al,XIC,eTargetCompound,C21H30O3,,,ESI,5000,,0,,331.22677,M+H,+,1,0,120,,,,,353.20872,M+Na,+,1,0,60,,,,,348.25332,M+NH4,+,1,0,60,,,,,329.21222,M-H,-,1,0,60,,,
Deoxycorticosterone; Cortexone,XIC,eTargetCompound,C21H30O3,,,ESI,5000,,0,,331.22677,M+H,+,1,0,120,,,,,353.20872,M+Na,+,1,0,60,,,,,348.25332,M+NH4,+,1,0,60,,,,,329.21222,M-H,-,1,0,60,,,
"[FA trihydroxy(18:0)] 9,10,13-trihydroxy-11-octadecenoic acid",XIC,eTargetCompound,C18H34O5,,,ESI,5000,,0,,331.2479,M+H,+,1,0,120,,,,,353.22985,M+Na,+,1,0,60,,,,,348.27445,M+NH4,+,1,0,60,,,,,329.23335,M-H,-,1,0,60,,,
"[FA trihydroxy(18:0)] 9S,12S,13S-trihydroxy-10E-octadecenoic acid",XIC,eTargetCompound,C18H34O5,,,ESI,5000,,0,,331.2479,M+H,+,1,0,120,,,,,353.22985,M+Na,+,1,0,60,,,,,348.27445,M+NH4,+,1,0,60,,,,,329.23335,M-H,-,1,0,60,,,
"[FA (22:5)] 7Z,10Z,13Z,16Z,19Z-docosapentaenoic acid",XIC,eTargetCompound,C22H34O2,,,ESI,5000,,0,,331.26316,M+H,+,1,0,120,,,,,353.2451,M+Na,+,1,0,60,,,,,348.28971,M+NH4,+,1,0,60,,,,,329.2486,M-H,-,1,0,60,,,
"Taxa-4(20),11(12)-dien-5alpha-yl acetate",XIC,eTargetCompound,C22H34O2,,,ESI,5000,,0,,331.26316,M+H,+,1,0,120,,,,,353.2451,M+Na,+,1,0,60,,,,,348.28971,M+NH4,+,1,0,60,,,,,329.2486,M-H,-,1,0,60,,,
1-palmitoyl glycerol; MAG(16:0),XIC,eTargetCompound,C19H38O4,,,ESI,5000,,0,,331.28429,M+H,+,1,0,120,,,,,353.26623,M+Na,+,1,0,60,,,,,348.31084,M+NH4,+,1,0,60,,,,,329.26973,M-H,-,1,0,60,,,
DL-a-Palmitin (MG 16:0),XIC,eTargetCompound,C19H38O4,,,ESI,5000,,0,,331.28429,M+H,+,1,0,120,,,,,353.26623,M+Na,+,1,0,60,,,,,348.31084,M+NH4,+,1,0,60,,,,,329.26973,M-H,-,1,0,60,,,
Deoxyadenosine monophosphate,XIC,eTargetCompound,C10H14N5O6P,,,ESI,5000,,0,,332.07545,M+H,+,1,0,120,,,,,354.05739,M+Na,+,1,0,60,,,,,349.102,M+NH4,+,1,0,60,,,,,330.06089,M-H,-,1,0,60,,,
5'-O-beta-D-Glucosylpyridoxine,XIC,eTargetCompound,C14H21NO8,,,ESI,5000,,0,,332.13399,M+H,+,1,0,120,,,,,354.11594,M+Na,+,1,0,60,,,,,349.16054,M+NH4,+,1,0,60,,,,,330.11944,M-H,-,1,0,60,,,
ND001_NAD,XIC,eTargetCompound,,,,None,0,,,,,,,,,,,,,,,,,,,,,,,,,,,,,,,,,,330.5473,M-,-,1,15.28,60,,,
PQQH2,XIC,eTargetCompound,C14H8N2O8,,,ESI,5000,,0,,333.03534,M+H,+,1,0,120,,,,,355.01729,M+Na,+,1,0,60,,,,,350.06189,M+NH4,+,1,0,60,,,,,331.02079,M-H,-,1,0,60,,,
2'-deoxyinosine 5'-monophosphate; dIMP,XIC,eTargetCompound,C10H13N4O7P,,,ESI,5000,,0,,333.05946,M+H,+,1,0,120,,,,,355.04141,M+Na,+,1,0,60,,,,,350.08601,M+NH4,+,1,0,60,,,,,331.04491,M-H,-,1,0,60,,,
2'-Deoxyinosine 5'-phosphate,XIC,eTargetCompound,C10H13N4O7P,,,ESI,5000,,0,,333.05946,M+H,+,1,0,120,,,,,355.04141,M+Na,+,1,0,60,,,,,350.08601,M+NH4,+,1,0,60,,,,,331.04491,M-H,-,1,0,60,,,
"3,3',4',5,7-Pentahydroxy-8-methoxyflavone",XIC,eTargetCompound,C16H12O8,,,ESI,5000,,0,,333.06049,M+H,+,1,0,120,,,,,355.04244,M+Na,+,1,0,60,,,,,350.08704,M+NH4,+,1,0,60,,,,,331.04594,M-H,-,1,0,60,,,
Laricitrin,XIC,eTargetCompound,C16H12O8,,,ESI,5000,,0,,333.06049,M+H,+,1,0,120,,,,,355.04244,M+Na,+,1,0,60,,,,,350.08704,M+NH4,+,1,0,60,,,,,331.04594,M-H,-,1,0,60,,,
1-O-Galloyl-beta-D-glucose,XIC,eTargetCompound,C13H16O10,,,ESI,5000,,0,,333.08162,M+H,+,1,0,120,,,,,355.06357,M+Na,+,1,0,60,,,,,350.10817,M+NH4,+,1,0,60,,,,,331.06707,M-H,-,1,0,60,,,
Sulochrin,XIC,eTargetCompound,C17H16O7,,,ESI,5000,,0,,333.09688,M+H,+,1,0,120,,,,,355.07882,M+Na,+,1,0,60,,,,,350.12343,M+NH4,+,1,0,60,,,,,331.08233,M-H,-,1,0,60,,,
Sanguinarine,XIC,eTargetCompound,C20H14NO4,,,ESI,5000,,0,,333.09956,M+H,+,1,0,120,,,,,355.0815,M+Na,+,1,0,60,,,,,350.12611,M+NH4,+,1,0,60,,,,,331.08501,M-H,-,1,0,60,,,
Gibberellin A20,XIC,eTargetCompound,C19H24O5,,,ESI,5000,,0,,333.16965,M+H,+,1,0,120,,,,,355.1516,M+Na,+,1,0,60,,,,,350.1962,M+NH4,+,1,0,60,,,,,331.1551,M-H,-,1,0,60,,,
Gibberellin A4,XIC,eTargetCompound,C19H24O5,,,ESI,5000,,0,,333.16965,M+H,+,1,0,120,,,,,355.1516,M+Na,+,1,0,60,,,,,350.1962,M+NH4,+,1,0,60,,,,,331.1551,M-H,-,1,0,60,,,
Gibberellin A51,XIC,eTargetCompound,C19H24O5,,,ESI,5000,,0,,333.16965,M+H,+,1,0,120,,,,,355.1516,M+Na,+,1,0,60,,,,,350.1962,M+NH4,+,1,0,60,,,,,331.1551,M-H,-,1,0,60,,,
"(2S,3S)-2-Hydroxytridecane-1,2,3-tricarboxylate",XIC,eTargetCompound,C16H28O7,,,ESI,5000,,0,,333.19078,M+H,+,1,0,120,,,,,355.17272,M+Na,+,1,0,60,,,,,350.21733,M+NH4,+,1,0,60,,,,,331.17623,M-H,-,1,0,60,,,
Gibberellin A12,XIC,eTargetCompound,C20H28O4,,,ESI,5000,,0,,333.20604,M+H,+,1,0,120,,,,,355.18798,M+Na,+,1,0,60,,,,,350.23258,M+NH4,+,1,0,60,,,,,331.19148,M-H,-,1,0,60,,,
Gibberellin A14 aldehyde,XIC,eTargetCompound,C20H28O4,,,ESI,5000,,0,,333.20604,M+H,+,1,0,120,,,,,355.18798,M+Na,+,1,0,60,,,,,350.23258,M+NH4,+,1,0,60,,,,,331.19148,M-H,-,1,0,60,,,
16-alpha-Hydroxypregnenolone,XIC,eTargetCompound,C21H32O3,,,ESI,5000,,0,,333.24242,M+H,+,1,0,120,,,,,355.22437,M+Na,+,1,0,60,,,,,350.26897,M+NH4,+,1,0,60,,,,,331.22787,M-H,-,1,0,60,,,
17a-Hydroxypregnenolone,XIC,eTargetCompound,C21H32O3,,,ESI,5000,,0,,333.24242,M+H,+,1,0,120,,,,,355.22437,M+Na,+,1,0,60,,,,,350.26897,M+NH4,+,1,0,60,,,,,331.22787,M-H,-,1,0,60,,,
"17alpha,20alpha-Dihydroxypregn-4-en-3-one",XIC,eTargetCompound,C21H32O3,,,ESI,5000,,0,,333.24242,M+H,+,1,0,120,,,,,355.22437,M+Na,+,1,0,60,,,,,350.26897,M+NH4,+,1,0,60,,,,,331.22787,M-H,-,1,0,60,,,
ND002_NADH,XIC,eTargetCompound,,,,None,0,,,,,,,,,,,,,,,,,,,,,,,,,,,,,,,,,,331.5551,M-,-,1,24.63,60,,,
Dihydrosanguinarine,XIC,eTargetCompound,C20H15NO4,,,ESI,5000,,0,,334.10738,M+H,+,1,0,120,,,,,356.08933,M+Na,+,1,0,60,,,,,351.13393,M+NH4,+,1,0,60,,,,,332.09283,M-H,-,1,0,60,,,
"5-(3,4-Diacetoxybut-1-ynyl)-2,2'-bithiophene",XIC,eTargetCompound,C16H14O4S2,,,ESI,5000,,0,,335.04063,M+H,+,1,0,120,,,,,357.02257,M+Na,+,1,0,60,,,,,352.06718,M+NH4,+,1,0,60,,,,,333.02607,M-H,-,1,0,60,,,
Beta-Nicotinamide mononucleotide,XIC,eTargetCompound,C11H15N2O8P,,,ESI,5000,,0,,335.06388,M+H,+,1,0,120,,,,,357.04582,M+Na,+,1,0,60,,,,,352.09043,M+NH4,+,1,0,60,,,,,333.04933,M-H,-,1,0,60,,,
2-(alpha-D-Galactosyl)-sn-glycerol 3-phosphate,XIC,eTargetCompound,C9H19O11P,,,ESI,5000,,0,,335.07377,M+H,+,1,0,120,,,,,357.05572,M+Na,+,1,0,60,,,,,352.10032,M+NH4,+,1,0,60,,,,,333.05922,M-H,-,1,0,60,,,
2-(beta-D-Glucosyl)-sn-glycerol 3-phosphate,XIC,eTargetCompound,C9H19O11P,,,ESI,5000,,0,,335.07377,M+H,+,1,0,120,,,,,357.05572,M+Na,+,1,0,60,,,,,352.10032,M+NH4,+,1,0,60,,,,,333.05922,M-H,-,1,0,60,,,
"alpha-D-Galactosyl-(1,1')-sn-glycerol 3-phosphate",XIC,eTargetCompound,C9H19O11P,,,ESI,5000,,0,,335.07377,M+H,+,1,0,120,,,,,357.05572,M+Na,+,1,0,60,,,,,352.10032,M+NH4,+,1,0,60,,,,,333.05922,M-H,-,1,0,60,,,
sn-glycero-3-Phospho-1-inositol,XIC,eTargetCompound,C9H19O11P,,,ESI,5000,,0,,335.07377,M+H,+,1,0,120,,,,,357.05572,M+Na,+,1,0,60,,,,,352.10032,M+NH4,+,1,0,60,,,,,333.05922,M-H,-,1,0,60,,,
Vinorine,XIC,eTargetCompound,C21H22N2O2,,,ESI,5000,,0,,335.1754,M+H,+,1,0,120,,,,,357.15735,M+Na,+,1,0,60,,,,,352.20195,M+NH4,+,1,0,60,,,,,333.16085,M-H,-,1,0,60,,,
"[FA hydroxy(20:4)] 5S-hydroxy-12-keto-6Z,8E,10E,14Z-eicosatetraenoic acid",XIC,eTargetCompound,C20H30O4,,,ESI,5000,,0,,335.22169,M+H,+,1,0,120,,,,,357.20363,M+Na,+,1,0,60,,,,,352.24824,M+NH4,+,1,0,60,,,,,333.20713,M-H,-,1,0,60,,,
"[FA hydroxy,oxo(3:0)] 15S-hydroxy-9-oxo-5Z,8(12),13E-prostatrienoic acid",XIC,eTargetCompound,C20H30O4,,,ESI,5000,,0,,335.22169,M+H,+,1,0,120,,,,,357.20363,M+Na,+,1,0,60,,,,,352.24824,M+NH4,+,1,0,60,,,,,333.20713,M-H,-,1,0,60,,,
"[FA oxo,hydroxy(3:0)] 11-oxo-15S-hydroxy-5Z,9Z,13E-prostatrienoic acid",XIC,eTargetCompound,C20H30O4,,,ESI,5000,,0,,335.22169,M+H,+,1,0,120,,,,,357.20363,M+Na,+,1,0,60,,,,,352.24824,M+NH4,+,1,0,60,,,,,333.20713,M-H,-,1,0,60,,,
"6beta,7beta-Dihydroxykaurenoic acid",XIC,eTargetCompound,C20H30O4,,,ESI,5000,,0,,335.22169,M+H,+,1,0,120,,,,,357.20363,M+Na,+,1,0,60,,,,,352.24824,M+NH4,+,1,0,60,,,,,333.20713,M-H,-,1,0,60,,,
Emopamil,XIC,eTargetCompound,C23H30N2,,,ESI,5000,,0,,335.24818,M+H,+,1,0,120,,,,,357.23012,M+Na,+,1,0,60,,,,,352.27472,M+NH4,+,1,0,60,,,,,333.23362,M-H,-,1,0,60,,,
5-alpha-THDOC,XIC,eTargetCompound,C21H34O3,,,ESI,5000,,0,,335.25807,M+H,+,1,0,120,,,,,357.24002,M+Na,+,1,0,60,,,,,352.28462,M+NH4,+,1,0,60,,,,,333.24352,M-H,-,1,0,60,,,
"13,16,19-Docosatrienoic acid",XIC,eTargetCompound,C22H38O2,,,ESI,5000,,0,,335.29446,M+H,+,1,0,120,,,,,357.2764,M+Na,+,1,0,60,,,,,352.32101,M+NH4,+,1,0,60,,,,,333.2799,M-H,-,1,0,60,,,
Dihydroneopterin phosphate,XIC,eTargetCompound,C9H14N5O7P,,,ESI,5000,,0,,336.07036,M+H,+,1,0,120,,,,,358.05231,M+Na,+,1,0,60,,,,,353.09691,M+NH4,+,1,0,60,,,,,334.05581,M-H,-,1,0,60,,,
S-Formylglutathione,XIC,eTargetCompound,C11H17N3O7S,,,ESI,5000,,0,,336.086,M+H,+,1,0,120,,,,,358.06794,M+Na,+,1,0,60,,,,,353.11255,M+NH4,+,1,0,60,,,,,334.07144,M-H,-,1,0,60,,,
N4-(Acetyl-beta-D-glucosaminyl)asparagine,XIC,eTargetCompound,C12H21N3O8,,,ESI,5000,,0,,336.14014,M+H,+,1,0,120,,,,,358.12209,M+Na,+,1,0,60,,,,,353.16669,M+NH4,+,1,0,60,,,,,334.12559,M-H,-,1,0,60,,,
Isopentenyl adenosine,XIC,eTargetCompound,C15H21N5O4,,,ESI,5000,,0,,336.16663,M+H,+,1,0,120,,,,,358.14858,M+Na,+,1,0,60,,,,,353.19318,M+NH4,+,1,0,60,,,,,334.15208,M-H,-,1,0,60,,,
Senecionine,XIC,eTargetCompound,C18H25NO5,,,ESI,5000,,0,,336.18055,M+H,+,1,0,120,,,,,358.16249,M+Na,+,1,0,60,,,,,353.2071,M+NH4,+,1,0,60,,,,,334.166,M-H,-,1,0,60,,,
Selenocystine,XIC,eTargetCompound,C6H12N2O4Se2,,,ESI,5000,,0,,336.92003,M+H,+,1,0,120,,,,,358.90197,M+Na,+,1,0,60,,,,,353.94658,M+NH4,+,1,0,60,,,,,334.90547,M-H,-,1,0,60,,,
Thiamine,XIC,eTargetCompound,C12H18Cl2N4OS,,,ESI,5000,,0,,337.06511,M+H,+,1,0,120,,,,,359.04706,M+Na,+,1,0,60,,,,,354.09166,M+NH4,+,1,0,60,,,,,335.05056,M-H,-,1,0,60,,,
5-O-Caffeoylshikimic acid,XIC,eTargetCompound,C16H16O8,,,ESI,5000,,0,,337.09179,M+H,+,1,0,120,,,,,359.07374,M+Na,+,1,0,60,,,,,354.11834,M+NH4,+,1,0,60,,,,,335.07724,M-H,-,1,0,60,,,
3-Epihydroxymugineic acid,XIC,eTargetCompound,C12H20N2O9,,,ESI,5000,,0,,337.12416,M+H,+,1,0,120,,,,,359.1061,M+Na,+,1,0,60,,,,,354.15071,M+NH4,+,1,0,60,,,,,335.1096,M-H,-,1,0,60,,,
Berberine,XIC,eTargetCompound,C20H18NO4,,,ESI,5000,,0,,337.13086,M+H,+,1,0,120,,,,,359.1128,M+Na,+,1,0,60,,,,,354.15741,M+NH4,+,1,0,60,,,,,335.11631,M-H,-,1,0,60,,,
Steroid O-sulfate,XIC,eTargetCompound,C18H24O4S,,,ESI,5000,,0,,337.14681,M+H,+,1,0,120,,,,,359.12875,M+Na,+,1,0,60,,,,,354.17336,M+NH4,+,1,0,60,,,,,335.13225,M-H,-,1,0,60,,,
alpha-Cyclopiazonate,XIC,eTargetCompound,C20H20N2O3,,,ESI,5000,,0,,337.15467,M+H,+,1,0,120,,,,,359.13661,M+Na,+,1,0,60,,,,,354.18122,M+NH4,+,1,0,60,,,,,335.14012,M-H,-,1,0,60,,,
Catharanthine,XIC,eTargetCompound,C21H24N2O2,,,ESI,5000,,0,,337.19105,M+H,+,1,0,120,,,,,359.173,M+Na,+,1,0,60,,,,,354.2176,M+NH4,+,1,0,60,,,,,335.1765,M-H,-,1,0,60,,,
Tabersonine,XIC,eTargetCompound,C21H24N2O2,,,ESI,5000,,0,,337.19105,M+H,+,1,0,120,,,,,359.173,M+Na,+,1,0,60,,,,,354.2176,M+NH4,+,1,0,60,,,,,335.1765,M-H,-,1,0,60,,,
"(5Z,9E,14Z)-(8xi,11R,12S)-11,12-Epoxy-8-hydroxyicosa-5,9,14-trienoic acid",XIC,eTargetCompound,C20H32O4,,,ESI,5000,,0,,337.23734,M+H,+,1,0,120,,,,,359.21928,M+Na,+,1,0,60,,,,,354.26389,M+NH4,+,1,0,60,,,,,335.22278,M-H,-,1,0,60,,,
"[FA (20:4)] 11R-hydroperoxy-5Z,8Z,12E,14Z-eicosatetraenoic acid",XIC,eTargetCompound,C20H32O4,,,ESI,5000,,0,,337.23734,M+H,+,1,0,120,,,,,359.21928,M+Na,+,1,0,60,,,,,354.26389,M+NH4,+,1,0,60,,,,,335.22278,M-H,-,1,0,60,,,
"[FA (20:4)] 12R-hydroperoxy-5Z,8Z,10E,14Z-eicosatetraenoic acid",XIC,eTargetCompound,C20H32O4,,,ESI,5000,,0,,337.23734,M+H,+,1,0,120,,,,,359.21928,M+Na,+,1,0,60,,,,,354.26389,M+NH4,+,1,0,60,,,,,335.22278,M-H,-,1,0,60,,,
"[FA (20:4)] 5S-hydroperoxy-6E,8Z,11Z,14Z-eicosatetraenoic acid",XIC,eTargetCompound,C20H32O4,,,ESI,5000,,0,,337.23734,M+H,+,1,0,120,,,,,359.21928,M+Na,+,1,0,60,,,,,354.26389,M+NH4,+,1,0,60,,,,,335.22278,M-H,-,1,0,60,,,
"[FA (20:4)] 8S-hydoperoxy-5Z,9E,11Z,14Z-eicosatetraenoic acid",XIC,eTargetCompound,C20H32O4,,,ESI,5000,,0,,337.23734,M+H,+,1,0,120,,,,,359.21928,M+Na,+,1,0,60,,,,,354.26389,M+NH4,+,1,0,60,,,,,335.22278,M-H,-,1,0,60,,,
"[FA hydroxy(20:3)] 10-hydroxy-11R,12S-epoxy-5Z,8Z,14Z-eicosatrienoic acid",XIC,eTargetCompound,C20H32O4,,,ESI,5000,,0,,337.23734,M+H,+,1,0,120,,,,,359.21928,M+Na,+,1,0,60,,,,,354.26389,M+NH4,+,1,0,60,,,,,335.22278,M-H,-,1,0,60,,,
"[FA hydroxy(20:3)] 11,12-epoxy-15S-hydroxy-5Z,8Z,13E-eicosatrienoic acid",XIC,eTargetCompound,C20H32O4,,,ESI,5000,,0,,337.23734,M+H,+,1,0,120,,,,,359.21928,M+Na,+,1,0,60,,,,,354.26389,M+NH4,+,1,0,60,,,,,335.22278,M-H,-,1,0,60,,,
"[FA hydroxy(20:3)] 11-hydroxy-14,15-epoxy-5Z,8Z,12E-eicosatrienoic acid",XIC,eTargetCompound,C20H32O4,,,ESI,5000,,0,,337.23734,M+H,+,1,0,120,,,,,359.21928,M+Na,+,1,0,60,,,,,354.26389,M+NH4,+,1,0,60,,,,,335.22278,M-H,-,1,0,60,,,
"[FA hydroxy(20:3)] 8-hydroxy-11S,12S-epoxy-5Z,14Z,9E-eicosatrienoic acid",XIC,eTargetCompound,C20H32O4,,,ESI,5000,,0,,337.23734,M+H,+,1,0,120,,,,,359.21928,M+Na,+,1,0,60,,,,,354.26389,M+NH4,+,1,0,60,,,,,335.22278,M-H,-,1,0,60,,,
"[FA oxo,hydroxy(2:0)] 9-oxo-15S-hydroxy-11Z,13E-prostadienoic acid",XIC,eTargetCompound,C20H32O4,,,ESI,5000,,0,,337.23734,M+H,+,1,0,120,,,,,359.21928,M+Na,+,1,0,60,,,,,354.26389,M+NH4,+,1,0,60,,,,,335.22278,M-H,-,1,0,60,,,
12(S)-HPETE,XIC,eTargetCompound,C20H32O4,,,ESI,5000,,0,,337.23734,M+H,+,1,0,120,,,,,359.21928,M+Na,+,1,0,60,,,,,354.26389,M+NH4,+,1,0,60,,,,,335.22278,M-H,-,1,0,60,,,
Prostaglandin A1,XIC,eTargetCompound,C20H32O4,,,ESI,5000,,0,,337.23734,M+H,+,1,0,120,,,,,359.21928,M+Na,+,1,0,60,,,,,354.26389,M+NH4,+,1,0,60,,,,,335.22278,M-H,-,1,0,60,,,
Nicotinic acid mononucleotide,XIC,eTargetCompound,C11H16NO9P,,,ESI,5000,,0,,338.06354,M+H,+,1,0,120,,,,,360.04549,M+Na,+,1,0,60,,,,,355.09009,M+NH4,+,1,0,60,,,,,336.04899,M-H,-,1,0,60,,,
5-Hydroxymethyldeoxycytidylate,XIC,eTargetCompound,C10H16N3O8P,,,ESI,5000,,0,,338.07478,M+H,+,1,0,120,,,,,360.05672,M+Na,+,1,0,60,,,,,355.10133,M+NH4,+,1,0,60,,,,,336.06022,M-H,-,1,0,60,,,
S-(Hydroxymethyl)glutathione,XIC,eTargetCompound,C11H19N3O7S,,,ESI,5000,,0,,338.10165,M+H,+,1,0,120,,,,,360.08359,M+Na,+,1,0,60,,,,,355.1282,M+NH4,+,1,0,60,,,,,336.08709,M-H,-,1,0,60,,,
Indole-3-acetyl-beta-1-D-glucoside,XIC,eTargetCompound,C16H19NO7,,,ESI,5000,,0,,338.12343,M+H,+,1,0,120,,,,,360.10537,M+Na,+,1,0,60,,,,,355.14998,M+NH4,+,1,0,60,,,,,336.10888,M-H,-,1,0,60,,,
Indole-3-acetyl-myo-inositol,XIC,eTargetCompound,C16H19NO7,,,ESI,5000,,0,,338.12343,M+H,+,1,0,120,,,,,360.10537,M+Na,+,1,0,60,,,,,355.14998,M+NH4,+,1,0,60,,,,,336.10888,M-H,-,1,0,60,,,
(S)-cis-N-methylstylopine,XIC,eTargetCompound,C20H19NO4,,,ESI,5000,,0,,338.13868,M+H,+,1,0,120,,,,,360.12063,M+Na,+,1,0,60,,,,,355.16523,M+NH4,+,1,0,60,,,,,336.12413,M-H,-,1,0,60,,,
Columbamine,XIC,eTargetCompound,C20H19NO4,,,ESI,5000,,0,,338.13868,M+H,+,1,0,120,,,,,360.12063,M+Na,+,1,0,60,,,,,355.16523,M+NH4,+,1,0,60,,,,,336.12413,M-H,-,1,0,60,,,
mercuriphenyl acetate,XIC,eTargetCompound,C8H8HgO2,,,ESI,5000,,0,,339.03033,M+H,+,1,0,120,,,,,361.01228,M+Na,+,1,0,60,,,,,356.05688,M+NH4,+,1,0,60,,,,,337.01578,M-H,-,1,0,60,,,
1-(5-Phosphoribosyl)imidazole-4-acetate,XIC,eTargetCompound,C10H15N2O9P,,,ESI,5000,,0,,339.05879,M+H,+,1,0,120,,,,,361.04074,M+Na,+,1,0,60,,,,,356.08534,M+NH4,+,1,0,60,,,,,337.04424,M-H,-,1,0,60,,,
Aicar Monophosphate; 5-Aminoimidazole-4-carboxamide-1-beta-D-ribofuranosyl 5'-monophosphate,XIC,eTargetCompound,C9H15N4O8P,,,ESI,5000,,0,,339.07003,M+H,+,1,0,120,,,,,361.05197,M+Na,+,1,0,60,,,,,356.09658,M+NH4,+,1,0,60,,,,,337.05547,M-H,-,1,0,60,,,
"6-(2-Amino-2-carboxyethyl)-7,8-dioxo-7,8-dihydroquinoline-2,4- dicarboxylate",XIC,eTargetCompound,C14H14N2O8,,,ESI,5000,,0,,339.08229,M+H,+,1,0,120,,,,,361.06424,M+Na,+,1,0,60,,,,,356.10884,M+NH4,+,1,0,60,,,,,337.06774,M-H,-,1,0,60,,,
[PK] 7-O-Methylsterigmatocystin,XIC,eTargetCompound,C19H14O6,,,ESI,5000,,0,,339.08631,M+H,+,1,0,120,,,,,361.06826,M+Na,+,1,0,60,,,,,356.11286,M+NH4,+,1,0,60,,,,,337.07176,M-H,-,1,0,60,,,
p-Coumaroyl quinic acid,XIC,eTargetCompound,C16H18O8,,,ESI,5000,,0,,339.10744,M+H,+,1,0,120,,,,,361.08939,M+Na,+,1,0,60,,,,,356.13399,M+NH4,+,1,0,60,,,,,337.09289,M-H,-,1,0,60,,,
(-)-Glyceollin I,XIC,eTargetCompound,C20H18O5,,,ESI,5000,,0,,339.1227,M+H,+,1,0,120,,,,,361.10464,M+Na,+,1,0,60,,,,,356.14925,M+NH4,+,1,0,60,,,,,337.10815,M-H,-,1,0,60,,,
(-)-Glyceollin II,XIC,eTargetCompound,C20H18O5,,,ESI,5000,,0,,339.1227,M+H,+,1,0,120,,,,,361.10464,M+Na,+,1,0,60,,,,,356.14925,M+NH4,+,1,0,60,,,,,337.10815,M-H,-,1,0,60,,,
demethoxycurcumin,XIC,eTargetCompound,C20H18O5,,,ESI,5000,,0,,339.1227,M+H,+,1,0,120,,,,,361.10464,M+Na,+,1,0,60,,,,,356.14925,M+NH4,+,1,0,60,,,,,337.10815,M-H,-,1,0,60,,,
Glyceollin III,XIC,eTargetCompound,C20H18O5,,,ESI,5000,,0,,339.1227,M+H,+,1,0,120,,,,,361.10464,M+Na,+,1,0,60,,,,,356.14925,M+NH4,+,1,0,60,,,,,337.10815,M-H,-,1,0,60,,,
Wighteone,XIC,eTargetCompound,C20H18O5,,,ESI,5000,,0,,339.1227,M+H,+,1,0,120,,,,,361.10464,M+Na,+,1,0,60,,,,,356.14925,M+NH4,+,1,0,60,,,,,337.10815,M-H,-,1,0,60,,,
"[FA hydroxy(20:3)] 11,12-dihydroxy-5Z,8Z,14Z-eicosatrienoic acid",XIC,eTargetCompound,C20H34O4,,,ESI,5000,,0,,339.25299,M+H,+,1,0,120,,,,,361.23493,M+Na,+,1,0,60,,,,,356.27954,M+NH4,+,1,0,60,,,,,337.23843,M-H,-,1,0,60,,,
"[FA hydroxy(20:3)] 5,6-dihydroxy-8Z,11Z,14Z-eicosatrienoic acid",XIC,eTargetCompound,C20H34O4,,,ESI,5000,,0,,339.25299,M+H,+,1,0,120,,,,,361.23493,M+Na,+,1,0,60,,,,,356.27954,M+NH4,+,1,0,60,,,,,337.23843,M-H,-,1,0,60,,,
"[FA hydroxy(20:3)] 8,9-dihydroxy-5Z,11Z,14Z-eicosatrienoic acid",XIC,eTargetCompound,C20H34O4,,,ESI,5000,,0,,339.25299,M+H,+,1,0,120,,,,,361.23493,M+Na,+,1,0,60,,,,,356.27954,M+NH4,+,1,0,60,,,,,337.23843,M-H,-,1,0,60,,,
"14,15-DHET",XIC,eTargetCompound,C20H34O4,,,ESI,5000,,0,,339.25299,M+H,+,1,0,120,,,,,361.23493,M+Na,+,1,0,60,,,,,356.27954,M+NH4,+,1,0,60,,,,,337.23843,M-H,-,1,0,60,,,
Aphidicolin,XIC,eTargetCompound,C20H34O4,,,ESI,5000,,0,,339.25299,M+H,+,1,0,120,,,,,361.23493,M+Na,+,1,0,60,,,,,356.27954,M+NH4,+,1,0,60,,,,,337.23843,M-H,-,1,0,60,,,
[FA (22:0)] 13Z-docosenoic acid,XIC,eTargetCompound,C22H42O2,,,ESI,5000,,0,,339.32576,M+H,+,1,0,120,,,,,361.3077,M+Na,+,1,0,60,,,,,356.35231,M+NH4,+,1,0,60,,,,,337.3112,M-H,-,1,0,60,,,
"N,6-O-Disulfo-D-glucosamine",XIC,eTargetCompound,C6H13NO11S2,,,ESI,5000,,0,,340.00028,M+H,+,1,0,120,,,,,361.98222,M+Na,+,1,0,60,,,,,357.02683,M+NH4,+,1,0,60,,,,,337.98572,M-H,-,1,0,60,,,
1-(5-Phospho-D-ribosyl)-5-amino-4-imidazolecarboxylate,XIC,eTargetCompound,C9H14N3O9P,,,ESI,5000,,0,,340.05404,M+H,+,1,0,120,,,,,362.03599,M+Na,+,1,0,60,,,,,357.08059,M+NH4,+,1,0,60,,,,,338.03949,M-H,-,1,0,60,,,
5-carboxyamino-1-(5-phospho-D-ribosyl)imidazole,XIC,eTargetCompound,C9H14N3O9P,,,ESI,5000,,0,,340.05404,M+H,+,1,0,120,,,,,362.03599,M+Na,+,1,0,60,,,,,357.08059,M+NH4,+,1,0,60,,,,,338.03949,M-H,-,1,0,60,,,
S-sulfanylglutathione,XIC,eTargetCompound,C10H17N3O6S2,,,ESI,5000,,0,,340.06315,M+H,+,1,0,120,,,,,362.0451,M+Na,+,1,0,60,,,,,357.0897,M+NH4,+,1,0,60,,,,,338.0486,M-H,-,1,0,60,,,
5-Hydroxy-6-methoxyindoleglucuronide,XIC,eTargetCompound,C15H17NO8,,,ESI,5000,,0,,340.10269,M+H,+,1,0,120,,,,,362.08464,M+Na,+,1,0,60,,,,,357.12924,M+NH4,+,1,0,60,,,,,338.08814,M-H,-,1,0,60,,,
6-Hydroxy-5-methoxyindoleglucuronide,XIC,eTargetCompound,C15H17NO8,,,ESI,5000,,0,,340.10269,M+H,+,1,0,120,,,,,362.08464,M+Na,+,1,0,60,,,,,357.12924,M+NH4,+,1,0,60,,,,,338.08814,M-H,-,1,0,60,,,
(R)-Canadine,XIC,eTargetCompound,C20H21NO4,,,ESI,5000,,0,,340.15433,M+H,+,1,0,120,,,,,362.13628,M+Na,+,1,0,60,,,,,357.18088,M+NH4,+,1,0,60,,,,,338.13978,M-H,-,1,0,60,,,
(S)-Canadine,XIC,eTargetCompound,C20H21NO4,,,ESI,5000,,0,,340.15433,M+H,+,1,0,120,,,,,362.13628,M+Na,+,1,0,60,,,,,357.18088,M+NH4,+,1,0,60,,,,,338.13978,M-H,-,1,0,60,,,
"a-D-Glucose 1,6-bisphosphate; Glucose 1,6-bisphosphate",XIC,eTargetCompound,C6H14O12P2,,,ESI,5000,,0,,341.00333,M+H,+,1,0,120,,,,,362.98527,M+Na,+,1,0,60,,,,,358.02987,M+NH4,+,1,0,60,,,,,338.98877,M-H,-,1,0,60,,,
"beta-D-Fructose 2,6-bisphosphate",XIC,eTargetCompound,C6H14O12P2,,,ESI,5000,,0,,341.00333,M+H,+,1,0,120,,,,,362.98527,M+Na,+,1,0,60,,,,,358.02987,M+NH4,+,1,0,60,,,,,338.98877,M-H,-,1,0,60,,,
"D-Fructose 1,6-bisphosphate",XIC,eTargetCompound,C6H14O12P2,,,ESI,5000,,0,,341.00333,M+H,+,1,0,120,,,,,362.98527,M+Na,+,1,0,60,,,,,358.02987,M+NH4,+,1,0,60,,,,,338.98877,M-H,-,1,0,60,,,
"D-myo-Inositol 1,3-bisphosphate",XIC,eTargetCompound,C6H14O12P2,,,ESI,5000,,0,,341.00333,M+H,+,1,0,120,,,,,362.98527,M+Na,+,1,0,60,,,,,358.02987,M+NH4,+,1,0,60,,,,,338.98877,M-H,-,1,0,60,,,
"D-myo-Inositol 1,4-bisphosphate",XIC,eTargetCompound,C6H14O12P2,,,ESI,5000,,0,,341.00333,M+H,+,1,0,120,,,,,362.98527,M+Na,+,1,0,60,,,,,358.02987,M+NH4,+,1,0,60,,,,,338.98877,M-H,-,1,0,60,,,
"D-myo-Inositol 3,4-bisphosphate",XIC,eTargetCompound,C6H14O12P2,,,ESI,5000,,0,,341.00333,M+H,+,1,0,120,,,,,362.98527,M+Na,+,1,0,60,,,,,358.02987,M+NH4,+,1,0,60,,,,,338.98877,M-H,-,1,0,60,,,
"D-myo-Inositol 4,5-bisphosphate",XIC,eTargetCompound,C6H14O12P2,,,ESI,5000,,0,,341.00333,M+H,+,1,0,120,,,,,362.98527,M+Na,+,1,0,60,,,,,358.02987,M+NH4,+,1,0,60,,,,,338.98877,M-H,-,1,0,60,,,
"D-Tagatose 1,6-bisphosphate",XIC,eTargetCompound,C6H14O12P2,,,ESI,5000,,0,,341.00333,M+H,+,1,0,120,,,,,362.98527,M+Na,+,1,0,60,,,,,358.02987,M+NH4,+,1,0,60,,,,,338.98877,M-H,-,1,0,60,,,
"AF003_Fructose1,6-diphosphate",XIC,eTargetCompound,,,,None,0,,,,,,,,,,,,,,,,,,,,,,,,,,,,,,,,,,338.9888,M-,-,1,34.88,60,,,
Bis-4-nitrophenyl phosphate,XIC,eTargetCompound,C12H9N2O8P,,,ESI,5000,,0,,341.01693,M+H,+,1,0,120,,,,,362.99887,M+Na,+,1,0,60,,,,,358.04348,M+NH4,+,1,0,60,,,,,339.00237,M-H,-,1,0,60,,,
Aesculin (Esculin),XIC,eTargetCompound,C15H16O9,,,ESI,5000,,0,,341.08671,M+H,+,1,0,120,,,,,363.06865,M+Na,+,1,0,60,,,,,358.11326,M+NH4,+,1,0,60,,,,,339.07216,M-H,-,1,0,60,,,
Daphnin,XIC,eTargetCompound,C15H16O9,,,ESI,5000,,0,,341.08671,M+H,+,1,0,120,,,,,363.06865,M+Na,+,1,0,60,,,,,358.11326,M+NH4,+,1,0,60,,,,,339.07216,M-H,-,1,0,60,,,
Sinapoyl malate,XIC,eTargetCompound,C15H16O9,,,ESI,5000,,0,,341.08671,M+H,+,1,0,120,,,,,363.06865,M+Na,+,1,0,60,,,,,358.11326,M+NH4,+,1,0,60,,,,,339.07216,M-H,-,1,0,60,,,
3-Ketolactose,XIC,eTargetCompound,C12H20O11,,,ESI,5000,,0,,341.10784,M+H,+,1,0,120,,,,,363.08978,M+Na,+,1,0,60,,,,,358.13439,M+NH4,+,1,0,60,,,,,339.09328,M-H,-,1,0,60,,,
3-Ketosucrose,XIC,eTargetCompound,C12H20O11,,,ESI,5000,,0,,341.10784,M+H,+,1,0,120,,,,,363.08978,M+Na,+,1,0,60,,,,,358.13439,M+NH4,+,1,0,60,,,,,339.09328,M-H,-,1,0,60,,,
"Cellobiono-1,5-lactone",XIC,eTargetCompound,C12H20O11,,,ESI,5000,,0,,341.10784,M+H,+,1,0,120,,,,,363.08978,M+Na,+,1,0,60,,,,,358.13439,M+NH4,+,1,0,60,,,,,339.09328,M-H,-,1,0,60,,,
"2-Dimethylallyl-(6aS,11aS)-3,6a,9-trihydroxypterocarpan",XIC,eTargetCompound,C20H20O5,,,ESI,5000,,0,,341.13835,M+H,+,1,0,120,,,,,363.12029,M+Na,+,1,0,60,,,,,358.1649,M+NH4,+,1,0,60,,,,,339.1238,M-H,-,1,0,60,,,
"4-Dimethylallyl-(6aS,11aS)-3,6a,9-trihydroxypterocarpan",XIC,eTargetCompound,C20H20O5,,,ESI,5000,,0,,341.13835,M+H,+,1,0,120,,,,,363.12029,M+Na,+,1,0,60,,,,,358.1649,M+NH4,+,1,0,60,,,,,339.1238,M-H,-,1,0,60,,,
6-Prenylnaringenin,XIC,eTargetCompound,C20H20O5,,,ESI,5000,,0,,341.13835,M+H,+,1,0,120,,,,,363.12029,M+Na,+,1,0,60,,,,,358.1649,M+NH4,+,1,0,60,,,,,339.1238,M-H,-,1,0,60,,,
8-prenylnaringenin,XIC,eTargetCompound,C20H20O5,,,ESI,5000,,0,,341.13835,M+H,+,1,0,120,,,,,363.12029,M+Na,+,1,0,60,,,,,358.1649,M+NH4,+,1,0,60,,,,,339.1238,M-H,-,1,0,60,,,
Desmethylxanthohumol,XIC,eTargetCompound,C20H20O5,,,ESI,5000,,0,,341.13835,M+H,+,1,0,120,,,,,363.12029,M+Na,+,1,0,60,,,,,358.1649,M+NH4,+,1,0,60,,,,,339.1238,M-H,-,1,0,60,,,
Methyl-2-alpha-L-fucopyranosyl-beta-D-galactoside,XIC,eTargetCompound,C13H24O10,,,ESI,5000,,0,,341.14422,M+H,+,1,0,120,,,,,363.12617,M+Na,+,1,0,60,,,,,358.17077,M+NH4,+,1,0,60,,,,,339.12967,M-H,-,1,0,60,,,
"N2,N5-Dibenzoyl-L-ornithine",XIC,eTargetCompound,C19H20N2O4,,,ESI,5000,,0,,341.14958,M+H,+,1,0,120,,,,,363.13153,M+Na,+,1,0,60,,,,,358.17613,M+NH4,+,1,0,60,,,,,339.13503,M-H,-,1,0,60,,,
3-Hydroxyquinine,XIC,eTargetCompound,C20H24N2O3,,,ESI,5000,,0,,341.18597,M+H,+,1,0,120,,,,,363.16791,M+Na,+,1,0,60,,,,,358.21252,M+NH4,+,1,0,60,,,,,339.17142,M-H,-,1,0,60,,,
Docosanoic acid,XIC,eTargetCompound,C22H44O2,,,ESI,5000,,0,,341.34141,M+H,+,1,0,120,,,,,363.32335,M+Na,+,1,0,60,,,,,358.36796,M+NH4,+,1,0,60,,,,,339.32685,M-H,-,1,0,60,,,
6-(alpha-D-Glucosaminyl)-1D-myo-inositol,XIC,eTargetCompound,C12H23NO10,,,ESI,5000,,0,,342.13947,M+H,+,1,0,120,,,,,364.12142,M+Na,+,1,0,60,,,,,359.16602,M+NH4,+,1,0,60,,,,,340.12492,M-H,-,1,0,60,,,
Lactosamine,XIC,eTargetCompound,C12H23NO10,,,ESI,5000,,0,,342.13947,M+H,+,1,0,120,,,,,364.12142,M+Na,+,1,0,60,,,,,359.16602,M+NH4,+,1,0,60,,,,,340.12492,M-H,-,1,0,60,,,
"5,8,13,13a-Tetrahydrocolumbamine",XIC,eTargetCompound,C20H23NO4,,,ESI,5000,,0,,342.16998,M+H,+,1,0,120,,,,,364.15193,M+Na,+,1,0,60,,,,,359.19653,M+NH4,+,1,0,60,,,,,340.15543,M-H,-,1,0,60,,,
Magnoflorine,XIC,eTargetCompound,C20H23NO4,,,ESI,5000,,0,,342.16998,M+H,+,1,0,120,,,,,364.15193,M+Na,+,1,0,60,,,,,359.19653,M+NH4,+,1,0,60,,,,,340.15543,M-H,-,1,0,60,,,
N-Acetyl-D-sphingosine,XIC,eTargetCompound,C20H39NO3,,,ESI,5000,,0,,342.30027,M+H,+,1,0,120,,,,,364.28222,M+Na,+,1,0,60,,,,,359.32682,M+NH4,+,1,0,60,,,,,340.28572,M-H,-,1,0,60,,,
1-alpha-D-Galactosyl-myo-inositol,XIC,eTargetCompound,C12H22O11,,,ESI,5000,,0,,343.12349,M+H,+,1,0,120,,,,,365.10543,M+Na,+,1,0,60,,,,,360.15004,M+NH4,+,1,0,60,,,,,341.10893,M-H,-,1,0,60,,,
2-alpha-D-Glucosyl-D-glucose,XIC,eTargetCompound,C12H22O11,,,ESI,5000,,0,,343.12349,M+H,+,1,0,120,,,,,365.10543,M+Na,+,1,0,60,,,,,360.15004,M+NH4,+,1,0,60,,,,,341.10893,M-H,-,1,0,60,,,
alpha-D-Aldosyl beta-D-fructoside,XIC,eTargetCompound,C12H22O11,,,ESI,5000,,0,,343.12349,M+H,+,1,0,120,,,,,365.10543,M+Na,+,1,0,60,,,,,360.15004,M+NH4,+,1,0,60,,,,,341.10893,M-H,-,1,0,60,,,
alpha-Maltose,XIC,eTargetCompound,C12H22O11,,,ESI,5000,,0,,343.12349,M+H,+,1,0,120,,,,,365.10543,M+Na,+,1,0,60,,,,,360.15004,M+NH4,+,1,0,60,,,,,341.10893,M-H,-,1,0,60,,,
beta-Maltose,XIC,eTargetCompound,C12H22O11,,,ESI,5000,,0,,343.12349,M+H,+,1,0,120,,,,,365.10543,M+Na,+,1,0,60,,,,,360.15004,M+NH4,+,1,0,60,,,,,341.10893,M-H,-,1,0,60,,,
D-(+)-Cellobiose; Cellobiose; 4-(b-D-Glucosido)-D-glucose,XIC,eTargetCompound,C12H22O11,,,ESI,5000,,0,,343.12349,M+H,+,1,0,120,,,,,365.10543,M+Na,+,1,0,60,,,,,360.15004,M+NH4,+,1,0,60,,,,,341.10893,M-H,-,1,0,60,,,
D-(+)-trehalose,XIC,eTargetCompound,C12H22O11,,,ESI,5000,,0,,343.12349,M+H,+,1,0,120,,,,,365.10543,M+Na,+,1,0,60,,,,,360.15004,M+NH4,+,1,0,60,,,,,341.10893,M-H,-,1,0,60,,,
D-Glucosyl-D-mannose,XIC,eTargetCompound,C12H22O11,,,ESI,5000,,0,,343.12349,M+H,+,1,0,120,,,,,365.10543,M+Na,+,1,0,60,,,,,360.15004,M+NH4,+,1,0,60,,,,,341.10893,M-H,-,1,0,60,,,
Epimelibiose,XIC,eTargetCompound,C12H22O11,,,ESI,5000,,0,,343.12349,M+H,+,1,0,120,,,,,365.10543,M+Na,+,1,0,60,,,,,360.15004,M+NH4,+,1,0,60,,,,,341.10893,M-H,-,1,0,60,,,
Gentiobiose,XIC,eTargetCompound,C12H22O11,,,ESI,5000,,0,,343.12349,M+H,+,1,0,120,,,,,365.10543,M+Na,+,1,0,60,,,,,360.15004,M+NH4,+,1,0,60,,,,,341.10893,M-H,-,1,0,60,,,
Inulobiose,XIC,eTargetCompound,C12H22O11,,,ESI,5000,,0,,343.12349,M+H,+,1,0,120,,,,,365.10543,M+Na,+,1,0,60,,,,,360.15004,M+NH4,+,1,0,60,,,,,341.10893,M-H,-,1,0,60,,,
Isomaltose,XIC,eTargetCompound,C12H22O11,,,ESI,5000,,0,,343.12349,M+H,+,1,0,120,,,,,365.10543,M+Na,+,1,0,60,,,,,360.15004,M+NH4,+,1,0,60,,,,,341.10893,M-H,-,1,0,60,,,
Lactose,XIC,eTargetCompound,C12H22O11,,,ESI,5000,,0,,343.12349,M+H,+,1,0,120,,,,,365.10543,M+Na,+,1,0,60,,,,,360.15004,M+NH4,+,1,0,60,,,,,341.10893,M-H,-,1,0,60,,,
Laminaribiose,XIC,eTargetCompound,C12H22O11,,,ESI,5000,,0,,343.12349,M+H,+,1,0,120,,,,,365.10543,M+Na,+,1,0,60,,,,,360.15004,M+NH4,+,1,0,60,,,,,341.10893,M-H,-,1,0,60,,,
Maltose,XIC,eTargetCompound,C12H22O11,,,ESI,5000,,0,,343.12349,M+H,+,1,0,120,,,,,365.10543,M+Na,+,1,0,60,,,,,360.15004,M+NH4,+,1,0,60,,,,,341.10893,M-H,-,1,0,60,,,
mannosylfructose,XIC,eTargetCompound,C12H22O11,,,ESI,5000,,0,,343.12349,M+H,+,1,0,120,,,,,365.10543,M+Na,+,1,0,60,,,,,360.15004,M+NH4,+,1,0,60,,,,,341.10893,M-H,-,1,0,60,,,
Melibiose,XIC,eTargetCompound,C12H22O11,,,ESI,5000,,0,,343.12349,M+H,+,1,0,120,,,,,365.10543,M+Na,+,1,0,60,,,,,360.15004,M+NH4,+,1,0,60,,,,,341.10893,M-H,-,1,0,60,,,
Nigerose,XIC,eTargetCompound,C12H22O11,,,ESI,5000,,0,,343.12349,M+H,+,1,0,120,,,,,365.10543,M+Na,+,1,0,60,,,,,360.15004,M+NH4,+,1,0,60,,,,,341.10893,M-H,-,1,0,60,,,
Palatinose,XIC,eTargetCompound,C12H22O11,,,ESI,5000,,0,,343.12349,M+H,+,1,0,120,,,,,365.10543,M+Na,+,1,0,60,,,,,360.15004,M+NH4,+,1,0,60,,,,,341.10893,M-H,-,1,0,60,,,
Sucrose ,XIC,eTargetCompound,C12H22O11,,,ESI,5000,,0,,343.12349,M+H,+,1,0,120,,,,,365.10543,M+Na,+,1,0,60,,,,,360.15004,M+NH4,+,1,0,60,,,,,341.10893,M-H,-,1,0,60,,,
Coniferin,XIC,eTargetCompound,C16H22O8,,,ESI,5000,,0,,343.13874,M+H,+,1,0,120,,,,,365.12069,M+Na,+,1,0,60,,,,,360.16529,M+NH4,+,1,0,60,,,,,341.12419,M-H,-,1,0,60,,,
Phaseollidin hydrate,XIC,eTargetCompound,C20H22O5,,,ESI,5000,,0,,343.154,M+H,+,1,0,120,,,,,365.13594,M+Na,+,1,0,60,,,,,360.18055,M+NH4,+,1,0,60,,,,,341.13945,M-H,-,1,0,60,,,
penicillin K,XIC,eTargetCompound,C16H26N2O4S,,,ESI,5000,,0,,343.1686,M+H,+,1,0,120,,,,,365.15055,M+Na,+,1,0,60,,,,,360.19515,M+NH4,+,1,0,60,,,,,341.15405,M-H,-,1,0,60,,,
N-(7-Mercaptoheptanoyl)threonine 3-O-phosphate,XIC,eTargetCompound,C11H22NO7PS,,,ESI,5000,,0,,344.09274,M+H,+,1,0,120,,,,,366.07468,M+Na,+,1,0,60,,,,,361.11928,M+NH4,+,1,0,60,,,,,342.07818,M-H,-,1,0,60,,,
DIBOA-glucoside,XIC,eTargetCompound,C14H17NO9,,,ESI,5000,,0,,344.09761,M+H,+,1,0,120,,,,,366.07955,M+Na,+,1,0,60,,,,,361.12416,M+NH4,+,1,0,60,,,,,342.08305,M-H,-,1,0,60,,,
(-)-Usnic acid,XIC,eTargetCompound,C18H16O7,,,ESI,5000,,0,,345.09688,M+H,+,1,0,120,,,,,367.07882,M+Na,+,1,0,60,,,,,362.12343,M+NH4,+,1,0,60,,,,,343.08233,M-H,-,1,0,60,,,
"3',5-Dihydroxy-3,4',7-trimethoxyflavone",XIC,eTargetCompound,C18H16O7,,,ESI,5000,,0,,345.09688,M+H,+,1,0,120,,,,,367.07882,M+Na,+,1,0,60,,,,,362.12343,M+NH4,+,1,0,60,,,,,343.08233,M-H,-,1,0,60,,,
Dolichyldiphosphate,XIC,eTargetCompound,C12H26O7P2,,,ESI,5000,,0,,345.12265,M+H,+,1,0,120,,,,,367.1046,M+Na,+,1,0,60,,,,,362.1492,M+NH4,+,1,0,60,,,,,343.1081,M-H,-,1,0,60,,,
Streptidine 6-phosphate,XIC,eTargetCompound,C8H21N6O7P,,,ESI,5000,,0,,345.12821,M+H,+,1,0,120,,,,,367.11015,M+Na,+,1,0,60,,,,,362.15476,M+NH4,+,1,0,60,,,,,343.11366,M-H,-,1,0,60,,,
Maltitol,XIC,eTargetCompound,C12H24O11,,,ESI,5000,,0,,345.13914,M+H,+,1,0,120,,,,,367.12108,M+Na,+,1,0,60,,,,,362.16569,M+NH4,+,1,0,60,,,,,343.12458,M-H,-,1,0,60,,,
Melibiitol,XIC,eTargetCompound,C12H24O11,,,ESI,5000,,0,,345.13914,M+H,+,1,0,120,,,,,367.12108,M+Na,+,1,0,60,,,,,362.16569,M+NH4,+,1,0,60,,,,,343.12458,M-H,-,1,0,60,,,
"[ST hydroxy(3:0)] 21-hydroxy-pregn-4-ene-3,11,20-trione",XIC,eTargetCompound,C21H28O4,,,ESI,5000,,0,,345.20604,M+H,+,1,0,120,,,,,367.18798,M+Na,+,1,0,60,,,,,362.23258,M+NH4,+,1,0,60,,,,,343.19148,M-H,-,1,0,60,,,
Medroxyprogesterone,XIC,eTargetCompound,C22H32O3,,,ESI,5000,,0,,345.24242,M+H,+,1,0,120,,,,,367.22437,M+Na,+,1,0,60,,,,,362.26897,M+NH4,+,1,0,60,,,,,343.22787,M-H,-,1,0,60,,,
"2',3'-Cyclic GMP",XIC,eTargetCompound,C10H12N5O7P,,,ESI,5000,,0,,346.05471,M+H,+,1,0,120,,,,,368.03666,M+Na,+,1,0,60,,,,,363.08126,M+NH4,+,1,0,60,,,,,344.04016,M-H,-,1,0,60,,,
"3',5'-Cyclic GMP",XIC,eTargetCompound,C10H12N5O7P,,,ESI,5000,,0,,346.05471,M+H,+,1,0,120,,,,,368.03666,M+Na,+,1,0,60,,,,,363.08126,M+NH4,+,1,0,60,,,,,344.04016,M-H,-,1,0,60,,,
NG001_cGMP,XIC,eTargetCompound,,,,None,0,,,,,,,,,,,,,,,,,,,,,,,,,,,,,,,,,,344.0402,M-,-,1,38.73,60,,,
Thiamin monophosphate,XIC,eTargetCompound,C12H18N4O4PS,,,ESI,5000,,0,,346.08591,M+H,+,1,0,120,,,,,368.06786,M+Na,+,1,0,60,,,,,363.11246,M+NH4,+,1,0,60,,,,,344.07136,M-H,-,1,0,60,,,
Inosine 5'-monophosphate; Inosinic acid,XIC,eTargetCompound,C10H11N4O8P,,,ESI,5000,,0,,347.03873,M+H,+,1,0,120,,,,,369.02067,M+Na,+,1,0,60,,,,,364.06528,M+NH4,+,1,0,60,,,,,345.02417,M-H,-,1,0,60,,,
"3',4',5,6-Tetrahydroxy-3,7-dimethoxyflavone",XIC,eTargetCompound,C17H14O8,,,ESI,5000,,0,,347.07614,M+H,+,1,0,120,,,,,369.05809,M+Na,+,1,0,60,,,,,364.10269,M+NH4,+,1,0,60,,,,,345.06159,M-H,-,1,0,60,,,
Syringetin,XIC,eTargetCompound,C17H14O8,,,ESI,5000,,0,,347.07614,M+H,+,1,0,120,,,,,369.05809,M+Na,+,1,0,60,,,,,364.10269,M+NH4,+,1,0,60,,,,,345.06159,M-H,-,1,0,60,,,
3'-Amino-3'-deoxy-AMP,XIC,eTargetCompound,C10H15N6O6P,,,ESI,5000,,0,,347.08635,M+H,+,1,0,120,,,,,369.06829,M+Na,+,1,0,60,,,,,364.11289,M+NH4,+,1,0,60,,,,,345.07179,M-H,-,1,0,60,,,
Adenosine 5'-phosphoramidate,XIC,eTargetCompound,C10H15N6O6P,,,ESI,5000,,0,,347.08635,M+H,+,1,0,120,,,,,369.06829,M+Na,+,1,0,60,,,,,364.11289,M+NH4,+,1,0,60,,,,,345.07179,M-H,-,1,0,60,,,
"2-Acetyl-6-(3-acetyl-2,4,6-trihydroxy-5-methylphenyl)-3-hydroxy-6- methyl-2,4-cyclohexadien-1-one",XIC,eTargetCompound,C18H18O7,,,ESI,5000,,0,,347.11253,M+H,+,1,0,120,,,,,369.09447,M+Na,+,1,0,60,,,,,364.13908,M+NH4,+,1,0,60,,,,,345.09798,M-H,-,1,0,60,,,
Reduced-(S)-usnate,XIC,eTargetCompound,C18H18O7,,,ESI,5000,,0,,347.11253,M+H,+,1,0,120,,,,,369.09447,M+Na,+,1,0,60,,,,,364.13908,M+NH4,+,1,0,60,,,,,345.09798,M-H,-,1,0,60,,,
Miraxanthin-V,XIC,eTargetCompound,C17H18N2O6,,,ESI,5000,,0,,347.12376,M+H,+,1,0,120,,,,,369.10571,M+Na,+,1,0,60,,,,,364.15031,M+NH4,+,1,0,60,,,,,345.10921,M-H,-,1,0,60,,,
Gibberellic acid ,XIC,eTargetCompound,C19H22O6,,,ESI,5000,,0,,347.14891,M+H,+,1,0,120,,,,,369.13086,M+Na,+,1,0,60,,,,,364.17546,M+NH4,+,1,0,60,,,,,345.13436,M-H,-,1,0,60,,,
Gibberellin A29-catabolite,XIC,eTargetCompound,C19H22O6,,,ESI,5000,,0,,347.14891,M+H,+,1,0,120,,,,,369.13086,M+Na,+,1,0,60,,,,,364.17546,M+NH4,+,1,0,60,,,,,345.13436,M-H,-,1,0,60,,,
Gibberellin A34-catabolite,XIC,eTargetCompound,C19H22O6,,,ESI,5000,,0,,347.14891,M+H,+,1,0,120,,,,,369.13086,M+Na,+,1,0,60,,,,,364.17546,M+NH4,+,1,0,60,,,,,345.13436,M-H,-,1,0,60,,,
Gibberellin A24,XIC,eTargetCompound,C20H26O5,,,ESI,5000,,0,,347.1853,M+H,+,1,0,120,,,,,369.16725,M+Na,+,1,0,60,,,,,364.21185,M+NH4,+,1,0,60,,,,,345.17075,M-H,-,1,0,60,,,
Gibberellin A37,XIC,eTargetCompound,C20H26O5,,,ESI,5000,,0,,347.1853,M+H,+,1,0,120,,,,,369.16725,M+Na,+,1,0,60,,,,,364.21185,M+NH4,+,1,0,60,,,,,345.17075,M-H,-,1,0,60,,,
Gibberellin A44,XIC,eTargetCompound,C20H26O5,,,ESI,5000,,0,,347.1853,M+H,+,1,0,120,,,,,369.16725,M+Na,+,1,0,60,,,,,364.21185,M+NH4,+,1,0,60,,,,,345.17075,M-H,-,1,0,60,,,
"(3S,4S)-3-Hydroxytetradecane-1,3,4-tricarboxylate",XIC,eTargetCompound,C17H30O7,,,ESI,5000,,0,,347.20643,M+H,+,1,0,120,,,,,369.18837,M+Na,+,1,0,60,,,,,364.23298,M+NH4,+,1,0,60,,,,,345.19188,M-H,-,1,0,60,,,
"[ST hydroxy(2:0)] 17,21-dihydroxypregn-4-ene-3,20-dione",XIC,eTargetCompound,C21H30O4,,,ESI,5000,,0,,347.22169,M+H,+,1,0,120,,,,,369.20363,M+Na,+,1,0,60,,,,,364.24824,M+NH4,+,1,0,60,,,,,345.20713,M-H,-,1,0,60,,,
21-Deoxycortisol,XIC,eTargetCompound,C21H30O4,,,ESI,5000,,0,,347.22169,M+H,+,1,0,120,,,,,369.20363,M+Na,+,1,0,60,,,,,364.24824,M+NH4,+,1,0,60,,,,,345.20713,M-H,-,1,0,60,,,
"21-Hydroxy-5beta-pregnane-3,11,20-trione",XIC,eTargetCompound,C21H30O4,,,ESI,5000,,0,,347.22169,M+H,+,1,0,120,,,,,369.20363,M+Na,+,1,0,60,,,,,364.24824,M+NH4,+,1,0,60,,,,,345.20713,M-H,-,1,0,60,,,
Corticosterone,XIC,eTargetCompound,C21H30O4,,,ESI,5000,,0,,347.22169,M+H,+,1,0,120,,,,,369.20363,M+Na,+,1,0,60,,,,,364.24824,M+NH4,+,1,0,60,,,,,345.20713,M-H,-,1,0,60,,,
13-(2-Methylcrotonoyl)oxylupanine,XIC,eTargetCompound,C20H30N2O3,,,ESI,5000,,0,,347.23292,M+H,+,1,0,120,,,,,369.21486,M+Na,+,1,0,60,,,,,364.25947,M+NH4,+,1,0,60,,,,,345.21837,M-H,-,1,0,60,,,
"Taxa-4(20),11(12)-dien-5alpha-acetoxy-10beta-ol",XIC,eTargetCompound,C22H34O3,,,ESI,5000,,0,,347.25807,M+H,+,1,0,120,,,,,369.24002,M+Na,+,1,0,60,,,,,364.28462,M+NH4,+,1,0,60,,,,,345.24352,M-H,-,1,0,60,,,
NA002_AMP,XIC,eTargetCompound,,,,None,0,,,,,,,,,,,,,,,,,,,,,,,,,,,,,,,,,,346.0558,M-,-,1,22.27,60,,,
Adenosine 2'-phosphate,XIC,eTargetCompound,C10H14N5O7P,,,ESI,5000,,0,,348.07036,M+H,+,1,0,120,,,,,370.05231,M+Na,+,1,0,60,,,,,365.09691,M+NH4,+,1,0,60,,,,,346.05581,M-H,-,1,0,60,,,
Adenosine 3'-phosphate monohydrate,XIC,eTargetCompound,C10H14N5O7P,,,ESI,5000,,0,,348.07036,M+H,+,1,0,120,,,,,370.05231,M+Na,+,1,0,60,,,,,365.09691,M+NH4,+,1,0,60,,,,,346.05581,M-H,-,1,0,60,,,
Adenosine 5'-monophosphate (5'-AMP),XIC,eTargetCompound,C10H14N5O7P,,,ESI,5000,,0,,348.07036,M+H,+,1,0,120,,,,,370.05231,M+Na,+,1,0,60,,,,,365.09691,M+NH4,+,1,0,60,,,,,346.05581,M-H,-,1,0,60,,,
dGMP (2'-Deoxyguanosine 5'-monophosphate),XIC,eTargetCompound,C10H14N5O7P,,,ESI,5000,,0,,348.07036,M+H,+,1,0,120,,,,,370.05231,M+Na,+,1,0,60,,,,,365.09691,M+NH4,+,1,0,60,,,,,346.05581,M-H,-,1,0,60,,,
vidarabine phosphate,XIC,eTargetCompound,C10H14N5O7P,,,ESI,5000,,0,,348.07036,M+H,+,1,0,120,,,,,370.05231,M+Na,+,1,0,60,,,,,365.09691,M+NH4,+,1,0,60,,,,,346.05581,M-H,-,1,0,60,,,
N-arachidonoylethanolamine,XIC,eTargetCompound,C22H37NO2,,,ESI,5000,,0,,348.28971,M+H,+,1,0,120,,,,,370.27165,M+Na,+,1,0,60,,,,,365.31626,M+NH4,+,1,0,60,,,,,346.27515,M-H,-,1,0,60,,,
2-(alpha-D-Mannosyl)-3-phosphoglycerate,XIC,eTargetCompound,C9H17O12P,,,ESI,5000,,0,,349.05304,M+H,+,1,0,120,,,,,371.03498,M+Na,+,1,0,60,,,,,366.07959,M+NH4,+,1,0,60,,,,,347.03849,M-H,-,1,0,60,,,
2-O-(6-phospho-&alpha;-mannosyl)-D-glycerate,XIC,eTargetCompound,C9H17O12P,,,ESI,5000,,0,,349.05304,M+H,+,1,0,120,,,,,371.03498,M+Na,+,1,0,60,,,,,366.07959,M+NH4,+,1,0,60,,,,,347.03849,M-H,-,1,0,60,,,
NI002_IMP,XIC,eTargetCompound,,,,None,0,,,,,,,,,,,,,,,,,,,,,,,,,,,,,,,,,,347.0398,M-,-,1,36.32,60,,,
Reduced riboflavin,XIC,eTargetCompound,C15H16N4O6,,,ESI,5000,,0,,349.11426,M+H,+,1,0,120,,,,,371.09621,M+Na,+,1,0,60,,,,,366.14081,M+NH4,+,1,0,60,,,,,347.09971,M-H,-,1,0,60,,,
Camptothecin,XIC,eTargetCompound,C20H16N2O4,,,ESI,5000,,0,,349.11828,M+H,+,1,0,120,,,,,371.10023,M+Na,+,1,0,60,,,,,366.14483,M+NH4,+,1,0,60,,,,,347.10373,M-H,-,1,0,60,,,
"1,2-Bis(3,4-dimethoxyphenyl)propane-1,3-diol",XIC,eTargetCompound,C19H24O6,,,ESI,5000,,0,,349.16456,M+H,+,1,0,120,,,,,371.14651,M+Na,+,1,0,60,,,,,366.19111,M+NH4,+,1,0,60,,,,,347.15001,M-H,-,1,0,60,,,
"3-Hydroxy-5,9,17-trioxo-4,5:9,10-disecoandrosta-1(10),2-dien-4-oate",XIC,eTargetCompound,C19H24O6,,,ESI,5000,,0,,349.16456,M+H,+,1,0,120,,,,,371.14651,M+Na,+,1,0,60,,,,,366.19111,M+NH4,+,1,0,60,,,,,347.15001,M-H,-,1,0,60,,,
Gibberellin A1,XIC,eTargetCompound,C19H24O6,,,ESI,5000,,0,,349.16456,M+H,+,1,0,120,,,,,371.14651,M+Na,+,1,0,60,,,,,366.19111,M+NH4,+,1,0,60,,,,,347.15001,M-H,-,1,0,60,,,
Gibberellin A29,XIC,eTargetCompound,C19H24O6,,,ESI,5000,,0,,349.16456,M+H,+,1,0,120,,,,,371.14651,M+Na,+,1,0,60,,,,,366.19111,M+NH4,+,1,0,60,,,,,347.15001,M-H,-,1,0,60,,,
Gibberellin A34,XIC,eTargetCompound,C19H24O6,,,ESI,5000,,0,,349.16456,M+H,+,1,0,120,,,,,371.14651,M+Na,+,1,0,60,,,,,366.19111,M+NH4,+,1,0,60,,,,,347.15001,M-H,-,1,0,60,,,
Gibberellin A14,XIC,eTargetCompound,C20H28O5,,,ESI,5000,,0,,349.20095,M+H,+,1,0,120,,,,,371.1829,M+Na,+,1,0,60,,,,,366.2275,M+NH4,+,1,0,60,,,,,347.1864,M-H,-,1,0,60,,,
Gibberellin A53,XIC,eTargetCompound,C20H28O5,,,ESI,5000,,0,,349.20095,M+H,+,1,0,120,,,,,371.1829,M+Na,+,1,0,60,,,,,366.2275,M+NH4,+,1,0,60,,,,,347.1864,M-H,-,1,0,60,,,
"11beta,21-Dihydroxy-5beta-pregnane-3,20-dione",XIC,eTargetCompound,C21H32O4,,,ESI,5000,,0,,349.23734,M+H,+,1,0,120,,,,,371.21928,M+Na,+,1,0,60,,,,,366.26389,M+NH4,+,1,0,60,,,,,347.22278,M-H,-,1,0,60,,,
"17alpha,21-Dihydroxypregnenolone",XIC,eTargetCompound,C21H32O4,,,ESI,5000,,0,,349.23734,M+H,+,1,0,120,,,,,371.21928,M+Na,+,1,0,60,,,,,366.26389,M+NH4,+,1,0,60,,,,,347.22278,M-H,-,1,0,60,,,
"3alpha,21-Dihydroxy-5beta-pregnane-11,20-dione",XIC,eTargetCompound,C21H32O4,,,ESI,5000,,0,,349.23734,M+H,+,1,0,120,,,,,371.21928,M+Na,+,1,0,60,,,,,366.26389,M+NH4,+,1,0,60,,,,,347.22278,M-H,-,1,0,60,,,
1-(2-Carboxyphenylamino)-1'-deoxy-D-ribulose 5'-phosphate,XIC,eTargetCompound,C12H16NO9P,,,ESI,5000,,0,,350.06354,M+H,+,1,0,120,,,,,372.04549,M+Na,+,1,0,60,,,,,367.09009,M+NH4,+,1,0,60,,,,,348.04899,M-H,-,1,0,60,,,
N-(5-Phospho-D-ribosyl)anthranilate,XIC,eTargetCompound,C12H16NO9P,,,ESI,5000,,0,,350.06354,M+H,+,1,0,120,,,,,372.04549,M+Na,+,1,0,60,,,,,367.09009,M+NH4,+,1,0,60,,,,,348.04899,M-H,-,1,0,60,,,
10-Hydroxydihydrosanguinarine,XIC,eTargetCompound,C20H15NO5,,,ESI,5000,,0,,350.1023,M+H,+,1,0,120,,,,,372.08424,M+Na,+,1,0,60,,,,,367.12885,M+NH4,+,1,0,60,,,,,348.08775,M-H,-,1,0,60,,,
"[FA (20:3)] N-(8Z,11Z,14Z-eicosatrienoyl)-ethanolamine",XIC,eTargetCompound,C22H39NO2,,,ESI,5000,,0,,350.30536,M+H,+,1,0,120,,,,,372.2873,M+Na,+,1,0,60,,,,,367.33191,M+NH4,+,1,0,60,,,,,348.2908,M-H,-,1,0,60,,,
N-Phospholombricine,XIC,eTargetCompound,C6H16N4O9P2,,,ESI,5000,,0,,351.04653,M+H,+,1,0,120,,,,,373.02847,M+Na,+,1,0,60,,,,,368.07308,M+NH4,+,1,0,60,,,,,349.03197,M-H,-,1,0,60,,,
Estrone sulfate; E1S,XIC,eTargetCompound,C18H22O5S,,,ESI,5000,,0,,351.12607,M+H,+,1,0,120,,,,,373.10802,M+Na,+,1,0,60,,,,,368.15262,M+NH4,+,1,0,60,,,,,349.11152,M-H,-,1,0,60,,,
Polyneuridine aldehyde,XIC,eTargetCompound,C21H22N2O3,,,ESI,5000,,0,,351.17032,M+H,+,1,0,120,,,,,373.15226,M+Na,+,1,0,60,,,,,368.19687,M+NH4,+,1,0,60,,,,,349.15577,M-H,-,1,0,60,,,
Vomilenine,XIC,eTargetCompound,C21H22N2O3,,,ESI,5000,,0,,351.17032,M+H,+,1,0,120,,,,,373.15226,M+Na,+,1,0,60,,,,,368.19687,M+NH4,+,1,0,60,,,,,349.15577,M-H,-,1,0,60,,,
"(5Z,13E)-6,9alpha-Epoxy-11alpha-hydroxy-15-oxoprosta-5,13-dienoate",XIC,eTargetCompound,C20H30O5,,,ESI,5000,,0,,351.2166,M+H,+,1,0,120,,,,,373.19855,M+Na,+,1,0,60,,,,,368.24315,M+NH4,+,1,0,60,,,,,349.20205,M-H,-,1,0,60,,,
"(5Z,13E)-9alpha-Hydroxy-11,15-dioxoprosta-5,13-dienoate",XIC,eTargetCompound,C20H30O5,,,ESI,5000,,0,,351.2166,M+H,+,1,0,120,,,,,373.19855,M+Na,+,1,0,60,,,,,368.24315,M+NH4,+,1,0,60,,,,,349.20205,M-H,-,1,0,60,,,
15-Keto-prostaglandinE2,XIC,eTargetCompound,C20H30O5,,,ESI,5000,,0,,351.2166,M+H,+,1,0,120,,,,,373.19855,M+Na,+,1,0,60,,,,,368.24315,M+NH4,+,1,0,60,,,,,349.20205,M-H,-,1,0,60,,,
Prostaglandin D3,XIC,eTargetCompound,C20H30O5,,,ESI,5000,,0,,351.2166,M+H,+,1,0,120,,,,,373.19855,M+Na,+,1,0,60,,,,,368.24315,M+NH4,+,1,0,60,,,,,349.20205,M-H,-,1,0,60,,,
Prostaglandin E3,XIC,eTargetCompound,C20H30O5,,,ESI,5000,,0,,351.2166,M+H,+,1,0,120,,,,,373.19855,M+Na,+,1,0,60,,,,,368.24315,M+NH4,+,1,0,60,,,,,349.20205,M-H,-,1,0,60,,,
"[ST trihydrox] 3alpha,11beta,21-5alpha-trihydroxy-pregnane-20-one",XIC,eTargetCompound,C21H34O4,,,ESI,5000,,0,,351.25299,M+H,+,1,0,120,,,,,373.23493,M+Na,+,1,0,60,,,,,368.27954,M+NH4,+,1,0,60,,,,,349.23843,M-H,-,1,0,60,,,
"3alpha,17alpha,21-Trihydroxy-5beta-pregnan-20-one",XIC,eTargetCompound,C21H34O4,,,ESI,5000,,0,,351.25299,M+H,+,1,0,120,,,,,373.23493,M+Na,+,1,0,60,,,,,368.27954,M+NH4,+,1,0,60,,,,,349.23843,M-H,-,1,0,60,,,
N-Acetyl-4-O-acetylneuraminate,XIC,eTargetCompound,C13H21NO10,,,ESI,5000,,0,,352.12382,M+H,+,1,0,120,,,,,374.10577,M+Na,+,1,0,60,,,,,369.15037,M+NH4,+,1,0,60,,,,,350.10927,M-H,-,1,0,60,,,
N-Acetyl-7-O-acetylneuraminate,XIC,eTargetCompound,C13H21NO10,,,ESI,5000,,0,,352.12382,M+H,+,1,0,120,,,,,374.10577,M+Na,+,1,0,60,,,,,369.15037,M+NH4,+,1,0,60,,,,,350.10927,M-H,-,1,0,60,,,
N-Acetyl-9-O-acetylneuraminate,XIC,eTargetCompound,C13H21NO10,,,ESI,5000,,0,,352.12382,M+H,+,1,0,120,,,,,374.10577,M+Na,+,1,0,60,,,,,369.15037,M+NH4,+,1,0,60,,,,,350.10927,M-H,-,1,0,60,,,
N-Acetyl-O-acetylneuraminate,XIC,eTargetCompound,C13H21NO10,,,ESI,5000,,0,,352.12382,M+H,+,1,0,120,,,,,374.10577,M+Na,+,1,0,60,,,,,369.15037,M+NH4,+,1,0,60,,,,,350.10927,M-H,-,1,0,60,,,
Palmatine,XIC,eTargetCompound,C21H21NO4,,,ESI,5000,,0,,352.15433,M+H,+,1,0,120,,,,,374.13628,M+Na,+,1,0,60,,,,,369.18088,M+NH4,+,1,0,60,,,,,350.13978,M-H,-,1,0,60,,,
cis-Zeatin riboside,XIC,eTargetCompound,C15H21N5O5,,,ESI,5000,,0,,352.16155,M+H,+,1,0,120,,,,,374.14349,M+Na,+,1,0,60,,,,,369.18809,M+NH4,+,1,0,60,,,,,350.14699,M-H,-,1,0,60,,,
O-beta-D-Xylosylzeatin,XIC,eTargetCompound,C15H21N5O5,,,ESI,5000,,0,,352.16155,M+H,+,1,0,120,,,,,374.14349,M+Na,+,1,0,60,,,,,369.18809,M+NH4,+,1,0,60,,,,,350.14699,M-H,-,1,0,60,,,
trans-Zeatin riboside,XIC,eTargetCompound,C15H21N5O5,,,ESI,5000,,0,,352.16155,M+H,+,1,0,120,,,,,374.14349,M+Na,+,1,0,60,,,,,369.18809,M+NH4,+,1,0,60,,,,,350.14699,M-H,-,1,0,60,,,
Senecionine N-oxide,XIC,eTargetCompound,C18H25NO6,,,ESI,5000,,0,,352.17546,M+H,+,1,0,120,,,,,374.15741,M+Na,+,1,0,60,,,,,369.20201,M+NH4,+,1,0,60,,,,,350.16091,M-H,-,1,0,60,,,
"4,21-Dehydrogeissoschizine",XIC,eTargetCompound,C21H23N2O3,,,ESI,5000,,0,,352.17814,M+H,+,1,0,120,,,,,374.16009,M+Na,+,1,0,60,,,,,369.20469,M+NH4,+,1,0,60,,,,,350.16359,M-H,-,1,0,60,,,
Arbutin 6-phosphate,XIC,eTargetCompound,C12H17O10P,,,ESI,5000,,0,,353.06321,M+H,+,1,0,120,,,,,375.04515,M+Na,+,1,0,60,,,,,370.08976,M+NH4,+,1,0,60,,,,,351.04866,M-H,-,1,0,60,,,
4-(4-Deoxy-alpha-D-gluc-4-enuronosyl)-D-galacturonate,XIC,eTargetCompound,C12H16O12,,,ESI,5000,,0,,353.07145,M+H,+,1,0,120,,,,,375.0534,M+Na,+,1,0,60,,,,,370.098,M+NH4,+,1,0,60,,,,,351.0569,M-H,-,1,0,60,,,
4-(4-Deoxy-beta-D-gluc-4-enuronosyl)-D-galacturonate,XIC,eTargetCompound,C12H16O12,,,ESI,5000,,0,,353.07145,M+H,+,1,0,120,,,,,375.0534,M+Na,+,1,0,60,,,,,370.098,M+NH4,+,1,0,60,,,,,351.0569,M-H,-,1,0,60,,,
4-Methylumbelliferyl-Beta-D-Glucuronic Acid,XIC,eTargetCompound,C16H16O9,,,ESI,5000,,0,,353.08671,M+H,+,1,0,120,,,,,375.06865,M+Na,+,1,0,60,,,,,370.11326,M+NH4,+,1,0,60,,,,,351.07216,M-H,-,1,0,60,,,
Estradiol-17beta 3-sulfate,XIC,eTargetCompound,C18H24O5S,,,ESI,5000,,0,,353.14172,M+H,+,1,0,120,,,,,375.12367,M+Na,+,1,0,60,,,,,370.16827,M+NH4,+,1,0,60,,,,,351.12717,M-H,-,1,0,60,,,
"1,2-Dihydrovomilenine",XIC,eTargetCompound,C21H24N2O3,,,ESI,5000,,0,,353.18597,M+H,+,1,0,120,,,,,375.16791,M+Na,+,1,0,60,,,,,370.21252,M+NH4,+,1,0,60,,,,,351.17142,M-H,-,1,0,60,,,
16-Hydroxytabersonine,XIC,eTargetCompound,C21H24N2O3,,,ESI,5000,,0,,353.18597,M+H,+,1,0,120,,,,,375.16791,M+Na,+,1,0,60,,,,,370.21252,M+NH4,+,1,0,60,,,,,351.17142,M-H,-,1,0,60,,,
Geissoschizine,XIC,eTargetCompound,C21H24N2O3,,,ESI,5000,,0,,353.18597,M+H,+,1,0,120,,,,,375.16791,M+Na,+,1,0,60,,,,,370.21252,M+NH4,+,1,0,60,,,,,351.17142,M-H,-,1,0,60,,,
"[FA dihydoxy(2:0/2:0)] 6,9S-epoxy-11R,15S-dihydoxy-5Z,13E-prostadienoic acid",XIC,eTargetCompound,C20H32O5,,,ESI,5000,,0,,353.23225,M+H,+,1,0,120,,,,,375.2142,M+Na,+,1,0,60,,,,,370.2588,M+NH4,+,1,0,60,,,,,351.2177,M-H,-,1,0,60,,,
"[FA dioxo,hydrox] 9,15-dioxo-11R-hydroxy-13E-prostaenoic acid",XIC,eTargetCompound,C20H32O5,,,ESI,5000,,0,,353.23225,M+H,+,1,0,120,,,,,375.2142,M+Na,+,1,0,60,,,,,370.2588,M+NH4,+,1,0,60,,,,,351.2177,M-H,-,1,0,60,,,
"[FA hydroxy(2:0)] 9S,11R-epidioxy-15S-hydroxy-5Z,13E-prostadienoic acid",XIC,eTargetCompound,C20H32O5,,,ESI,5000,,0,,353.23225,M+H,+,1,0,120,,,,,375.2142,M+Na,+,1,0,60,,,,,370.2588,M+NH4,+,1,0,60,,,,,351.2177,M-H,-,1,0,60,,,
"[FA hydroxy(2:0)] 9S,11S-epoxy,15S-hydroxy-thromboxa-5Z,13E-dien-1-oic acid",XIC,eTargetCompound,C20H32O5,,,ESI,5000,,0,,353.23225,M+H,+,1,0,120,,,,,375.2142,M+Na,+,1,0,60,,,,,370.2588,M+NH4,+,1,0,60,,,,,351.2177,M-H,-,1,0,60,,,
"[FA hydroxy,oxo(2:0)] 9S,11R-dihydroxy-15-oxo-5Z,13E-prostadienoic acid",XIC,eTargetCompound,C20H32O5,,,ESI,5000,,0,,353.23225,M+H,+,1,0,120,,,,,375.2142,M+Na,+,1,0,60,,,,,370.2588,M+NH4,+,1,0,60,,,,,351.2177,M-H,-,1,0,60,,,
"[FA hydroxy,oxo(2:0)] 9S,15S-dihydroxy-11-oxo-5Z,13E-prostadienoic acid",XIC,eTargetCompound,C20H32O5,,,ESI,5000,,0,,353.23225,M+H,+,1,0,120,,,,,375.2142,M+Na,+,1,0,60,,,,,370.2588,M+NH4,+,1,0,60,,,,,351.2177,M-H,-,1,0,60,,,
"[FA trihydroxy(20:4)] 5S,12R,20-trihydroxy-6Z,8E,10E,14Z-eicosatetraenoic acid",XIC,eTargetCompound,C20H32O5,,,ESI,5000,,0,,353.23225,M+H,+,1,0,120,,,,,375.2142,M+Na,+,1,0,60,,,,,370.2588,M+NH4,+,1,0,60,,,,,351.2177,M-H,-,1,0,60,,,
"[FA trihydroxy(3:0)] 9S,11R,15S-trihydroxy-5Z,13E,17Z-prostatrienoic acid",XIC,eTargetCompound,C20H32O5,,,ESI,5000,,0,,353.23225,M+H,+,1,0,120,,,,,375.2142,M+Na,+,1,0,60,,,,,370.2588,M+NH4,+,1,0,60,,,,,351.2177,M-H,-,1,0,60,,,
13-14-Dihydro-15-keto-PGE2,XIC,eTargetCompound,C20H32O5,,,ESI,5000,,0,,353.23225,M+H,+,1,0,120,,,,,375.2142,M+Na,+,1,0,60,,,,,370.2588,M+NH4,+,1,0,60,,,,,351.2177,M-H,-,1,0,60,,,
Levuglandin D2,XIC,eTargetCompound,C20H32O5,,,ESI,5000,,0,,353.23225,M+H,+,1,0,120,,,,,375.2142,M+Na,+,1,0,60,,,,,370.2588,M+NH4,+,1,0,60,,,,,351.2177,M-H,-,1,0,60,,,
Levuglandin E2,XIC,eTargetCompound,C20H32O5,,,ESI,5000,,0,,353.23225,M+H,+,1,0,120,,,,,375.2142,M+Na,+,1,0,60,,,,,370.2588,M+NH4,+,1,0,60,,,,,351.2177,M-H,-,1,0,60,,,
Lipoxin B4,XIC,eTargetCompound,C20H32O5,,,ESI,5000,,0,,353.23225,M+H,+,1,0,120,,,,,375.2142,M+Na,+,1,0,60,,,,,370.2588,M+NH4,+,1,0,60,,,,,351.2177,M-H,-,1,0,60,,,
Prostaglandin E2,XIC,eTargetCompound,C20H32O5,,,ESI,5000,,0,,353.23225,M+H,+,1,0,120,,,,,375.2142,M+Na,+,1,0,60,,,,,370.2588,M+NH4,+,1,0,60,,,,,351.2177,M-H,-,1,0,60,,,
"2,5-Diamino-6-(5'-phosphoribosylamino)-4-pyrimidineone",XIC,eTargetCompound,C9H16N5O8P,,,ESI,5000,,0,,354.08093,M+H,+,1,0,120,,,,,376.06287,M+Na,+,1,0,60,,,,,371.10747,M+NH4,+,1,0,60,,,,,352.06637,M-H,-,1,0,60,,,
Protopine,XIC,eTargetCompound,C20H19NO5,,,ESI,5000,,0,,354.1336,M+H,+,1,0,120,,,,,376.11554,M+Na,+,1,0,60,,,,,371.16015,M+NH4,+,1,0,60,,,,,352.11905,M-H,-,1,0,60,,,
(S)-N-Methylcanadine,XIC,eTargetCompound,C21H23NO4,,,ESI,5000,,0,,354.16998,M+H,+,1,0,120,,,,,376.15193,M+Na,+,1,0,60,,,,,371.19653,M+NH4,+,1,0,60,,,,,352.15543,M-H,-,1,0,60,,,
5-Amino-6-(5'-phosphoribosylamino)uracil,XIC,eTargetCompound,C9H15N4O9P,,,ESI,5000,,0,,355.06494,M+H,+,1,0,120,,,,,377.04689,M+Na,+,1,0,60,,,,,372.09149,M+NH4,+,1,0,60,,,,,353.05039,M-H,-,1,0,60,,,
2-Caffeoylisocitrate,XIC,eTargetCompound,C15H14O10,,,ESI,5000,,0,,355.06597,M+H,+,1,0,120,,,,,377.04792,M+Na,+,1,0,60,,,,,372.09252,M+NH4,+,1,0,60,,,,,353.05142,M-H,-,1,0,60,,,
Biflorin,XIC,eTargetCompound,C16H18O9,,,ESI,5000,,0,,355.10236,M+H,+,1,0,120,,,,,377.0843,M+Na,+,1,0,60,,,,,372.12891,M+NH4,+,1,0,60,,,,,353.08781,M-H,-,1,0,60,,,
Chlorogenic acid,XIC,eTargetCompound,C16H18O9,,,ESI,5000,,0,,355.10236,M+H,+,1,0,120,,,,,377.0843,M+Na,+,1,0,60,,,,,372.12891,M+NH4,+,1,0,60,,,,,353.08781,M-H,-,1,0,60,,,
Licoisoflavone A,XIC,eTargetCompound,C20H18O6,,,ESI,5000,,0,,355.11761,M+H,+,1,0,120,,,,,377.09956,M+Na,+,1,0,60,,,,,372.14416,M+NH4,+,1,0,60,,,,,353.10306,M-H,-,1,0,60,,,
Luteone,XIC,eTargetCompound,C20H18O6,,,ESI,5000,,0,,355.11761,M+H,+,1,0,120,,,,,377.09956,M+Na,+,1,0,60,,,,,372.14416,M+NH4,+,1,0,60,,,,,353.10306,M-H,-,1,0,60,,,
[Fv] Xanthohumol,XIC,eTargetCompound,C21H22O5,,,ESI,5000,,0,,355.154,M+H,+,1,0,120,,,,,377.13594,M+Na,+,1,0,60,,,,,372.18055,M+NH4,+,1,0,60,,,,,353.13945,M-H,-,1,0,60,,,
17-O-Acetylnorajmaline,XIC,eTargetCompound,C21H26N2O3,,,ESI,5000,,0,,355.20162,M+H,+,1,0,120,,,,,377.18356,M+Na,+,1,0,60,,,,,372.22817,M+NH4,+,1,0,60,,,,,353.18707,M-H,-,1,0,60,,,
"(5Z,9E,14Z)-(8xi,11xi,12S)-8,11,12-Trihydroxyicosa-5,9,14-trienoate",XIC,eTargetCompound,C20H34O5,,,ESI,5000,,0,,355.2479,M+H,+,1,0,120,,,,,377.22985,M+Na,+,1,0,60,,,,,372.27445,M+NH4,+,1,0,60,,,,,353.23335,M-H,-,1,0,60,,,
"[FA hydroxy,ox] 9S,15S-dihydroxy-11-oxo-13E-prostaenoic acid",XIC,eTargetCompound,C20H34O5,,,ESI,5000,,0,,355.2479,M+H,+,1,0,120,,,,,377.22985,M+Na,+,1,0,60,,,,,372.27445,M+NH4,+,1,0,60,,,,,353.23335,M-H,-,1,0,60,,,
"[FA trihydroxy(2:0)] 9R,11R,15S-trihydroxy-5Z,13E-prostadienoic acid",XIC,eTargetCompound,C20H34O5,,,ESI,5000,,0,,355.2479,M+H,+,1,0,120,,,,,377.22985,M+Na,+,1,0,60,,,,,372.27445,M+NH4,+,1,0,60,,,,,353.23335,M-H,-,1,0,60,,,
"[FA trihydroxy(2:0)] 9S,11R,15S-trihydroxy-5Z,13E-prostadienoic acid",XIC,eTargetCompound,C20H34O5,,,ESI,5000,,0,,355.2479,M+H,+,1,0,120,,,,,377.22985,M+Na,+,1,0,60,,,,,372.27445,M+NH4,+,1,0,60,,,,,353.23335,M-H,-,1,0,60,,,
"[FA trihydroxy(2:0)] 9S,11R,15S-trihydroxy-5Z,13E-prostadienoic acid-cyclo[8S,12R]",XIC,eTargetCompound,C20H34O5,,,ESI,5000,,0,,355.2479,M+H,+,1,0,120,,,,,377.22985,M+Na,+,1,0,60,,,,,372.27445,M+NH4,+,1,0,60,,,,,353.23335,M-H,-,1,0,60,,,
"[FA trihydroxy(20:3)] 11,12,15S-trihydroxy-5Z,8Z,13E-eicosatrienoic acid",XIC,eTargetCompound,C20H34O5,,,ESI,5000,,0,,355.2479,M+H,+,1,0,120,,,,,377.22985,M+Na,+,1,0,60,,,,,372.27445,M+NH4,+,1,0,60,,,,,353.23335,M-H,-,1,0,60,,,
"[FA trihydroxy(20:3)] 11,14,15-trihydroxy-5Z,8Z,12E-eicosatrienoic acid",XIC,eTargetCompound,C20H34O5,,,ESI,5000,,0,,355.2479,M+H,+,1,0,120,,,,,377.22985,M+Na,+,1,0,60,,,,,372.27445,M+NH4,+,1,0,60,,,,,353.23335,M-H,-,1,0,60,,,
11-epi-Prostaglandin F2alpha,XIC,eTargetCompound,C20H34O5,,,ESI,5000,,0,,355.2479,M+H,+,1,0,120,,,,,377.22985,M+Na,+,1,0,60,,,,,372.27445,M+NH4,+,1,0,60,,,,,353.23335,M-H,-,1,0,60,,,
Prostaglandin E1,XIC,eTargetCompound,C20H34O5,,,ESI,5000,,0,,355.2479,M+H,+,1,0,120,,,,,377.22985,M+Na,+,1,0,60,,,,,372.27445,M+NH4,+,1,0,60,,,,,353.23335,M-H,-,1,0,60,,,
Trioxilin B3,XIC,eTargetCompound,C20H34O5,,,ESI,5000,,0,,355.2479,M+H,+,1,0,120,,,,,377.22985,M+Na,+,1,0,60,,,,,372.27445,M+NH4,+,1,0,60,,,,,353.23335,M-H,-,1,0,60,,,
"2-Amino-7,8-dihydro-4-hydroxy-6-(diphosphooxymethyl)pteridine",XIC,eTargetCompound,C7H11N5O8P2,,,ESI,5000,,0,,356.01556,M+H,+,1,0,120,,,,,377.99751,M+Na,+,1,0,60,,,,,373.04211,M+NH4,+,1,0,60,,,,,354.00101,M-H,-,1,0,60,,,
S-Adenosylmethioninamine,XIC,eTargetCompound,C14H23N6O3S,,,ESI,5000,,0,,356.16251,M+H,+,1,0,120,,,,,378.14446,M+Na,+,1,0,60,,,,,373.18906,M+NH4,+,1,0,60,,,,,354.14796,M-H,-,1,0,60,,,
Tetrahydropalmatine,XIC,eTargetCompound,C21H25NO4,,,ESI,5000,,0,,356.18563,M+H,+,1,0,120,,,,,378.16758,M+Na,+,1,0,60,,,,,373.21218,M+NH4,+,1,0,60,,,,,354.17108,M-H,-,1,0,60,,,
Guazatine,XIC,eTargetCompound,C18H41N7,,,ESI,5000,,0,,356.34962,M+H,+,1,0,120,,,,,378.33157,M+Na,+,1,0,60,,,,,373.37617,M+NH4,+,1,0,60,,,,,354.33507,M-H,-,1,0,60,,,
Arachidoyl Ethanolamide,XIC,eTargetCompound,C22H45NO2,,,ESI,5000,,0,,356.35231,M+H,+,1,0,120,,,,,378.33425,M+Na,+,1,0,60,,,,,373.37886,M+NH4,+,1,0,60,,,,,354.33775,M-H,-,1,0,60,,,
5-Amino-6-(5'-phosphoribitylamino)uracil,XIC,eTargetCompound,C9H17N4O9P,,,ESI,5000,,0,,357.08059,M+H,+,1,0,120,,,,,379.06254,M+Na,+,1,0,60,,,,,374.10714,M+NH4,+,1,0,60,,,,,355.06604,M-H,-,1,0,60,,,
Scopolin,XIC,eTargetCompound,C16H20O9,,,ESI,5000,,0,,357.11801,M+H,+,1,0,120,,,,,379.09995,M+Na,+,1,0,60,,,,,374.14456,M+NH4,+,1,0,60,,,,,355.10346,M-H,-,1,0,60,,,
Kievitone,XIC,eTargetCompound,C20H20O6,,,ESI,5000,,0,,357.13326,M+H,+,1,0,120,,,,,379.11521,M+Na,+,1,0,60,,,,,374.15981,M+NH4,+,1,0,60,,,,,355.11871,M-H,-,1,0,60,,,
Prostaglandin F1a,XIC,eTargetCompound,C20H36O5,,,ESI,5000,,0,,357.26355,M+H,+,1,0,120,,,,,379.2455,M+Na,+,1,0,60,,,,,374.2901,M+NH4,+,1,0,60,,,,,355.249,M-H,-,1,0,60,,,
[FA hydroxy(22:0)] 13-hydroxy-docosanoic acid,XIC,eTargetCompound,C22H44O3,,,ESI,5000,,0,,357.33632,M+H,+,1,0,120,,,,,379.31827,M+Na,+,1,0,60,,,,,374.36287,M+NH4,+,1,0,60,,,,,355.32177,M-H,-,1,0,60,,,
Deacetoxycephalosporin C,XIC,eTargetCompound,C14H19N3O6S,,,ESI,5000,,0,,358.10673,M+H,+,1,0,120,,,,,380.08868,M+Na,+,1,0,60,,,,,375.13328,M+NH4,+,1,0,60,,,,,356.09218,M-H,-,1,0,60,,,
cyclo-dopa 5-O-glucoside,XIC,eTargetCompound,C15H19NO9,,,ESI,5000,,0,,358.11326,M+H,+,1,0,120,,,,,380.0952,M+Na,+,1,0,60,,,,,375.13981,M+NH4,+,1,0,60,,,,,356.0987,M-H,-,1,0,60,,,
deacetylcolchicine,XIC,eTargetCompound,C20H23NO5,,,ESI,5000,,0,,358.1649,M+H,+,1,0,120,,,,,380.14684,M+Na,+,1,0,60,,,,,375.19145,M+NH4,+,1,0,60,,,,,356.15035,M-H,-,1,0,60,,,
Sinigrin,XIC,eTargetCompound,C10H16NO9S2,,,ESI,5000,,0,,359.03392,M+H,+,1,0,120,,,,,381.01587,M+Na,+,1,0,60,,,,,376.06047,M+NH4,+,1,0,60,,,,,357.01937,M-H,-,1,0,60,,,
"N1-(5-Phospho-alpha-D-ribosyl)-5,6-dimethylbenzimidazole",XIC,eTargetCompound,C14H19N2O7P,,,ESI,5000,,0,,359.10026,M+H,+,1,0,120,,,,,381.08221,M+Na,+,1,0,60,,,,,376.12681,M+NH4,+,1,0,60,,,,,357.08571,M-H,-,1,0,60,,,
Pantetheine 4'-phosphate,XIC,eTargetCompound,C11H23N2O7PS,,,ESI,5000,,0,,359.10363,M+H,+,1,0,120,,,,,381.08558,M+Na,+,1,0,60,,,,,376.13018,M+NH4,+,1,0,60,,,,,357.08908,M-H,-,1,0,60,,,
(+)-pinoresinol,XIC,eTargetCompound,C20H22O6,,,ESI,5000,,0,,359.14891,M+H,+,1,0,120,,,,,381.13086,M+Na,+,1,0,60,,,,,376.17546,M+NH4,+,1,0,60,,,,,357.13436,M-H,-,1,0,60,,,
Matairesinol,XIC,eTargetCompound,C20H22O6,,,ESI,5000,,0,,359.14891,M+H,+,1,0,120,,,,,381.13086,M+Na,+,1,0,60,,,,,376.17546,M+NH4,+,1,0,60,,,,,357.13436,M-H,-,1,0,60,,,
Cannabidiolic acid,XIC,eTargetCompound,C22H30O4,,,ESI,5000,,0,,359.22169,M+H,+,1,0,120,,,,,381.20363,M+Na,+,1,0,60,,,,,376.24824,M+NH4,+,1,0,60,,,,,357.20713,M-H,-,1,0,60,,,
Monostearin,XIC,eTargetCompound,C21H42O4,,,ESI,5000,,0,,359.31559,M+H,+,1,0,120,,,,,381.29753,M+Na,+,1,0,60,,,,,376.34214,M+NH4,+,1,0,60,,,,,357.30103,M-H,-,1,0,60,,,
Isopenicillin N,XIC,eTargetCompound,C14H21N3O6S,,,ESI,5000,,0,,360.12238,M+H,+,1,0,120,,,,,382.10433,M+Na,+,1,0,60,,,,,377.14893,M+NH4,+,1,0,60,,,,,358.10783,M-H,-,1,0,60,,,
Penicillin N,XIC,eTargetCompound,C14H21N3O6S,,,ESI,5000,,0,,360.12238,M+H,+,1,0,120,,,,,382.10433,M+Na,+,1,0,60,,,,,377.14893,M+NH4,+,1,0,60,,,,,358.10783,M-H,-,1,0,60,,,
Epinephrineglucuronide,XIC,eTargetCompound,C15H21NO9,,,ESI,5000,,0,,360.12891,M+H,+,1,0,120,,,,,382.11085,M+Na,+,1,0,60,,,,,377.15546,M+NH4,+,1,0,60,,,,,358.11435,M-H,-,1,0,60,,,
"3',4',5-Trihydroxy-3,6,7-trimethoxyflavone",XIC,eTargetCompound,C18H16O8,,,ESI,5000,,0,,361.09179,M+H,+,1,0,120,,,,,383.07374,M+Na,+,1,0,60,,,,,378.11834,M+NH4,+,1,0,60,,,,,359.07724,M-H,-,1,0,60,,,
Chrysosplenol C,XIC,eTargetCompound,C18H16O8,,,ESI,5000,,0,,361.09179,M+H,+,1,0,120,,,,,383.07374,M+Na,+,1,0,60,,,,,378.11834,M+NH4,+,1,0,60,,,,,359.07724,M-H,-,1,0,60,,,
Rosmarinate,XIC,eTargetCompound,C18H16O8,,,ESI,5000,,0,,361.09179,M+H,+,1,0,120,,,,,383.07374,M+Na,+,1,0,60,,,,,378.11834,M+NH4,+,1,0,60,,,,,359.07724,M-H,-,1,0,60,,,
3-Methoxy-4-hydroxyphenylglycolglucuronide,XIC,eTargetCompound,C15H20O10,,,ESI,5000,,0,,361.11292,M+H,+,1,0,120,,,,,383.09487,M+Na,+,1,0,60,,,,,378.13947,M+NH4,+,1,0,60,,,,,359.09837,M-H,-,1,0,60,,,
7-Deoxyloganate,XIC,eTargetCompound,C16H24O9,,,ESI,5000,,0,,361.14931,M+H,+,1,0,120,,,,,383.13125,M+Na,+,1,0,60,,,,,378.17586,M+NH4,+,1,0,60,,,,,359.13476,M-H,-,1,0,60,,,
Lariciresinol,XIC,eTargetCompound,C20H24O6,,,ESI,5000,,0,,361.16456,M+H,+,1,0,120,,,,,383.14651,M+Na,+,1,0,60,,,,,378.19111,M+NH4,+,1,0,60,,,,,359.15001,M-H,-,1,0,60,,,
Aldosterone,XIC,eTargetCompound,C21H28O5,,,ESI,5000,,0,,361.20095,M+H,+,1,0,120,,,,,383.1829,M+Na,+,1,0,60,,,,,378.2275,M+NH4,+,1,0,60,,,,,359.1864,M-H,-,1,0,60,,,
Cortisone,XIC,eTargetCompound,C21H28O5,,,ESI,5000,,0,,361.20095,M+H,+,1,0,120,,,,,383.1829,M+Na,+,1,0,60,,,,,378.2275,M+NH4,+,1,0,60,,,,,359.1864,M-H,-,1,0,60,,,
Chelirubine,XIC,eTargetCompound,C21H16NO5,,,ESI,5000,,0,,363.11012,M+H,+,1,0,120,,,,,385.09207,M+Na,+,1,0,60,,,,,380.13667,M+NH4,+,1,0,60,,,,,361.09557,M-H,-,1,0,60,,,
Gibberellin A8-catabolite,XIC,eTargetCompound,C19H22O7,,,ESI,5000,,0,,363.14383,M+H,+,1,0,120,,,,,385.12577,M+Na,+,1,0,60,,,,,380.17038,M+NH4,+,1,0,60,,,,,361.12928,M-H,-,1,0,60,,,
Gibberellin A19,XIC,eTargetCompound,C20H26O6,,,ESI,5000,,0,,363.18022,M+H,+,1,0,120,,,,,385.16216,M+Na,+,1,0,60,,,,,380.20676,M+NH4,+,1,0,60,,,,,361.16566,M-H,-,1,0,60,,,
Gibberellin A36,XIC,eTargetCompound,C20H26O6,,,ESI,5000,,0,,363.18022,M+H,+,1,0,120,,,,,385.16216,M+Na,+,1,0,60,,,,,380.20676,M+NH4,+,1,0,60,,,,,361.16566,M-H,-,1,0,60,,,
"[ST hydroxy(3:0)] 5alpha-pregnan-17 alpha,21-dihydroxy-3,11,20-trione",XIC,eTargetCompound,C21H30O5,,,ESI,5000,,0,,363.2166,M+H,+,1,0,120,,,,,385.19855,M+Na,+,1,0,60,,,,,380.24315,M+NH4,+,1,0,60,,,,,361.20205,M-H,-,1,0,60,,,
"[ST hydroxy(3:0)] 5beta-pregnan-17 alpha,21-dihydroxy-3,11,20-trione",XIC,eTargetCompound,C21H30O5,,,ESI,5000,,0,,363.2166,M+H,+,1,0,120,,,,,385.19855,M+Na,+,1,0,60,,,,,380.24315,M+NH4,+,1,0,60,,,,,361.20205,M-H,-,1,0,60,,,
"[ST trihydroxy(2:0)] 11beta,18,21-trihydroxy-pregn-4-ene-3,20-dione",XIC,eTargetCompound,C21H30O5,,,ESI,5000,,0,,363.2166,M+H,+,1,0,120,,,,,385.19855,M+Na,+,1,0,60,,,,,380.24315,M+NH4,+,1,0,60,,,,,361.20205,M-H,-,1,0,60,,,
"11beta,21-Dihydroxy-3,20-oxo-5beta-pregnan-18-al",XIC,eTargetCompound,C21H30O5,,,ESI,5000,,0,,363.2166,M+H,+,1,0,120,,,,,385.19855,M+Na,+,1,0,60,,,,,380.24315,M+NH4,+,1,0,60,,,,,361.20205,M-H,-,1,0,60,,,
Cortisol,XIC,eTargetCompound,C21H30O5 ,,,ESI,5000,,0,,363.2166,M+H,+,1,0,120,,,,,385.19855,M+Na,+,1,0,60,,,,,380.24315,M+NH4,+,1,0,60,,,,,361.20205,M-H,-,1,0,60,,,
Humulone,XIC,eTargetCompound,C21H30O5,,,ESI,5000,,0,,363.2166,M+H,+,1,0,120,,,,,385.19855,M+Na,+,1,0,60,,,,,380.24315,M+NH4,+,1,0,60,,,,,361.20205,M-H,-,1,0,60,,,
Calpeptin,XIC,eTargetCompound,C20H30N2O4,,,ESI,5000,,0,,363.22783,M+H,+,1,0,120,,,,,385.20978,M+Na,+,1,0,60,,,,,380.25438,M+NH4,+,1,0,60,,,,,361.21328,M-H,-,1,0,60,,,
NG002_GMP,XIC,eTargetCompound,,,,None,0,,,,,,,,,,,,,,,,,,,,,,,,,,,,,,,,,,362.0507,M-,-,1,36.93,60,,,
GMP; 5'-GMP; Guanosine 5'-monophosphate,XIC,eTargetCompound,C10H14N5O8P,,,ESI,5000,,0,,364.06528,M+H,+,1,0,120,,,,,386.04722,M+Na,+,1,0,60,,,,,381.09182,M+NH4,+,1,0,60,,,,,362.05072,M-H,-,1,0,60,,,
Guanosine 3'-phosphate,XIC,eTargetCompound,C10H14N5O8P,,,ESI,5000,,0,,364.06528,M+H,+,1,0,120,,,,,386.04722,M+Na,+,1,0,60,,,,,381.09182,M+NH4,+,1,0,60,,,,,362.05072,M-H,-,1,0,60,,,
Dihydrochelirubine,XIC,eTargetCompound,C21H17NO5,,,ESI,5000,,0,,364.11795,M+H,+,1,0,120,,,,,386.09989,M+Na,+,1,0,60,,,,,381.1445,M+NH4,+,1,0,60,,,,,362.1034,M-H,-,1,0,60,,,
delta(L-2-Aminoadipyl)-L-cysteinyl-D-valine,XIC,eTargetCompound,C14H25N3O6S,,,ESI,5000,,0,,364.15368,M+H,+,1,0,120,,,,,386.13563,M+Na,+,1,0,60,,,,,381.18023,M+NH4,+,1,0,60,,,,,362.13913,M-H,-,1,0,60,,,
Chloramphenicol 3-acetate,XIC,eTargetCompound,C13H14N2O6Cl2,,,ESI,5000,,0,,365.03017,M+H,+,1,0,120,,,,,387.01211,M+Na,+,1,0,60,,,,,382.05672,M+NH4,+,1,0,60,,,,,363.01561,M-H,-,1,0,60,,,
Xanthosine 5'-phosphate,XIC,eTargetCompound,C10H13N4O9P,,,ESI,5000,,0,,365.04929,M+H,+,1,0,120,,,,,387.03124,M+Na,+,1,0,60,,,,,382.07584,M+NH4,+,1,0,60,,,,,363.03474,M-H,-,1,0,60,,,
Sulfometuron methyl,XIC,eTargetCompound,C15H16N4O5S,,,ESI,5000,,0,,365.09142,M+H,+,1,0,120,,,,,387.07336,M+Na,+,1,0,60,,,,,382.11797,M+NH4,+,1,0,60,,,,,363.07686,M-H,-,1,0,60,,,
 Gibberellin A8,XIC,eTargetCompound,C19H24O7,,,ESI,5000,,0,,365.15948,M+H,+,1,0,120,,,,,387.14142,M+Na,+,1,0,60,,,,,382.18603,M+NH4,+,1,0,60,,,,,363.14493,M-H,-,1,0,60,,,
Gibberellin A37 open lactone,XIC,eTargetCompound,C20H28O6,,,ESI,5000,,0,,365.19587,M+H,+,1,0,120,,,,,387.17781,M+Na,+,1,0,60,,,,,382.22241,M+NH4,+,1,0,60,,,,,363.18131,M-H,-,1,0,60,,,
Gibberellin A44 diacid,XIC,eTargetCompound,C20H28O6,,,ESI,5000,,0,,365.19587,M+H,+,1,0,120,,,,,387.17781,M+Na,+,1,0,60,,,,,382.22241,M+NH4,+,1,0,60,,,,,363.18131,M-H,-,1,0,60,,,
"11beta,17alpha,21-Trihydroxy-5beta-pregnane-3,20-dione",XIC,eTargetCompound,C21H32O5,,,ESI,5000,,0,,365.23225,M+H,+,1,0,120,,,,,387.2142,M+Na,+,1,0,60,,,,,382.2588,M+NH4,+,1,0,60,,,,,363.2177,M-H,-,1,0,60,,,
"11beta,17alpha,21-Trihydroxypregnenolone",XIC,eTargetCompound,C21H32O5,,,ESI,5000,,0,,365.23225,M+H,+,1,0,120,,,,,387.2142,M+Na,+,1,0,60,,,,,382.2588,M+NH4,+,1,0,60,,,,,363.2177,M-H,-,1,0,60,,,
"3alpha,11beta,21-Trihydroxy-20-oxo-5beta-pregnan-18-al",XIC,eTargetCompound,C21H32O5,,,ESI,5000,,0,,365.23225,M+H,+,1,0,120,,,,,387.2142,M+Na,+,1,0,60,,,,,382.2588,M+NH4,+,1,0,60,,,,,363.2177,M-H,-,1,0,60,,,
Urocortisone; Tetrahydrocortisone,XIC,eTargetCompound,C21H32O5,,,ESI,5000,,0,,365.23225,M+H,+,1,0,120,,,,,387.2142,M+Na,+,1,0,60,,,,,382.2588,M+NH4,+,1,0,60,,,,,363.2177,M-H,-,1,0,60,,,
Malvidin,XIC,eTargetCompound,C17H15ClO7,,,ESI,5000,,0,,367.05791,M+H,+,1,0,120,,,,,389.03985,M+Na,+,1,0,60,,,,,384.08446,M+NH4,+,1,0,60,,,,,365.04335,M-H,-,1,0,60,,,
1-(5'-Phosphoribosyl)-5-formamido-4-imidazolecarboxamide,XIC,eTargetCompound,C10H15N4O9P,,,ESI,5000,,0,,367.06494,M+H,+,1,0,120,,,,,389.04689,M+Na,+,1,0,60,,,,,384.09149,M+NH4,+,1,0,60,,,,,365.05039,M-H,-,1,0,60,,,
Salicin 6-phosphate,XIC,eTargetCompound,C13H19O10P,,,ESI,5000,,0,,367.07886,M+H,+,1,0,120,,,,,389.0608,M+Na,+,1,0,60,,,,,384.10541,M+NH4,+,1,0,60,,,,,365.06431,M-H,-,1,0,60,,,
16-Methoxytabersonine,XIC,eTargetCompound,C22H26N2O3,,,ESI,5000,,0,,367.20162,M+H,+,1,0,120,,,,,389.18356,M+Na,+,1,0,60,,,,,384.22817,M+NH4,+,1,0,60,,,,,365.18707,M-H,-,1,0,60,,,
"[FA hydroxy(20:4/2:0)] 5S,12R-dihydroxy-6Z,8E,10E,14Z-eicosatetraene-1,20-dioic acid",XIC,eTargetCompound,C20H30O6,,,ESI,5000,,0,,367.21152,M+H,+,1,0,120,,,,,389.19346,M+Na,+,1,0,60,,,,,384.23806,M+NH4,+,1,0,60,,,,,365.19696,M-H,-,1,0,60,,,
Cortolone,XIC,eTargetCompound,C21H34O5,,,ESI,5000,,0,,367.2479,M+H,+,1,0,120,,,,,389.22985,M+Na,+,1,0,60,,,,,384.27445,M+NH4,+,1,0,60,,,,,365.23335,M-H,-,1,0,60,,,
Urocortisol;Tetrahydrocortisol,XIC,eTargetCompound,C21H34O5,,,ESI,5000,,0,,367.2479,M+H,+,1,0,120,,,,,389.22985,M+Na,+,1,0,60,,,,,384.27445,M+NH4,+,1,0,60,,,,,365.23335,M-H,-,1,0,60,,,
[FA (24:0)] 15Z-tetracosenoic acid,XIC,eTargetCompound,C24H46O2,,,ESI,5000,,0,,367.35706,M+H,+,1,0,120,,,,,389.339,M+Na,+,1,0,60,,,,,384.38361,M+NH4,+,1,0,60,,,,,365.3425,M-H,-,1,0,60,,,
Orotidylic acid; Orotidine 5'-monophosphate (OMP),XIC,eTargetCompound,C10H13N2O11P,,,ESI,5000,,0,,369.03297,M+H,+,1,0,120,,,,,391.01492,M+Na,+,1,0,60,,,,,386.05952,M+NH4,+,1,0,60,,,,,367.01842,M-H,-,1,0,60,,,
Indolylmethyl-desulfoglucosinolate,XIC,eTargetCompound,C16H20N2O6S,,,ESI,5000,,0,,369.11148,M+H,+,1,0,120,,,,,391.09343,M+Na,+,1,0,60,,,,,386.13803,M+NH4,+,1,0,60,,,,,367.09693,M-H,-,1,0,60,,,
O-Feruloylquinate,XIC,eTargetCompound,C17H20O9,,,ESI,5000,,0,,369.11801,M+H,+,1,0,120,,,,,391.09995,M+Na,+,1,0,60,,,,,386.14456,M+NH4,+,1,0,60,,,,,367.10346,M-H,-,1,0,60,,,
trans-3-Hydroxycotinineglucuronide,XIC,eTargetCompound,C16H20N2O8,,,ESI,5000,,0,,369.12924,M+H,+,1,0,120,,,,,391.11119,M+Na,+,1,0,60,,,,,386.15579,M+NH4,+,1,0,60,,,,,367.11469,M-H,-,1,0,60,,,
7-O-Methylluteone,XIC,eTargetCompound,C21H20O6,,,ESI,5000,,0,,369.13326,M+H,+,1,0,120,,,,,391.11521,M+Na,+,1,0,60,,,,,386.15981,M+NH4,+,1,0,60,,,,,367.11871,M-H,-,1,0,60,,,
Curcumin,XIC,eTargetCompound,C21H20O6,,,ESI,5000,,0,,369.13326,M+H,+,1,0,120,,,,,391.11521,M+Na,+,1,0,60,,,,,386.15981,M+NH4,+,1,0,60,,,,,367.11871,M-H,-,1,0,60,,,
Icaritin,XIC,eTargetCompound,C21H20O6,,,ESI,5000,,0,,369.13326,M+H,+,1,0,120,,,,,391.11521,M+Na,+,1,0,60,,,,,386.15981,M+NH4,+,1,0,60,,,,,367.11871,M-H,-,1,0,60,,,
Estriol 17-sulfate,XIC,eTargetCompound,C18H24O6S,,,ESI,5000,,0,,369.13664,M+H,+,1,0,120,,,,,391.11858,M+Na,+,1,0,60,,,,,386.16318,M+NH4,+,1,0,60,,,,,367.12208,M-H,-,1,0,60,,,
Dehydroepiandrosterone sulfate (DHEAS),XIC,eTargetCompound,C19H28O5S,,,ESI,5000,,0,,369.17302,M+H,+,1,0,120,,,,,391.15497,M+Na,+,1,0,60,,,,,386.19957,M+NH4,+,1,0,60,,,,,367.15847,M-H,-,1,0,60,,,
Strictosidine aglycone,XIC,eTargetCompound,C21H24N2O4,,,ESI,5000,,0,,369.18088,M+H,+,1,0,120,,,,,391.16283,M+Na,+,1,0,60,,,,,386.20743,M+NH4,+,1,0,60,,,,,367.16633,M-H,-,1,0,60,,,
17-O-Acetylajmaline,XIC,eTargetCompound,C22H28N2O3,,,ESI,5000,,0,,369.21727,M+H,+,1,0,120,,,,,391.19921,M+Na,+,1,0,60,,,,,386.24382,M+NH4,+,1,0,60,,,,,367.20272,M-H,-,1,0,60,,,
"[FA dioxo,hydrox] 6,9-dioxo-11R,15S-dihydroxy-13E-prostenoic acid",XIC,eTargetCompound,C20H32O6,,,ESI,5000,,0,,369.22717,M+H,+,1,0,120,,,,,391.20911,M+Na,+,1,0,60,,,,,386.25371,M+NH4,+,1,0,60,,,,,367.21261,M-H,-,1,0,60,,,
"[FA hydroxy,oxo(2:0)] 9S,15S-dihydroxy-11-oxo-thromboxa-5Z,13E-dien-1-oic acid",XIC,eTargetCompound,C20H32O6,,,ESI,5000,,0,,369.22717,M+H,+,1,0,120,,,,,391.20911,M+Na,+,1,0,60,,,,,386.25371,M+NH4,+,1,0,60,,,,,367.21261,M-H,-,1,0,60,,,
Prostaglandin G2,XIC,eTargetCompound,C20H32O6,,,ESI,5000,,0,,369.22717,M+H,+,1,0,120,,,,,391.20911,M+Na,+,1,0,60,,,,,386.25371,M+NH4,+,1,0,60,,,,,367.21261,M-H,-,1,0,60,,,
Cortol,XIC,eTargetCompound,C21H36O5,,,ESI,5000,,0,,369.26355,M+H,+,1,0,120,,,,,391.2455,M+Na,+,1,0,60,,,,,386.2901,M+NH4,+,1,0,60,,,,,367.249,M-H,-,1,0,60,,,
Lignoceric acid; Tetracosanoic acid,XIC,eTargetCompound,C24H48O2,,,ESI,5000,,0,,369.37271,M+H,+,1,0,120,,,,,391.35465,M+Na,+,1,0,60,,,,,386.39926,M+NH4,+,1,0,60,,,,,367.35815,M-H,-,1,0,60,,,
6-Hydroxyprotopine,XIC,eTargetCompound,C20H19NO6,,,ESI,5000,,0,,370.12851,M+H,+,1,0,120,,,,,392.11046,M+Na,+,1,0,60,,,,,387.15506,M+NH4,+,1,0,60,,,,,368.11396,M-H,-,1,0,60,,,
Allocryptopine,XIC,eTargetCompound,C21H23NO5,,,ESI,5000,,0,,370.1649,M+H,+,1,0,120,,,,,392.14684,M+Na,+,1,0,60,,,,,387.19145,M+NH4,+,1,0,60,,,,,368.15035,M-H,-,1,0,60,,,
Heroin,XIC,eTargetCompound,C21H23NO5,,,ESI,5000,,0,,370.1649,M+H,+,1,0,120,,,,,392.14684,M+Na,+,1,0,60,,,,,387.19145,M+NH4,+,1,0,60,,,,,368.15035,M-H,-,1,0,60,,,
Corydaline,XIC,eTargetCompound,C22H27NO4,,,ESI,5000,,0,,370.20128,M+H,+,1,0,120,,,,,392.18323,M+Na,+,1,0,60,,,,,387.22783,M+NH4,+,1,0,60,,,,,368.18673,M-H,-,1,0,60,,,
"D-glycero-D-manno-Heptose 1,7-bisphosphate",XIC,eTargetCompound,C7H16O13P2,,,ESI,5000,,0,,371.01389,M+H,+,1,0,120,,,,,392.99583,M+Na,+,1,0,60,,,,,388.04044,M+NH4,+,1,0,60,,,,,368.99934,M-H,-,1,0,60,,,
"D-Sedoheptulose 1,7-bisphosphate",XIC,eTargetCompound,C7H16O13P2,,,ESI,5000,,0,,371.01389,M+H,+,1,0,120,,,,,392.99583,M+Na,+,1,0,60,,,,,388.04044,M+NH4,+,1,0,60,,,,,368.99934,M-H,-,1,0,60,,,
"1,2-beta-D-Glucuronosyl-D-glucuronate",XIC,eTargetCompound,C12H18O13,,,ESI,5000,,0,,371.08202,M+H,+,1,0,120,,,,,393.06396,M+Na,+,1,0,60,,,,,388.10857,M+NH4,+,1,0,60,,,,,369.06746,M-H,-,1,0,60,,,
Digalacturonate,XIC,eTargetCompound,C12H18O13,,,ESI,5000,,0,,371.08202,M+H,+,1,0,120,,,,,393.06396,M+Na,+,1,0,60,,,,,388.10857,M+NH4,+,1,0,60,,,,,369.06746,M-H,-,1,0,60,,,
Amylose,XIC,eTargetCompound,C14H26O11,,,ESI,5000,,0,,371.15479,M+H,+,1,0,120,,,,,393.13673,M+Na,+,1,0,60,,,,,388.18134,M+NH4,+,1,0,60,,,,,369.14023,M-H,-,1,0,60,,,
Galactan,XIC,eTargetCompound,C14H26O11,,,ESI,5000,,0,,371.15479,M+H,+,1,0,120,,,,,393.13673,M+Na,+,1,0,60,,,,,388.18134,M+NH4,+,1,0,60,,,,,369.14023,M-H,-,1,0,60,,,
"[FA oxo,trihydrox] 6-oxo-9S,11R,15S-trihydroxy-13E-prostenoic acid",XIC,eTargetCompound,C20H34O6,,,ESI,5000,,0,,371.24282,M+H,+,1,0,120,,,,,393.22476,M+Na,+,1,0,60,,,,,388.26936,M+NH4,+,1,0,60,,,,,369.22826,M-H,-,1,0,60,,,
5-Cholestene,XIC,eTargetCompound,C27H46,,,ESI,5000,,0,,371.36723,M+H,+,1,0,120,,,,,393.34917,M+Na,+,1,0,60,,,,,388.39378,M+NH4,+,1,0,60,,,,,369.35267,M-H,-,1,0,60,,,
7-O-Acetylsalutaridinol,XIC,eTargetCompound,C21H25NO5,,,ESI,5000,,0,,372.18055,M+H,+,1,0,120,,,,,394.16249,M+Na,+,1,0,60,,,,,389.2071,M+NH4,+,1,0,60,,,,,370.166,M-H,-,1,0,60,,,
Demecolcine,XIC,eTargetCompound,C21H25NO5,,,ESI,5000,,0,,372.18055,M+H,+,1,0,120,,,,,394.16249,M+Na,+,1,0,60,,,,,389.2071,M+NH4,+,1,0,60,,,,,370.166,M-H,-,1,0,60,,,
NN002_NADP,XIC,eTargetCompound,,,,None,0,,,,,,,,,,,,,,,,,,,,,,,,,,,,,,,,,,370.5304,M-,-,1,28.74,60,,,
Gluconapin,XIC,eTargetCompound,C11H18NO9S2,,,ESI,5000,,0,,373.04957,M+H,+,1,0,120,,,,,395.03152,M+Na,+,1,0,60,,,,,390.07612,M+NH4,+,1,0,60,,,,,371.03502,M-H,-,1,0,60,,,
2-O-Caffeoylglucarate,XIC,eTargetCompound,C15H16O11,,,ESI,5000,,0,,373.07654,M+H,+,1,0,120,,,,,395.05848,M+Na,+,1,0,60,,,,,390.10309,M+NH4,+,1,0,60,,,,,371.06198,M-H,-,1,0,60,,,
Sesamolinol,XIC,eTargetCompound,C20H20O7,,,ESI,5000,,0,,373.12818,M+H,+,1,0,120,,,,,395.11012,M+Na,+,1,0,60,,,,,390.15473,M+NH4,+,1,0,60,,,,,371.11363,M-H,-,1,0,60,,,
Syringin,XIC,eTargetCompound,C17H24O9,,,ESI,5000,,0,,373.14931,M+H,+,1,0,120,,,,,395.13125,M+Na,+,1,0,60,,,,,390.17586,M+NH4,+,1,0,60,,,,,371.13476,M-H,-,1,0,60,,,
Biocytin,XIC,eTargetCompound,C16H28N4O4S,,,ESI,5000,,0,,373.1904,M+H,+,1,0,120,,,,,395.17235,M+Na,+,1,0,60,,,,,390.21695,M+NH4,+,1,0,60,,,,,371.17585,M-H,-,1,0,60,,,
N6-D-Biotinyl-L-lysine,XIC,eTargetCompound,C16H28N4O4S,,,ESI,5000,,0,,373.1904,M+H,+,1,0,120,,,,,395.17235,M+Na,+,1,0,60,,,,,390.21695,M+NH4,+,1,0,60,,,,,371.17585,M-H,-,1,0,60,,,
N-acetylmuramate 6-phosphate,XIC,eTargetCompound,C11H20NO11P,,,ESI,5000,,0,,374.08467,M+H,+,1,0,120,,,,,396.06662,M+Na,+,1,0,60,,,,,391.11122,M+NH4,+,1,0,60,,,,,372.07012,M-H,-,1,0,60,,,
Deacetylcephalosporin C,XIC,eTargetCompound,C14H19N3O7S,,,ESI,5000,,0,,374.10165,M+H,+,1,0,120,,,,,396.08359,M+Na,+,1,0,60,,,,,391.1282,M+NH4,+,1,0,60,,,,,372.08709,M-H,-,1,0,60,,,
"(2R)-2-beta-D-Glucopyranosyloxy-4-hydroxy-7-methoxy-(2H)-1,4- benzoxazin-3(4H)-one",XIC,eTargetCompound,C15H19NO10,,,ESI,5000,,0,,374.10817,M+H,+,1,0,120,,,,,396.09012,M+Na,+,1,0,60,,,,,391.13472,M+NH4,+,1,0,60,,,,,372.09362,M-H,-,1,0,60,,,
DIMBOA-glucoside,XIC,eTargetCompound,C15H19NO10,,,ESI,5000,,0,,374.10817,M+H,+,1,0,120,,,,,396.09012,M+Na,+,1,0,60,,,,,391.13472,M+NH4,+,1,0,60,,,,,372.09362,M-H,-,1,0,60,,,
(S)-autumnaline,XIC,eTargetCompound,C21H27NO5,,,ESI,5000,,0,,374.1962,M+H,+,1,0,120,,,,,396.17814,M+Na,+,1,0,60,,,,,391.22275,M+NH4,+,1,0,60,,,,,372.18165,M-H,-,1,0,60,,,
Curacin A,XIC,eTargetCompound,C23H35NOS,,,ESI,5000,,0,,374.25121,M+H,+,1,0,120,,,,,396.23316,M+Na,+,1,0,60,,,,,391.27776,M+NH4,+,1,0,60,,,,,372.23666,M-H,-,1,0,60,,,
Deoxyribose triphosphate,XIC,eTargetCompound,C5H13O13P3,,,ESI,5000,,0,,374.96418,M+H,+,1,0,120,,,,,396.94612,M+Na,+,1,0,60,,,,,391.99073,M+NH4,+,1,0,60,,,,,372.94962,M-H,-,1,0,60,,,
Chrysosplenetin,XIC,eTargetCompound,C19H18O8,,,ESI,5000,,0,,375.10744,M+H,+,1,0,120,,,,,397.08939,M+Na,+,1,0,60,,,,,392.13399,M+NH4,+,1,0,60,,,,,373.09289,M-H,-,1,0,60,,,
Portulacaxanthin II,XIC,eTargetCompound,C18H18N2O7,,,ESI,5000,,0,,375.11868,M+H,+,1,0,120,,,,,397.10062,M+Na,+,1,0,60,,,,,392.14523,M+NH4,+,1,0,60,,,,,373.10412,M-H,-,1,0,60,,,
Secologanate,XIC,eTargetCompound,C16H22O10,,,ESI,5000,,0,,375.12857,M+H,+,1,0,120,,,,,397.11052,M+Na,+,1,0,60,,,,,392.15512,M+NH4,+,1,0,60,,,,,373.11402,M-H,-,1,0,60,,,
Kievitone hydrate,XIC,eTargetCompound,C20H22O7,,,ESI,5000,,0,,375.14383,M+H,+,1,0,120,,,,,397.12577,M+Na,+,1,0,60,,,,,392.17038,M+NH4,+,1,0,60,,,,,373.12928,M-H,-,1,0,60,,,
Deoxyloganin,XIC,eTargetCompound,C17H26O9,,,ESI,5000,,0,,375.16496,M+H,+,1,0,120,,,,,397.1469,M+Na,+,1,0,60,,,,,392.19151,M+NH4,+,1,0,60,,,,,373.15041,M-H,-,1,0,60,,,
3-Oxo-5beta-cholanate,XIC,eTargetCompound,C24H38O3,,,ESI,5000,,0,,375.28937,M+H,+,1,0,120,,,,,397.27132,M+Na,+,1,0,60,,,,,392.31592,M+NH4,+,1,0,60,,,,,373.27482,M-H,-,1,0,60,,,
Papaverine,XIC,eTargetCompound,C20H22ClNO4,,,ESI,5000,,0,,376.13101,M+H,+,1,0,120,,,,,398.11296,M+Na,+,1,0,60,,,,,393.15756,M+NH4,+,1,0,60,,,,,374.11646,M-H,-,1,0,60,,,
"7,10,13,16-Docosatetraenoylethanolamine",XIC,eTargetCompound,C24H41NO2,,,ESI,5000,,0,,376.32101,M+H,+,1,0,120,,,,,398.30295,M+Na,+,1,0,60,,,,,393.34756,M+NH4,+,1,0,60,,,,,374.30645,M-H,-,1,0,60,,,
Loganate,XIC,eTargetCompound,C16H24O10,,,ESI,5000,,0,,377.14422,M+H,+,1,0,120,,,,,399.12617,M+Na,+,1,0,60,,,,,394.17077,M+NH4,+,1,0,60,,,,,375.12967,M-H,-,1,0,60,,,
Riboflavin B2,XIC,eTargetCompound,C17H20N4O6,,,ESI,5000,,0,,377.14556,M+H,+,1,0,120,,,,,399.12751,M+Na,+,1,0,60,,,,,394.17211,M+NH4,+,1,0,60,,,,,375.13101,M-H,-,1,0,60,,,
3alpha-Hydroxy-5beta-cholanate,XIC,eTargetCompound,C24H40O3,,,ESI,5000,,0,,377.30502,M+H,+,1,0,120,,,,,399.28697,M+Na,+,1,0,60,,,,,394.33157,M+NH4,+,1,0,60,,,,,375.29047,M-H,-,1,0,60,,,
7-Methylguanosine 5'-phosphate,XIC,eTargetCompound,C11H17N5O8P,,,ESI,5000,,0,,379.08875,M+H,+,1,0,120,,,,,401.0707,M+Na,+,1,0,60,,,,,396.1153,M+NH4,+,1,0,60,,,,,377.0742,M-H,-,1,0,60,,,
phenoxypropylpenicillin,XIC,eTargetCompound,C18H22N2O5S,,,ESI,5000,,0,,379.13222,M+H,+,1,0,120,,,,,401.11416,M+Na,+,1,0,60,,,,,396.15877,M+NH4,+,1,0,60,,,,,377.11767,M-H,-,1,0,60,,,
2-Arachidonoylglycerol,XIC,eTargetCompound,C23H38O4,,,ESI,5000,,0,,379.28429,M+H,+,1,0,120,,,,,401.26623,M+Na,+,1,0,60,,,,,396.31084,M+NH4,+,1,0,60,,,,,377.26973,M-H,-,1,0,60,,,
S-Lactoylglutathione,XIC,eTargetCompound,C13H21N3O8S,,,ESI,5000,,0,,380.11221,M+H,+,1,0,120,,,,,402.09416,M+Na,+,1,0,60,,,,,397.13876,M+NH4,+,1,0,60,,,,,378.09766,M-H,-,1,0,60,,,
12-Hydroxydihydrochelirubine,XIC,eTargetCompound,C21H17NO6,,,ESI,5000,,0,,380.11286,M+H,+,1,0,120,,,,,402.09481,M+Na,+,1,0,60,,,,,397.13941,M+NH4,+,1,0,60,,,,,378.09831,M-H,-,1,0,60,,,
3-(4-Deoxy-beta-D-gluc-4-enuronosyl)-N-acetyl-D-glucosamine,XIC,eTargetCompound,C14H21NO11,,,ESI,5000,,0,,380.11874,M+H,+,1,0,120,,,,,402.10068,M+Na,+,1,0,60,,,,,397.14529,M+NH4,+,1,0,60,,,,,378.10418,M-H,-,1,0,60,,,
"4-Deoxy-beta-D-gluc-4-enuronosyl-(1,3)-N-acetyl-D-galactosamine",XIC,eTargetCompound,C14H21NO11,,,ESI,5000,,0,,380.11874,M+H,+,1,0,120,,,,,402.10068,M+Na,+,1,0,60,,,,,397.14529,M+NH4,+,1,0,60,,,,,378.10418,M-H,-,1,0,60,,,
D-erythro-Sphingosine 1-phosphate,XIC,eTargetCompound,C18H38NO5P,,,ESI,5000,,0,,380.25604,M+H,+,1,0,120,,,,,402.23798,M+Na,+,1,0,60,,,,,397.28259,M+NH4,+,1,0,60,,,,,378.24148,M-H,-,1,0,60,,,
Urate D-ribonucleotide,XIC,eTargetCompound,C10H13N4O10P,,,ESI,5000,,0,,381.04421,M+H,+,1,0,120,,,,,403.02615,M+Na,+,1,0,60,,,,,398.07075,M+NH4,+,1,0,60,,,,,379.02965,M-H,-,1,0,60,,,
Methicillin,XIC,eTargetCompound,C17H20N2O6S,,,ESI,5000,,0,,381.11148,M+H,+,1,0,120,,,,,403.09343,M+Na,+,1,0,60,,,,,398.13803,M+NH4,+,1,0,60,,,,,379.09693,M-H,-,1,0,60,,,
EGTA,XIC,eTargetCompound,C14H24N2O10,,,ESI,5000,,0,,381.15037,M+H,+,1,0,120,,,,,403.13232,M+Na,+,1,0,60,,,,,398.17692,M+NH4,+,1,0,60,,,,,379.13582,M-H,-,1,0,60,,,
Norbixin,XIC,eTargetCompound,C24H28O4,,,ESI,5000,,0,,381.20604,M+H,+,1,0,120,,,,,403.18798,M+Na,+,1,0,60,,,,,398.23258,M+NH4,+,1,0,60,,,,,379.19148,M-H,-,1,0,60,,,
2-Amino-5-formylamino-6-(5-phosphoribosylamino)pyrimidin-4(3H)-one,XIC,eTargetCompound,C10H16N5O9P,,,ESI,5000,,0,,382.07584,M+H,+,1,0,120,,,,,404.05778,M+Na,+,1,0,60,,,,,399.10239,M+NH4,+,1,0,60,,,,,380.06129,M-H,-,1,0,60,,,
O-beta-D-Glucopyranosyl-cis-zeatin,XIC,eTargetCompound,C16H23N5O6,,,ESI,5000,,0,,382.17211,M+H,+,1,0,120,,,,,404.15405,M+Na,+,1,0,60,,,,,399.19866,M+NH4,+,1,0,60,,,,,380.15756,M-H,-,1,0,60,,,
O-beta-D-Glucosylzeatin,XIC,eTargetCompound,C16H23N5O6,,,ESI,5000,,0,,382.17211,M+H,+,1,0,120,,,,,404.15405,M+Na,+,1,0,60,,,,,399.19866,M+NH4,+,1,0,60,,,,,380.15756,M-H,-,1,0,60,,,
trans-Zeatin-7-N-glucoside; Raphanatin,XIC,eTargetCompound,C16H23N5O6,,,ESI,5000,,0,,382.17211,M+H,+,1,0,120,,,,,404.15405,M+Na,+,1,0,60,,,,,399.19866,M+NH4,+,1,0,60,,,,,380.15756,M-H,-,1,0,60,,,
[SP] Sphinganine-1-phosphate,XIC,eTargetCompound,C18H40NO5P,,,ESI,5000,,0,,382.27169,M+H,+,1,0,120,,,,,404.25363,M+Na,+,1,0,60,,,,,399.29824,M+NH4,+,1,0,60,,,,,380.25713,M-H,-,1,0,60,,,
Quercetin 3-sulfate,XIC,eTargetCompound,C15H10O10S,,,ESI,5000,,0,,383.00674,M+H,+,1,0,120,,,,,404.98869,M+Na,+,1,0,60,,,,,400.03329,M+NH4,+,1,0,60,,,,,380.99219,M-H,-,1,0,60,,,
 Farnesyl pyrophosphate,XIC,eTargetCompound,C15H28O7P2,,,ESI,5000,,0,,383.1383,M+H,+,1,0,120,,,,,405.12025,M+Na,+,1,0,60,,,,,400.16485,M+NH4,+,1,0,60,,,,,381.12375,M-H,-,1,0,60,,,
"2-cis,6-cis-farnesyl diphosphate",XIC,eTargetCompound,C15H28O7P2,,,ESI,5000,,0,,383.1383,M+H,+,1,0,120,,,,,405.12025,M+Na,+,1,0,60,,,,,400.16485,M+NH4,+,1,0,60,,,,,381.12375,M-H,-,1,0,60,,,
"2-cis,6-trans-farnesyl diphosphate",XIC,eTargetCompound,C15H28O7P2,,,ESI,5000,,0,,383.1383,M+H,+,1,0,120,,,,,405.12025,M+Na,+,1,0,60,,,,,400.16485,M+NH4,+,1,0,60,,,,,381.12375,M-H,-,1,0,60,,,
Farnesyl pyrophosphate,XIC,eTargetCompound,C15H28O7P2,,,ESI,5000,,0,,383.1383,M+H,+,1,0,120,,,,,405.12025,M+Na,+,1,0,60,,,,,400.16485,M+NH4,+,1,0,60,,,,,381.12375,M-H,-,1,0,60,,,
Ibuprofenacylglucuronide,XIC,eTargetCompound,C19H26O8,,,ESI,5000,,0,,383.17004,M+H,+,1,0,120,,,,,405.15199,M+Na,+,1,0,60,,,,,400.19659,M+NH4,+,1,0,60,,,,,381.15549,M-H,-,1,0,60,,,
C25-Allenic-apo-aldehyde,XIC,eTargetCompound,C25H34O3,,,ESI,5000,,0,,383.25807,M+H,+,1,0,120,,,,,405.24002,M+Na,+,1,0,60,,,,,400.28462,M+NH4,+,1,0,60,,,,,381.24352,M-H,-,1,0,60,,,
"[ST (3:0)] cholest-5Z,7Z,24-trien-3beta-ol",XIC,eTargetCompound,C27H42O,,,ESI,5000,,0,,383.33084,M+H,+,1,0,120,,,,,405.31279,M+Na,+,1,0,60,,,,,400.35739,M+NH4,+,1,0,60,,,,,381.31629,M-H,-,1,0,60,,,
[FA (26:0)] 1-hexacosanol,XIC,eTargetCompound,C26H54O,,,ESI,5000,,0,,383.42474,M+H,+,1,0,120,,,,,405.40669,M+Na,+,1,0,60,,,,,400.45129,M+NH4,+,1,0,60,,,,,381.41019,M-H,-,1,0,60,,,
D-Galactosyl-3-N-acetyl-beta-D-galactosamine,XIC,eTargetCompound,C14H25NO11,,,ESI,5000,,0,,384.15004,M+H,+,1,0,120,,,,,406.13198,M+Na,+,1,0,60,,,,,401.17659,M+NH4,+,1,0,60,,,,,382.13548,M-H,-,1,0,60,,,
Lacto-N-biose,XIC,eTargetCompound,C14H25NO11,,,ESI,5000,,0,,384.15004,M+H,+,1,0,120,,,,,406.13198,M+Na,+,1,0,60,,,,,401.17659,M+NH4,+,1,0,60,,,,,382.13548,M-H,-,1,0,60,,,
N-acetyllactosamine,XIC,eTargetCompound,C14H25NO11,,,ESI,5000,,0,,384.15004,M+H,+,1,0,120,,,,,406.13198,M+Na,+,1,0,60,,,,,401.17659,M+NH4,+,1,0,60,,,,,382.13548,M-H,-,1,0,60,,,
Dihydrozeatin-O-glucoside,XIC,eTargetCompound,C16H25N5O6,,,ESI,5000,,0,,384.18776,M+H,+,1,0,120,,,,,406.1697,M+Na,+,1,0,60,,,,,401.21431,M+NH4,+,1,0,60,,,,,382.17321,M-H,-,1,0,60,,,
NC005_CoA,XIC,eTargetCompound,,,,None,0,,,,,,,,,,,,,,,,,,,,,,,,,,,,,,,,,,382.5503,M-,-,1,41.62,60,,,
O-Sinapoylglucarolactone,XIC,eTargetCompound,C17H20O10,,,ESI,5000,,0,,385.11292,M+H,+,1,0,120,,,,,407.09487,M+Na,+,1,0,60,,,,,402.13947,M+NH4,+,1,0,60,,,,,383.09837,M-H,-,1,0,60,,,
S-Adenosyl homocysteine (Adohcy),XIC,eTargetCompound,C14H20N6O5S,,,ESI,5000,,0,,385.12886,M+H,+,1,0,120,,,,,407.11081,M+Na,+,1,0,60,,,,,402.15541,M+NH4,+,1,0,60,,,,,383.11431,M-H,-,1,0,60,,,
Acetyl-maltose,XIC,eTargetCompound,C14H24O12,,,ESI,5000,,0,,385.13405,M+H,+,1,0,120,,,,,407.116,M+Na,+,1,0,60,,,,,402.1606,M+NH4,+,1,0,60,,,,,383.1195,M-H,-,1,0,60,,,
"16-Methoxy-2,3-dihydro-3-hydroxytabersonine",XIC,eTargetCompound,C22H28N2O4,,,ESI,5000,,0,,385.21218,M+H,+,1,0,120,,,,,407.19413,M+Na,+,1,0,60,,,,,402.23873,M+NH4,+,1,0,60,,,,,383.19763,M-H,-,1,0,60,,,
"[ST (2:0)] 5alpha-cholesta-8,24-dien-3beta-ol",XIC,eTargetCompound,C27H44O,,,ESI,5000,,0,,385.34649,M+H,+,1,0,120,,,,,407.32844,M+Na,+,1,0,60,,,,,402.37304,M+NH4,+,1,0,60,,,,,383.33194,M-H,-,1,0,60,,,
"[ST (3:0)] (6Z)-(3S)-9,10-seco-5(10),6,8-cholestatrien-3-ol",XIC,eTargetCompound,C27H44O,,,ESI,5000,,0,,385.34649,M+H,+,1,0,120,,,,,407.32844,M+Na,+,1,0,60,,,,,402.37304,M+NH4,+,1,0,60,,,,,383.33194,M-H,-,1,0,60,,,
"5alpha-Cholesta-7,24-dien-3beta-ol",XIC,eTargetCompound,C27H44O,,,ESI,5000,,0,,385.34649,M+H,+,1,0,120,,,,,407.32844,M+Na,+,1,0,60,,,,,402.37304,M+NH4,+,1,0,60,,,,,383.33194,M-H,-,1,0,60,,,
"Cholesta-5,7-dien-3beta-ol",XIC,eTargetCompound,C27H44O,,,ESI,5000,,0,,385.34649,M+H,+,1,0,120,,,,,407.32844,M+Na,+,1,0,60,,,,,402.37304,M+NH4,+,1,0,60,,,,,383.33194,M-H,-,1,0,60,,,
Cholestenone,XIC,eTargetCompound,C27H44O,,,ESI,5000,,0,,385.34649,M+H,+,1,0,120,,,,,407.32844,M+Na,+,1,0,60,,,,,402.37304,M+NH4,+,1,0,60,,,,,383.33194,M-H,-,1,0,60,,,
Desmosterol,XIC,eTargetCompound,C27H44O,,,ESI,5000,,0,,385.34649,M+H,+,1,0,120,,,,,407.32844,M+Na,+,1,0,60,,,,,402.37304,M+NH4,+,1,0,60,,,,,383.33194,M-H,-,1,0,60,,,
Vitamin D3,XIC,eTargetCompound,C27H44O,,,ESI,5000,,0,,385.34649,M+H,+,1,0,120,,,,,407.32844,M+Na,+,1,0,60,,,,,402.37304,M+NH4,+,1,0,60,,,,,383.33194,M-H,-,1,0,60,,,
S-Inosyl-L-homocysteine,XIC,eTargetCompound,C14H19N5O6S,,,ESI,5000,,0,,386.11288,M+H,+,1,0,120,,,,,408.09483,M+Na,+,1,0,60,,,,,403.13943,M+NH4,+,1,0,60,,,,,384.09833,M-H,-,1,0,60,,,
nocardicin G,XIC,eTargetCompound,C19H19N3O6,,,ESI,5000,,0,,386.13466,M+H,+,1,0,120,,,,,408.11661,M+Na,+,1,0,60,,,,,403.16121,M+NH4,+,1,0,60,,,,,384.12011,M-H,-,1,0,60,,,
O-methylandrocymbine,XIC,eTargetCompound,C22H27NO5,,,ESI,5000,,0,,386.1962,M+H,+,1,0,120,,,,,408.17814,M+Na,+,1,0,60,,,,,403.22275,M+NH4,+,1,0,60,,,,,384.18165,M-H,-,1,0,60,,,
Actinonin,XIC,eTargetCompound,C19H35N3O5,,,ESI,5000,,0,,386.26495,M+H,+,1,0,120,,,,,408.24689,M+Na,+,1,0,60,,,,,403.2915,M+NH4,+,1,0,60,,,,,384.25039,M-H,-,1,0,60,,,
(7R)-7-(4-Carboxybutanamido)cephalosporanate,XIC,eTargetCompound,C15H18N2O8S,,,ESI,5000,,0,,387.08566,M+H,+,1,0,120,,,,,409.06761,M+Na,+,1,0,60,,,,,404.11221,M+NH4,+,1,0,60,,,,,385.07111,M-H,-,1,0,60,,,
O-Feruloylgalactarate,XIC,eTargetCompound,C16H18O11,,,ESI,5000,,0,,387.09219,M+H,+,1,0,120,,,,,409.07413,M+Na,+,1,0,60,,,,,404.11874,M+NH4,+,1,0,60,,,,,385.07763,M-H,-,1,0,60,,,
1-O-Sinapoyl-beta-D-glucose,XIC,eTargetCompound,C17H22O10,,,ESI,5000,,0,,387.12857,M+H,+,1,0,120,,,,,409.11052,M+Na,+,1,0,60,,,,,404.15512,M+NH4,+,1,0,60,,,,,385.11402,M-H,-,1,0,60,,,
1-Sinapoyl-D-glucose,XIC,eTargetCompound,C17H22O10,,,ESI,5000,,0,,387.12857,M+H,+,1,0,120,,,,,409.11052,M+Na,+,1,0,60,,,,,404.15512,M+NH4,+,1,0,60,,,,,385.11402,M-H,-,1,0,60,,,
Mesoridazine,XIC,eTargetCompound,C21H26N2OS2,,,ESI,5000,,0,,387.15593,M+H,+,1,0,120,,,,,409.13788,M+Na,+,1,0,60,,,,,404.18248,M+NH4,+,1,0,60,,,,,385.14138,M-H,-,1,0,60,,,
"[ST Hydroxy,oxo(2:0)] 12alpha-Hydroxy-3-oxochola-4,6-dien-24-oic Acid",XIC,eTargetCompound,C24H34O4,,,ESI,5000,,0,,387.25299,M+H,+,1,0,120,,,,,409.23493,M+Na,+,1,0,60,,,,,404.27954,M+NH4,+,1,0,60,,,,,385.23843,M-H,-,1,0,60,,,
6-Deoxyerythronolide B,XIC,eTargetCompound,C21H38O6,,,ESI,5000,,0,,387.27412,M+H,+,1,0,120,,,,,409.25606,M+Na,+,1,0,60,,,,,404.30066,M+NH4,+,1,0,60,,,,,385.25956,M-H,-,1,0,60,,,
DG(18:0e/2:0/0:0),XIC,eTargetCompound,C23H46O4,,,ESI,5000,,0,,387.34689,M+H,+,1,0,120,,,,,409.32883,M+Na,+,1,0,60,,,,,404.37344,M+NH4,+,1,0,60,,,,,385.33233,M-H,-,1,0,60,,,
[ST] cholest-5-en-3beta-ol,XIC,eTargetCompound,C27H46O,,,ESI,5000,,0,,387.36214,M+H,+,1,0,120,,,,,409.34409,M+Na,+,1,0,60,,,,,404.38869,M+NH4,+,1,0,60,,,,,385.34759,M-H,-,1,0,60,,,
[ST] cholest-7-en-3beta-ol,XIC,eTargetCompound,C27H46O,,,ESI,5000,,0,,387.36214,M+H,+,1,0,120,,,,,409.34409,M+Na,+,1,0,60,,,,,404.38869,M+NH4,+,1,0,60,,,,,385.34759,M-H,-,1,0,60,,,
5alpha-Cholest-8-en-3beta-ol,XIC,eTargetCompound,C27H46O,,,ESI,5000,,0,,387.36214,M+H,+,1,0,120,,,,,409.34409,M+Na,+,1,0,60,,,,,404.38869,M+NH4,+,1,0,60,,,,,385.34759,M-H,-,1,0,60,,,
5alpha-Cholestan-3-one,XIC,eTargetCompound,C27H46O,,,ESI,5000,,0,,387.36214,M+H,+,1,0,120,,,,,409.34409,M+Na,+,1,0,60,,,,,404.38869,M+NH4,+,1,0,60,,,,,385.34759,M-H,-,1,0,60,,,
5beta-Cholestan-3-one,XIC,eTargetCompound,C27H46O,,,ESI,5000,,0,,387.36214,M+H,+,1,0,120,,,,,409.34409,M+Na,+,1,0,60,,,,,404.38869,M+NH4,+,1,0,60,,,,,385.34759,M-H,-,1,0,60,,,
Deoxycytidine 5'-diphosphate; dCDP,XIC,eTargetCompound,C9H15N3O10P2,,,ESI,5000,,0,,388.03054,M+H,+,1,0,120,,,,,410.01249,M+Na,+,1,0,60,,,,,405.05709,M+NH4,+,1,0,60,,,,,386.01599,M-H,-,1,0,60,,,
4-pentenylglucosinolate,XIC,eTargetCompound,C12H21NO9S2,,,ESI,5000,,0,,388.07305,M+H,+,1,0,120,,,,,410.05499,M+Na,+,1,0,60,,,,,405.0996,M+NH4,+,1,0,60,,,,,386.0585,M-H,-,1,0,60,,,
dUDP,XIC,eTargetCompound,C9H14N2O11P2,,,ESI,5000,,0,,389.01456,M+H,+,1,0,120,,,,,410.9965,M+Na,+,1,0,60,,,,,406.04111,M+NH4,+,1,0,60,,,,,387.00001,M-H,-,1,0,60,,,
Betanidin,XIC,eTargetCompound,C18H16N2O8,,,ESI,5000,,0,,389.09794,M+H,+,1,0,120,,,,,411.07989,M+Na,+,1,0,60,,,,,406.12449,M+NH4,+,1,0,60,,,,,387.08339,M-H,-,1,0,60,,,
dopaxanthin quinone,XIC,eTargetCompound,C18H16N2O8,,,ESI,5000,,0,,389.09794,M+H,+,1,0,120,,,,,411.07989,M+Na,+,1,0,60,,,,,406.12449,M+NH4,+,1,0,60,,,,,387.08339,M-H,-,1,0,60,,,
Fructoselysine 6-phosphate,XIC,eTargetCompound,C12H25N2O10P,,,ESI,5000,,0,,389.13196,M+H,+,1,0,120,,,,,411.1139,M+Na,+,1,0,60,,,,,406.15851,M+NH4,+,1,0,60,,,,,387.1174,M-H,-,1,0,60,,,
Secologanin,XIC,eTargetCompound,C17H24O10,,,ESI,5000,,0,,389.14422,M+H,+,1,0,120,,,,,411.12617,M+Na,+,1,0,60,,,,,406.17077,M+NH4,+,1,0,60,,,,,387.12967,M-H,-,1,0,60,,,
Tuberonic acid glucoside,XIC,eTargetCompound,C18H28O9,,,ESI,5000,,0,,389.18061,M+H,+,1,0,120,,,,,411.16255,M+Na,+,1,0,60,,,,,406.20716,M+NH4,+,1,0,60,,,,,387.16606,M-H,-,1,0,60,,,
Epidihydrocholesterin,XIC,eTargetCompound,C27H48O,,,ESI,5000,,0,,389.37779,M+H,+,1,0,120,,,,,411.35974,M+Na,+,1,0,60,,,,,406.40434,M+NH4,+,1,0,60,,,,,387.36324,M-H,-,1,0,60,,,
N-Acetylneuraminate 9-phosphate,XIC,eTargetCompound,C11H20NO12P,,,ESI,5000,,0,,390.07959,M+H,+,1,0,120,,,,,412.06153,M+Na,+,1,0,60,,,,,407.10614,M+NH4,+,1,0,60,,,,,388.06503,M-H,-,1,0,60,,,
Acetyl adenylate,XIC,eTargetCompound,C12H16N5O8P,,,ESI,5000,,0,,390.08093,M+H,+,1,0,120,,,,,412.06287,M+Na,+,1,0,60,,,,,407.10747,M+NH4,+,1,0,60,,,,,388.06637,M-H,-,1,0,60,,,
AP005_5-phosphoribosyldiphosphate,XIC,eTargetCompound,,,,None,0,,,,,,,,,,,,,,,,,,,,,,,,,,,,,,,,,,388.9445,M-,-,1,38.3,60,,,
5-Phospho-alpha-D-ribose 1-diphosphate,XIC,eTargetCompound,C5H13O14P3,,,ESI,5000,,0,,390.95909,M+H,+,1,0,120,,,,,412.94104,M+Na,+,1,0,60,,,,,407.98564,M+NH4,+,1,0,60,,,,,388.94454,M-H,-,1,0,60,,,
Ribose triphosphate,XIC,eTargetCompound,C5H13O14P3,,,ESI,5000,,0,,390.95909,M+H,+,1,0,120,,,,,412.94104,M+Na,+,1,0,60,,,,,407.98564,M+NH4,+,1,0,60,,,,,388.94454,M-H,-,1,0,60,,,
1-Phosphatidyl-D-myo-inositol,XIC,eTargetCompound,C11H19O13P,,,ESI,5000,,0,,391.0636,M+H,+,1,0,120,,,,,413.04555,M+Na,+,1,0,60,,,,,408.09015,M+NH4,+,1,0,60,,,,,389.04905,M-H,-,1,0,60,,,
Dopaxanthin,XIC,eTargetCompound,C18H18N2O8,,,ESI,5000,,0,,391.11359,M+H,+,1,0,120,,,,,413.09554,M+Na,+,1,0,60,,,,,408.14014,M+NH4,+,1,0,60,,,,,389.09904,M-H,-,1,0,60,,,
Loganin,XIC,eTargetCompound,C17H26O10,,,ESI,5000,,0,,391.15987,M+H,+,1,0,120,,,,,413.14182,M+Na,+,1,0,60,,,,,408.18642,M+NH4,+,1,0,60,,,,,389.14532,M-H,-,1,0,60,,,
Bis(2-ethylhexyl)phthalate,XIC,eTargetCompound,C24H38O4,,,ESI,5000,,0,,391.28429,M+H,+,1,0,120,,,,,413.26623,M+Na,+,1,0,60,,,,,408.31084,M+NH4,+,1,0,60,,,,,389.26973,M-H,-,1,0,60,,,
Macarpine,XIC,eTargetCompound,C22H18NO6,,,ESI,5000,,0,,393.12069,M+H,+,1,0,120,,,,,415.10263,M+Na,+,1,0,60,,,,,410.14724,M+NH4,+,1,0,60,,,,,391.10614,M-H,-,1,0,60,,,
Dexamethasone,XIC,eTargetCompound,C22H29FO5,,,ESI,5000,,0,,393.20718,M+H,+,1,0,120,,,,,415.18912,M+Na,+,1,0,60,,,,,410.23373,M+NH4,+,1,0,60,,,,,391.19263,M-H,-,1,0,60,,,
"[ST hydrox] 3alpha,6alpha-Dihydroxy-5beta-cholan-24-oic Acid",XIC,eTargetCompound,C24H40O4,,,ESI,5000,,0,,393.29994,M+H,+,1,0,120,,,,,415.28188,M+Na,+,1,0,60,,,,,410.32649,M+NH4,+,1,0,60,,,,,391.28538,M-H,-,1,0,60,,,
"[ST hydrox] 3alpha,6beta-Dihydroxy-5beta-cholan-24-oic Acid",XIC,eTargetCompound,C24H40O4,,,ESI,5000,,0,,393.29994,M+H,+,1,0,120,,,,,415.28188,M+Na,+,1,0,60,,,,,410.32649,M+NH4,+,1,0,60,,,,,391.28538,M-H,-,1,0,60,,,
"[ST hydrox] 3alpha,7alpha-Dihydroxy-5beta-cholan-24-oic Acid",XIC,eTargetCompound,C24H40O4,,,ESI,5000,,0,,393.29994,M+H,+,1,0,120,,,,,415.28188,M+Na,+,1,0,60,,,,,410.32649,M+NH4,+,1,0,60,,,,,391.28538,M-H,-,1,0,60,,,
Deoxycholic acid; Degalol,XIC,eTargetCompound,C24H40O4,,,ESI,5000,,0,,393.29994,M+H,+,1,0,120,,,,,415.28188,M+Na,+,1,0,60,,,,,410.32649,M+NH4,+,1,0,60,,,,,391.28538,M-H,-,1,0,60,,,
Ursodeoxycholic acid; Actigall,XIC,eTargetCompound,C24H40O4,,,ESI,5000,,0,,393.29994,M+H,+,1,0,120,,,,,415.28188,M+Na,+,1,0,60,,,,,410.32649,M+NH4,+,1,0,60,,,,,391.28538,M-H,-,1,0,60,,,
AC006_Chenodeoxycholate,XIC,eTargetCompound,,,,None,0,,,,,,,,,,,,,,,,,,,,,,,,,,,,,,,,,,391.2854,M-,-,1,16.67,20,,,
AU004_Ursodeoxycholate,XIC,eTargetCompound,,,,None,0,,,,,,,,,,,,,,,,,,,,,,,,,,,,,,,,,,391.2854,M-,-,1,0,10,,,
NF001_FAD,XIC,eTargetCompound,,,,None,0,,,,,,,,,,,,,,,,,,,,,,,,,,,,,,,,,,391.5713,M-,-,1,43.77,60,,,
Dihydromacarpine,XIC,eTargetCompound,C22H19NO6,,,ESI,5000,,0,,394.12851,M+H,+,1,0,120,,,,,416.11046,M+Na,+,1,0,60,,,,,411.15506,M+NH4,+,1,0,60,,,,,392.11396,M-H,-,1,0,60,,,
Oxidized Cypridina luciferin,XIC,eTargetCompound,C21H27N7O,,,ESI,5000,,0,,394.23499,M+H,+,1,0,120,,,,,416.21693,M+Na,+,1,0,60,,,,,411.26153,M+NH4,+,1,0,60,,,,,392.22043,M-H,-,1,0,60,,,
Aloesin,XIC,eTargetCompound,C19H22O9,,,ESI,5000,,0,,395.13366,M+H,+,1,0,120,,,,,417.1156,M+Na,+,1,0,60,,,,,412.16021,M+NH4,+,1,0,60,,,,,393.11911,M-H,-,1,0,60,,,
Deguelin,XIC,eTargetCompound,C23H22O6,,,ESI,5000,,0,,395.14891,M+H,+,1,0,120,,,,,417.13086,M+Na,+,1,0,60,,,,,412.17546,M+NH4,+,1,0,60,,,,,393.13436,M-H,-,1,0,60,,,
Rotenone,XIC,eTargetCompound,C23H22O6,,,ESI,5000,,0,,395.14891,M+H,+,1,0,120,,,,,417.13086,M+Na,+,1,0,60,,,,,412.17546,M+NH4,+,1,0,60,,,,,393.13436,M-H,-,1,0,60,,,
Bixin,XIC,eTargetCompound,C25H30O4,,,ESI,5000,,0,,395.22169,M+H,+,1,0,120,,,,,417.20363,M+Na,+,1,0,60,,,,,412.24824,M+NH4,+,1,0,60,,,,,393.20713,M-H,-,1,0,60,,,
LPA(P-16:0e/0:0),XIC,eTargetCompound,C19H39O6P,,,ESI,5000,,0,,395.2557,M+H,+,1,0,120,,,,,417.23765,M+Na,+,1,0,60,,,,,412.28225,M+NH4,+,1,0,60,,,,,393.24115,M-H,-,1,0,60,,,
"[ST (4:0)] 5alpha-Cholane-3alpha,7alpha,12alpha,24-tetrol",XIC,eTargetCompound,C24H42O4,,,ESI,5000,,0,,395.31559,M+H,+,1,0,120,,,,,417.29753,M+Na,+,1,0,60,,,,,412.34214,M+NH4,+,1,0,60,,,,,393.30103,M-H,-,1,0,60,,,
"Ergosta-5,7,22,24(28)-tetraen-3beta-ol",XIC,eTargetCompound,C28H42O,,,ESI,5000,,0,,395.33084,M+H,+,1,0,120,,,,,417.31279,M+Na,+,1,0,60,,,,,412.35739,M+NH4,+,1,0,60,,,,,393.31629,M-H,-,1,0,60,,,
Molybdopterin,XIC,eTargetCompound,C10H14N5O6PS2,,,ESI,5000,,0,,396.01959,M+H,+,1,0,120,,,,,418.00153,M+Na,+,1,0,60,,,,,413.04614,M+NH4,+,1,0,60,,,,,394.00503,M-H,-,1,0,60,,,
Oxidized Renilla luciferin,XIC,eTargetCompound,C25H21N3O2,,,ESI,5000,,0,,396.17065,M+H,+,1,0,120,,,,,418.1526,M+Na,+,1,0,60,,,,,413.1972,M+NH4,+,1,0,60,,,,,394.1561,M-H,-,1,0,60,,,
Cetraxate benzyl ester,XIC,eTargetCompound,C24H29NO4,,,ESI,5000,,0,,396.21693,M+H,+,1,0,120,,,,,418.19888,M+Na,+,1,0,60,,,,,413.24348,M+NH4,+,1,0,60,,,,,394.20238,M-H,-,1,0,60,,,
Sucralose,XIC,eTargetCompound,C12H19O8Cl3,,,ESI,5000,,0,,397.02183,M+H,+,1,0,120,,,,,419.00377,M+Na,+,1,0,60,,,,,414.04838,M+NH4,+,1,0,60,,,,,395.00727,M-H,-,1,0,60,,,
Pregnenolone sulfate ,XIC,eTargetCompound,C21H32O5S,,,ESI,5000,,0,,397.20432,M+H,+,1,0,120,,,,,419.18627,M+Na,+,1,0,60,,,,,414.23087,M+NH4,+,1,0,60,,,,,395.18977,M-H,-,1,0,60,,,
"(9S,10S)-10-Hydroxy-9-(phosphonooxy)octadecanoate",XIC,eTargetCompound,C18H37O7P,,,ESI,5000,,0,,397.23497,M+H,+,1,0,120,,,,,419.21691,M+Na,+,1,0,60,,,,,414.26152,M+NH4,+,1,0,60,,,,,395.22041,M-H,-,1,0,60,,,
"[ST (3:0)] ergosta-5,7,22E-trien-3beta-ol",XIC,eTargetCompound,C28H44O,,,ESI,5000,,0,,397.34649,M+H,+,1,0,120,,,,,419.32844,M+Na,+,1,0,60,,,,,414.37304,M+NH4,+,1,0,60,,,,,395.33194,M-H,-,1,0,60,,,
"[ST (4:0)] (5Z,7E,22E)-(3S)-9,10-seco-5,7,10(19),22-ergostatetraen-3-ol",XIC,eTargetCompound,C28H44O,,,ESI,5000,,0,,397.34649,M+H,+,1,0,120,,,,,419.32844,M+Na,+,1,0,60,,,,,414.37304,M+NH4,+,1,0,60,,,,,395.33194,M-H,-,1,0,60,,,
3-Keto-4-methylzymosterol,XIC,eTargetCompound,C28H44O,,,ESI,5000,,0,,397.34649,M+H,+,1,0,120,,,,,419.32844,M+Na,+,1,0,60,,,,,414.37304,M+NH4,+,1,0,60,,,,,395.33194,M-H,-,1,0,60,,,
5-Dehydroepisterol,XIC,eTargetCompound,C28H44O,,,ESI,5000,,0,,397.34649,M+H,+,1,0,120,,,,,419.32844,M+Na,+,1,0,60,,,,,414.37304,M+NH4,+,1,0,60,,,,,395.33194,M-H,-,1,0,60,,,
alanyl-poly(glycerolphosphate),XIC,eTargetCompound,C9H21NO12P2,,,ESI,5000,,0,,398.06117,M+H,+,1,0,120,,,,,420.04312,M+Na,+,1,0,60,,,,,415.08772,M+NH4,+,1,0,60,,,,,396.04662,M-H,-,1,0,60,,,
"5,7,24(28)-Ergostatrienol",XIC,eTargetCompound,C28H45O,,,ESI,5000,,0,,398.35432,M+H,+,1,0,120,,,,,420.33626,M+Na,+,1,0,60,,,,,415.38087,M+NH4,+,1,0,60,,,,,396.33976,M-H,-,1,0,60,,,
6-Hexanoyl-D-erythro-sphingosine,XIC,eTargetCompound,C24H47NO3,,,ESI,5000,,0,,398.36287,M+H,+,1,0,120,,,,,420.34482,M+Na,+,1,0,60,,,,,415.38942,M+NH4,+,1,0,60,,,,,396.34832,M-H,-,1,0,60,,,
alginate,XIC,eTargetCompound,C14H22O13,,,ESI,5000,,0,,399.11332,M+H,+,1,0,120,,,,,421.09526,M+Na,+,1,0,60,,,,,416.13987,M+NH4,+,1,0,60,,,,,397.09876,M-H,-,1,0,60,,,
S-Adenosyl-4-methylthio-2-oxobutanoate,XIC,eTargetCompound,C15H20N5O6S,,,ESI,5000,,0,,399.12071,M+H,+,1,0,120,,,,,421.10265,M+Na,+,1,0,60,,,,,416.14725,M+NH4,+,1,0,60,,,,,397.10615,M-H,-,1,0,60,,,
Deoxypodophyllotoxin,XIC,eTargetCompound,C22H22O7,,,ESI,5000,,0,,399.14383,M+H,+,1,0,120,,,,,421.12577,M+Na,+,1,0,60,,,,,416.17038,M+NH4,+,1,0,60,,,,,397.12928,M-H,-,1,0,60,,,
N-Benzoyl-D-arginine-4-nitroanilide,XIC,eTargetCompound,C19H22N6O4,,,ESI,5000,,0,,399.17753,M+H,+,1,0,120,,,,,421.15947,M+Na,+,1,0,60,,,,,416.20408,M+NH4,+,1,0,60,,,,,397.16298,M-H,-,1,0,60,,,
Desacetoxyvindoline,XIC,eTargetCompound,C23H30N2O4,,,ESI,5000,,0,,399.22783,M+H,+,1,0,120,,,,,421.20978,M+Na,+,1,0,60,,,,,416.25438,M+NH4,+,1,0,60,,,,,397.21328,M-H,-,1,0,60,,,
"[ST (2:0)] ergosta-5,22E-dien-3beta-ol",XIC,eTargetCompound,C28H46O,,,ESI,5000,,0,,399.36214,M+H,+,1,0,120,,,,,421.34409,M+Na,+,1,0,60,,,,,416.38869,M+NH4,+,1,0,60,,,,,397.34759,M-H,-,1,0,60,,,
[ST methy] 24-methylene-cholest-5-en-3beta-ol,XIC,eTargetCompound,C28H46O,,,ESI,5000,,0,,399.36214,M+H,+,1,0,120,,,,,421.34409,M+Na,+,1,0,60,,,,,416.38869,M+NH4,+,1,0,60,,,,,397.34759,M-H,-,1,0,60,,,
[ST methy] 24-methylene-cholest-8-en-3beta-ol,XIC,eTargetCompound,C28H46O,,,ESI,5000,,0,,399.36214,M+H,+,1,0,120,,,,,421.34409,M+Na,+,1,0,60,,,,,416.38869,M+NH4,+,1,0,60,,,,,397.34759,M-H,-,1,0,60,,,
4alpha-Methyl-5alpha-cholest-7-en-3-one,XIC,eTargetCompound,C28H46O,,,ESI,5000,,0,,399.36214,M+H,+,1,0,120,,,,,421.34409,M+Na,+,1,0,60,,,,,416.38869,M+NH4,+,1,0,60,,,,,397.34759,M-H,-,1,0,60,,,
4alpha-Methylzymosterol,XIC,eTargetCompound,C28H46O,,,ESI,5000,,0,,399.36214,M+H,+,1,0,120,,,,,421.34409,M+Na,+,1,0,60,,,,,416.38869,M+NH4,+,1,0,60,,,,,397.34759,M-H,-,1,0,60,,,
Campest-4-en-3-one,XIC,eTargetCompound,C28H46O,,,ESI,5000,,0,,399.36214,M+H,+,1,0,120,,,,,421.34409,M+Na,+,1,0,60,,,,,416.38869,M+NH4,+,1,0,60,,,,,397.34759,M-H,-,1,0,60,,,
Episterol,XIC,eTargetCompound,C28H46O,,,ESI,5000,,0,,399.36214,M+H,+,1,0,120,,,,,421.34409,M+Na,+,1,0,60,,,,,416.38869,M+NH4,+,1,0,60,,,,,397.34759,M-H,-,1,0,60,,,
nocardicin E,XIC,eTargetCompound,C19H17N3O7,,,ESI,5000,,0,,400.11393,M+H,+,1,0,120,,,,,422.09587,M+Na,+,1,0,60,,,,,417.14048,M+NH4,+,1,0,60,,,,,398.09937,M-H,-,1,0,60,,,
nocardicin F,XIC,eTargetCompound,C19H17N3O7,,,ESI,5000,,0,,400.11393,M+H,+,1,0,120,,,,,422.09587,M+Na,+,1,0,60,,,,,417.14048,M+NH4,+,1,0,60,,,,,398.09937,M-H,-,1,0,60,,,
S-Adenosyl-L-methionine,XIC,eTargetCompound,C15H23N6O5S,,,ESI,5000,,0,,400.15234,M+H,+,1,0,120,,,,,422.13428,M+Na,+,1,0,60,,,,,417.17889,M+NH4,+,1,0,60,,,,,398.13779,M-H,-,1,0,60,,,
S-Adenosylmethionine,XIC,eTargetCompound,C15H23N6O5S,,,ESI,5000,,0,,400.15234,M+H,+,1,0,120,,,,,422.13428,M+Na,+,1,0,60,,,,,417.17889,M+NH4,+,1,0,60,,,,,398.13779,M-H,-,1,0,60,,,
[FA] O-Palmitoyl-R-carnitine,XIC,eTargetCompound,C23H45NO4,,,ESI,5000,,0,,400.34214,M+H,+,1,0,120,,,,,422.32408,M+Na,+,1,0,60,,,,,417.36868,M+NH4,+,1,0,60,,,,,398.32758,M-H,-,1,0,60,,,
Bis(glycerophospho)-glycerol,XIC,eTargetCompound,C9H22O13P2,,,ESI,5000,,0,,401.06084,M+H,+,1,0,120,,,,,423.04278,M+Na,+,1,0,60,,,,,418.08739,M+NH4,+,1,0,60,,,,,399.04629,M-H,-,1,0,60,,,
S-Acetylphosphopantetheine,XIC,eTargetCompound,C13H25N2O8PS,,,ESI,5000,,0,,401.1142,M+H,+,1,0,120,,,,,423.09614,M+Na,+,1,0,60,,,,,418.14075,M+NH4,+,1,0,60,,,,,399.09965,M-H,-,1,0,60,,,
alpha-Peltatin,XIC,eTargetCompound,C21H20O8,,,ESI,5000,,0,,401.12309,M+H,+,1,0,120,,,,,423.10504,M+Na,+,1,0,60,,,,,418.14964,M+NH4,+,1,0,60,,,,,399.10854,M-H,-,1,0,60,,,
11-O-Demethyl-17-O-deacetylvindoline,XIC,eTargetCompound,C22H28N2O5,,,ESI,5000,,0,,401.2071,M+H,+,1,0,120,,,,,423.18904,M+Na,+,1,0,60,,,,,418.23365,M+NH4,+,1,0,60,,,,,399.19255,M-H,-,1,0,60,,,
Testosterone enanthate,XIC,eTargetCompound,C26H40O3,,,ESI,5000,,0,,401.30502,M+H,+,1,0,120,,,,,423.28697,M+Na,+,1,0,60,,,,,418.33157,M+NH4,+,1,0,60,,,,,399.29047,M-H,-,1,0,60,,,
"1,2-Didecanoylglycerol",XIC,eTargetCompound,C23H44O5,,,ESI,5000,,0,,401.32615,M+H,+,1,0,120,,,,,423.3081,M+Na,+,1,0,60,,,,,418.3527,M+NH4,+,1,0,60,,,,,399.3116,M-H,-,1,0,60,,,
"[ST (2:0)] (5Z,7E)-(3S)-9,10-seco-5,7,10(19)-cholestatriene-3,25-diol",XIC,eTargetCompound,C27H44O2,,,ESI,5000,,0,,401.34141,M+H,+,1,0,120,,,,,423.32335,M+Na,+,1,0,60,,,,,418.36796,M+NH4,+,1,0,60,,,,,399.32685,M-H,-,1,0,60,,,
7alpha-Hydroxycholest-4-en-3-one,XIC,eTargetCompound,C27H44O2,,,ESI,5000,,0,,401.34141,M+H,+,1,0,120,,,,,423.32335,M+Na,+,1,0,60,,,,,418.36796,M+NH4,+,1,0,60,,,,,399.32685,M-H,-,1,0,60,,,
[ST methy] 4alpha-methyl-cholest-7-en-3beta-ol,XIC,eTargetCompound,C28H48O,,,ESI,5000,,0,,401.37779,M+H,+,1,0,120,,,,,423.35974,M+Na,+,1,0,60,,,,,418.40434,M+NH4,+,1,0,60,,,,,399.36324,M-H,-,1,0,60,,,
[ST] campest-5-en-3beta-ol,XIC,eTargetCompound,C28H48O,,,ESI,5000,,0,,401.37779,M+H,+,1,0,120,,,,,423.35974,M+Na,+,1,0,60,,,,,418.40434,M+NH4,+,1,0,60,,,,,399.36324,M-H,-,1,0,60,,,
4alpha-Methylcholesta-8-en-3beta-ol,XIC,eTargetCompound,C28H48O,,,ESI,5000,,0,,401.37779,M+H,+,1,0,120,,,,,423.35974,M+Na,+,1,0,60,,,,,418.40434,M+NH4,+,1,0,60,,,,,399.36324,M-H,-,1,0,60,,,
5alpha-Campestan-3-one,XIC,eTargetCompound,C28H48O,,,ESI,5000,,0,,401.37779,M+H,+,1,0,120,,,,,423.35974,M+Na,+,1,0,60,,,,,418.40434,M+NH4,+,1,0,60,,,,,399.36324,M-H,-,1,0,60,,,
Campest-4-en-3beta-ol,XIC,eTargetCompound,C28H48O,,,ESI,5000,,0,,401.37779,M+H,+,1,0,120,,,,,423.35974,M+Na,+,1,0,60,,,,,418.40434,M+NH4,+,1,0,60,,,,,399.36324,M-H,-,1,0,60,,,
Methostenol,XIC,eTargetCompound,C28H48O,,,ESI,5000,,0,,401.37779,M+H,+,1,0,120,,,,,423.35974,M+Na,+,1,0,60,,,,,418.40434,M+NH4,+,1,0,60,,,,,399.36324,M-H,-,1,0,60,,,
5-Methyldeoxycytidine diphosphate,XIC,eTargetCompound,C10H17N3O10P2,,,ESI,5000,,0,,402.04619,M+H,+,1,0,120,,,,,424.02814,M+Na,+,1,0,60,,,,,419.07274,M+NH4,+,1,0,60,,,,,400.03164,M-H,-,1,0,60,,,
NT003_TDP,XIC,eTargetCompound,,,,None,0,,,,,,,,,,,,,,,,,,,,,,,,,,,,,,,,,,400.9377,M-,-,1,47.09,60,,,
Thymidine 5'-diphosphate (dTDP),XIC,eTargetCompound,C10H16N2O11P2,,,ESI,5000,,0,,403.03021,M+H,+,1,0,120,,,,,425.01215,M+Na,+,1,0,60,,,,,420.05676,M+NH4,+,1,0,60,,,,,401.01566,M-H,-,1,0,60,,,
TDP,XIC,eTargetCompound,,,,None,0,,,,,,,,,,,,,,,,,,,,,,,,,,,,,,,,,,401.0157,M-,-,1,42.84,60,,,
(R)-4'-Phosphopantothenoyl-L-cysteine,XIC,eTargetCompound,C12H23N2O9PS,,,ESI,5000,,0,,403.09346,M+H,+,1,0,120,,,,,425.07541,M+Na,+,1,0,60,,,,,420.12001,M+NH4,+,1,0,60,,,,,401.07891,M-H,-,1,0,60,,,
"1-Hydroxy-2-(beta-D-glucosyloxy)-9,10-anthraquinone",XIC,eTargetCompound,C20H18O9,,,ESI,5000,,0,,403.10236,M+H,+,1,0,120,,,,,425.0843,M+Na,+,1,0,60,,,,,420.12891,M+NH4,+,1,0,60,,,,,401.08781,M-H,-,1,0,60,,,
citreoviridin,XIC,eTargetCompound,C23H30O6,,,ESI,5000,,0,,403.21152,M+H,+,1,0,120,,,,,425.19346,M+Na,+,1,0,60,,,,,420.23806,M+NH4,+,1,0,60,,,,,401.19696,M-H,-,1,0,60,,,
Dehydrocholic acid ,XIC,eTargetCompound,C24H34O5,,,ESI,5000,,0,,403.2479,M+H,+,1,0,120,,,,,425.22985,M+Na,+,1,0,60,,,,,420.27445,M+NH4,+,1,0,60,,,,,401.23335,M-H,-,1,0,60,,,
"4,4'-Diaponeurosporene",XIC,eTargetCompound,C30H42,,,ESI,5000,,0,,403.33593,M+H,+,1,0,120,,,,,425.31787,M+Na,+,1,0,60,,,,,420.36248,M+NH4,+,1,0,60,,,,,401.32137,M-H,-,1,0,60,,,
"[ST (2:0)] cholest-5-en-3beta,22R-diol",XIC,eTargetCompound,C27H46O2,,,ESI,5000,,0,,403.35706,M+H,+,1,0,120,,,,,425.339,M+Na,+,1,0,60,,,,,420.38361,M+NH4,+,1,0,60,,,,,401.3425,M-H,-,1,0,60,,,
"[ST (2:0)] cholest-5-en-3beta,25-diol",XIC,eTargetCompound,C27H46O2,,,ESI,5000,,0,,403.35706,M+H,+,1,0,120,,,,,425.339,M+Na,+,1,0,60,,,,,420.38361,M+NH4,+,1,0,60,,,,,401.3425,M-H,-,1,0,60,,,
"[ST (2:0)] cholest-5-en-3beta,26-diol",XIC,eTargetCompound,C27H46O2,,,ESI,5000,,0,,403.35706,M+H,+,1,0,120,,,,,425.339,M+Na,+,1,0,60,,,,,420.38361,M+NH4,+,1,0,60,,,,,401.3425,M-H,-,1,0,60,,,
"[ST (2:0)] cholest-5-en-3beta,7alpha-diol",XIC,eTargetCompound,C27H46O2,,,ESI,5000,,0,,403.35706,M+H,+,1,0,120,,,,,425.339,M+Na,+,1,0,60,,,,,420.38361,M+NH4,+,1,0,60,,,,,401.3425,M-H,-,1,0,60,,,
"[ST] 5,6alpha-epoxy-5alpha-cholestan-3beta-ol",XIC,eTargetCompound,C27H46O2,,,ESI,5000,,0,,403.35706,M+H,+,1,0,120,,,,,425.339,M+Na,+,1,0,60,,,,,420.38361,M+NH4,+,1,0,60,,,,,401.3425,M-H,-,1,0,60,,,
"[ST] 5,6beta-epoxy-5beta-cholestan-3beta-ol",XIC,eTargetCompound,C27H46O2,,,ESI,5000,,0,,403.35706,M+H,+,1,0,120,,,,,425.339,M+Na,+,1,0,60,,,,,420.38361,M+NH4,+,1,0,60,,,,,401.3425,M-H,-,1,0,60,,,
20alpha-Hydroxycholesterol,XIC,eTargetCompound,C27H46O2,,,ESI,5000,,0,,403.35706,M+H,+,1,0,120,,,,,425.339,M+Na,+,1,0,60,,,,,420.38361,M+NH4,+,1,0,60,,,,,401.3425,M-H,-,1,0,60,,,
24-Hydroxycholesterol,XIC,eTargetCompound,C27H46O2,,,ESI,5000,,0,,403.35706,M+H,+,1,0,120,,,,,425.339,M+Na,+,1,0,60,,,,,420.38361,M+NH4,+,1,0,60,,,,,401.3425,M-H,-,1,0,60,,,
2-Methyl-6-phytylquinol,XIC,eTargetCompound,C27H46O2,,,ESI,5000,,0,,403.35706,M+H,+,1,0,120,,,,,425.339,M+Na,+,1,0,60,,,,,420.38361,M+NH4,+,1,0,60,,,,,401.3425,M-H,-,1,0,60,,,
7alpha-Hydroxy-5beta-cholestan-3-one,XIC,eTargetCompound,C27H46O2,,,ESI,5000,,0,,403.35706,M+H,+,1,0,120,,,,,425.339,M+Na,+,1,0,60,,,,,420.38361,M+NH4,+,1,0,60,,,,,401.3425,M-H,-,1,0,60,,,
D-delta-Tocopherol,XIC,eTargetCompound,C27H46O2,,,ESI,5000,,0,,403.35706,M+H,+,1,0,120,,,,,425.339,M+Na,+,1,0,60,,,,,420.38361,M+NH4,+,1,0,60,,,,,401.3425,M-H,-,1,0,60,,,
CDP,XIC,eTargetCompound,C9H15N3O11P2,,,ESI,5000,,0,,404.02546,M+H,+,1,0,120,,,,,426.0074,M+Na,+,1,0,60,,,,,421.05201,M+NH4,+,1,0,60,,,,,402.0109,M-H,-,1,0,60,,,
NC003_CDP,XIC,eTargetCompound,,,,None,0,,,,,,,,,,,,,,,,,,,,,,,,,,,,,,,,,,402.0109,M-,-,1,27.68,60,,,
"6-(alpha-D-Glucosaminyl)-1D-myo-inositol 1,2-cyclic phosphate",XIC,eTargetCompound,C12H22NO12P,,,ESI,5000,,0,,404.09524,M+H,+,1,0,120,,,,,426.07718,M+Na,+,1,0,60,,,,,421.12179,M+NH4,+,1,0,60,,,,,402.08068,M-H,-,1,0,60,,,
Propinol adenylate,XIC,eTargetCompound,C13H18N5O8P,,,ESI,5000,,0,,404.09658,M+H,+,1,0,120,,,,,426.07852,M+Na,+,1,0,60,,,,,421.12312,M+NH4,+,1,0,60,,,,,402.08202,M-H,-,1,0,60,,,
NU004_UDP,XIC,eTargetCompound,,,,None,0,,,,,,,,,,,,,,,,,,,,,,,,,,,,,,,,,,402.9949,M-,-,1,43.83,60,,,
Uridine 5'-diphosphate (UDP),XIC,eTargetCompound,C9H14N2O12P2,,,ESI,5000,,0,,405.00947,M+H,+,1,0,120,,,,,426.99142,M+Na,+,1,0,60,,,,,422.03602,M+NH4,+,1,0,60,,,,,402.99492,M-H,-,1,0,60,,,
"[ST hydroxy,ox] 7alpha,12alpha-Dihydroxy-3-oxochol-4-en-24-oic Acid",XIC,eTargetCompound,C24H36O5,,,ESI,5000,,0,,405.26355,M+H,+,1,0,120,,,,,427.2455,M+Na,+,1,0,60,,,,,422.2901,M+NH4,+,1,0,60,,,,,403.249,M-H,-,1,0,60,,,
"[ST (2:0)] 5beta-Cholestane-3alpha,7alpha-diol",XIC,eTargetCompound,C27H48O2,,,ESI,5000,,0,,405.37271,M+H,+,1,0,120,,,,,427.35465,M+Na,+,1,0,60,,,,,422.39926,M+NH4,+,1,0,60,,,,,403.35815,M-H,-,1,0,60,,,
NA005_Acetyl_CoA,XIC,eTargetCompound,,,,None,0,,,,,,,,,,,,,,,,,,,,,,,,,,,,,,,,,,403.5556,M-,-,1,0,30,,,
Cypridina luciferin,XIC,eTargetCompound,C22H27N7O,,,ESI,5000,,0,,406.23499,M+H,+,1,0,120,,,,,428.21693,M+Na,+,1,0,60,,,,,423.26153,M+NH4,+,1,0,60,,,,,404.22043,M-H,-,1,0,60,,,
Glucoiberverin,XIC,eTargetCompound,C11H20NO9S3,,,ESI,5000,,0,,407.03729,M+H,+,1,0,120,,,,,429.01924,M+Na,+,1,0,60,,,,,424.06384,M+NH4,+,1,0,60,,,,,405.02274,M-H,-,1,0,60,,,
"3alpha,12alpha-Dihydroxy-7-oxo-5beta-cholanate",XIC,eTargetCompound,C24H38O5,,,ESI,5000,,0,,407.2792,M+H,+,1,0,120,,,,,429.26115,M+Na,+,1,0,60,,,,,424.30575,M+NH4,+,1,0,60,,,,,405.26465,M-H,-,1,0,60,,,
"3alpha,7alpha-Dihydroxy-12-oxo-5beta-cholanate",XIC,eTargetCompound,C24H38O5,,,ESI,5000,,0,,407.2792,M+H,+,1,0,120,,,,,429.26115,M+Na,+,1,0,60,,,,,424.30575,M+NH4,+,1,0,60,,,,,405.26465,M-H,-,1,0,60,,,
S-Succinylglutathione,XIC,eTargetCompound,C14H21N3O9S,,,ESI,5000,,0,,408.10713,M+H,+,1,0,120,,,,,430.08907,M+Na,+,1,0,60,,,,,425.13368,M+NH4,+,1,0,60,,,,,406.09257,M-H,-,1,0,60,,,
Renilla luciferin,XIC,eTargetCompound,C26H21N3O2,,,ESI,5000,,0,,408.17065,M+H,+,1,0,120,,,,,430.1526,M+Na,+,1,0,60,,,,,425.1972,M+NH4,+,1,0,60,,,,,406.1561,M-H,-,1,0,60,,,
Glucotropeolin,XIC,eTargetCompound,C14H18NO9S2,,,ESI,5000,,0,,409.04957,M+H,+,1,0,120,,,,,431.03152,M+Na,+,1,0,60,,,,,426.07612,M+NH4,+,1,0,60,,,,,407.03502,M-H,-,1,0,60,,,
Palmitoylglycerone phosphate,XIC,eTargetCompound,C19H37O7P,,,ESI,5000,,0,,409.23497,M+H,+,1,0,120,,,,,431.21691,M+Na,+,1,0,60,,,,,426.26152,M+NH4,+,1,0,60,,,,,407.22041,M-H,-,1,0,60,,,
AC001_Cholate,XIC,eTargetCompound,,,,None,0,,,,,,,,,,,,,,,,,,,,,,,,,,,,,,,,,,407.2802,M-,-,1,8.51,30,,,
"3alpha,7alpha,12beta-Trihydroxy-5beta-cholanate",XIC,eTargetCompound,C24H40O5,,,ESI,5000,,0,,409.29485,M+H,+,1,0,120,,,,,431.2768,M+Na,+,1,0,60,,,,,426.3214,M+NH4,+,1,0,60,,,,,407.2803,M-H,-,1,0,60,,,
Cholic acid,XIC,eTargetCompound,C24H40O5,,,ESI,5000,,0,,409.29485,M+H,+,1,0,120,,,,,431.2768,M+Na,+,1,0,60,,,,,426.3214,M+NH4,+,1,0,60,,,,,407.2803,M-H,-,1,0,60,,,
"4,4'-Diapophytoene",XIC,eTargetCompound,C30H48,,,ESI,5000,,0,,409.38288,M+H,+,1,0,120,,,,,431.36482,M+Na,+,1,0,60,,,,,426.40943,M+NH4,+,1,0,60,,,,,407.36832,M-H,-,1,0,60,,,
Nonacosane,XIC,eTargetCompound,C29H60,,,ESI,5000,,0,,409.47678,M+H,+,1,0,120,,,,,431.45872,M+Na,+,1,0,60,,,,,426.50333,M+NH4,+,1,0,60,,,,,407.46223,M-H,-,1,0,60,,,
"3,3'-biflaviolin",XIC,eTargetCompound,C20H10O10,,,ESI,5000,,0,,411.03467,M+H,+,1,0,120,,,,,433.01662,M+Na,+,1,0,60,,,,,428.06122,M+NH4,+,1,0,60,,,,,409.02012,M-H,-,1,0,60,,,
rotenolone,XIC,eTargetCompound,C23H22O7,,,ESI,5000,,0,,411.14383,M+H,+,1,0,120,,,,,433.12577,M+Na,+,1,0,60,,,,,428.17038,M+NH4,+,1,0,60,,,,,409.12928,M-H,-,1,0,60,,,
Sumatrol,XIC,eTargetCompound,C23H22O7,,,ESI,5000,,0,,411.14383,M+H,+,1,0,120,,,,,433.12577,M+Na,+,1,0,60,,,,,428.17038,M+NH4,+,1,0,60,,,,,409.12928,M-H,-,1,0,60,,,
Tephrosin,XIC,eTargetCompound,C23H22O7,,,ESI,5000,,0,,411.14383,M+H,+,1,0,120,,,,,433.12577,M+Na,+,1,0,60,,,,,428.17038,M+NH4,+,1,0,60,,,,,409.12928,M-H,-,1,0,60,,,
1-Palmitoylglycerol 3-phosphate,XIC,eTargetCompound,C19H39O7P,,,ESI,5000,,0,,411.25062,M+H,+,1,0,120,,,,,433.23256,M+Na,+,1,0,60,,,,,428.27717,M+NH4,+,1,0,60,,,,,409.23606,M-H,-,1,0,60,,,
gamma-Tocotrienol,XIC,eTargetCompound,C28H42O2,,,ESI,5000,,0,,411.32576,M+H,+,1,0,120,,,,,433.3077,M+Na,+,1,0,60,,,,,428.35231,M+NH4,+,1,0,60,,,,,409.3112,M-H,-,1,0,60,,,
"[ST dimethyl(3:0)] 4,4-dimethylcholesta-8,11,24-trien-3beta-ol",XIC,eTargetCompound,C29H46O,,,ESI,5000,,0,,411.36214,M+H,+,1,0,120,,,,,433.34409,M+Na,+,1,0,60,,,,,428.38869,M+NH4,+,1,0,60,,,,,409.34759,M-H,-,1,0,60,,,
"4alpha-Methyl-5alpha-ergosta-8,14,24(28)-trien-3beta-ol",XIC,eTargetCompound,C29H46O,,,ESI,5000,,0,,411.36214,M+H,+,1,0,120,,,,,433.34409,M+Na,+,1,0,60,,,,,428.38869,M+NH4,+,1,0,60,,,,,409.34759,M-H,-,1,0,60,,,
5-Dehydroavenasterol,XIC,eTargetCompound,C29H46O,,,ESI,5000,,0,,411.36214,M+H,+,1,0,120,,,,,433.34409,M+Na,+,1,0,60,,,,,428.38869,M+NH4,+,1,0,60,,,,,409.34759,M-H,-,1,0,60,,,
Diploptene,XIC,eTargetCompound,C30H50,,,ESI,5000,,0,,411.39853,M+H,+,1,0,120,,,,,433.38047,M+Na,+,1,0,60,,,,,428.42508,M+NH4,+,1,0,60,,,,,409.38397,M-H,-,1,0,60,,,
[FA (28:0)] 1-octacosanol,XIC,eTargetCompound,C28H58O,,,ESI,5000,,0,,411.45604,M+H,+,1,0,120,,,,,433.43799,M+Na,+,1,0,60,,,,,428.48259,M+NH4,+,1,0,60,,,,,409.44149,M-H,-,1,0,60,,,
Deoxyadenosine diphosphate; dADP,XIC,eTargetCompound,C10H15N5O9P2,,,ESI,5000,,0,,412.04178,M+H,+,1,0,120,,,,,434.02372,M+Na,+,1,0,60,,,,,429.06833,M+NH4,+,1,0,60,,,,,410.02722,M-H,-,1,0,60,,,
Oxidized Oplophorus luciferin,XIC,eTargetCompound,C25H21N3O3,,,ESI,5000,,0,,412.16557,M+H,+,1,0,120,,,,,434.14751,M+Na,+,1,0,60,,,,,429.19212,M+NH4,+,1,0,60,,,,,410.15101,M-H,-,1,0,60,,,
NP001_n-PropionylCoA,XIC,eTargetCompound,,,,None,0,,,,,,,,,,,,,,,,,,,,,,,,,,,,,,,,,,410.5634,M-,-,1,0,60,,,
"[ST dimethyl(2:0)] 4,4-dimethyl-cholesta-8,24-dien-3beta-ol",XIC,eTargetCompound,C29H48O,,,ESI,5000,,0,,413.37779,M+H,+,1,0,120,,,,,435.35974,M+Na,+,1,0,60,,,,,430.40434,M+NH4,+,1,0,60,,,,,411.36324,M-H,-,1,0,60,,,
24-Methylene lophenol,XIC,eTargetCompound,C29H48O,,,ESI,5000,,0,,413.37779,M+H,+,1,0,120,,,,,435.35974,M+Na,+,1,0,60,,,,,430.40434,M+NH4,+,1,0,60,,,,,411.36324,M-H,-,1,0,60,,,
4alpha-Methylfecosterol,XIC,eTargetCompound,C29H48O,,,ESI,5000,,0,,413.37779,M+H,+,1,0,120,,,,,435.35974,M+Na,+,1,0,60,,,,,430.40434,M+NH4,+,1,0,60,,,,,411.36324,M-H,-,1,0,60,,,
delta7-Avenasterol,XIC,eTargetCompound,C29H48O,,,ESI,5000,,0,,413.37779,M+H,+,1,0,120,,,,,435.35974,M+Na,+,1,0,60,,,,,430.40434,M+NH4,+,1,0,60,,,,,411.36324,M-H,-,1,0,60,,,
Isofucosterol,XIC,eTargetCompound,C29H48O,,,ESI,5000,,0,,413.37779,M+H,+,1,0,120,,,,,435.35974,M+Na,+,1,0,60,,,,,430.40434,M+NH4,+,1,0,60,,,,,411.36324,M-H,-,1,0,60,,,
futalosine,XIC,eTargetCompound,C19H17N4O7,,,ESI,5000,,0,,414.117,M+H,+,1,0,120,,,,,436.09895,M+Na,+,1,0,60,,,,,431.14355,M+NH4,+,1,0,60,,,,,412.10245,M-H,-,1,0,60,,,
miconazole,XIC,eTargetCompound,C18H14Cl4N2O,,,ESI,5000,,0,,414.9933,M+H,+,1,0,120,,,,,436.97525,M+Na,+,1,0,60,,,,,432.01985,M+NH4,+,1,0,60,,,,,412.97875,M-H,-,1,0,60,,,
7-(5-Carboxyl-5-oxopentanyl)aminocephalosporinate,XIC,eTargetCompound,C16H18N2O9S,,,ESI,5000,,0,,415.08058,M+H,+,1,0,120,,,,,437.06252,M+Na,+,1,0,60,,,,,432.10713,M+NH4,+,1,0,60,,,,,413.06602,M-H,-,1,0,60,,,
Deacetylvindoline,XIC,eTargetCompound,C23H30N2O5,,,ESI,5000,,0,,415.22275,M+H,+,1,0,120,,,,,437.20469,M+Na,+,1,0,60,,,,,432.2493,M+NH4,+,1,0,60,,,,,413.2082,M-H,-,1,0,60,,,
Lupulone,XIC,eTargetCompound,C26H38O4,,,ESI,5000,,0,,415.28429,M+H,+,1,0,120,,,,,437.26623,M+Na,+,1,0,60,,,,,432.31084,M+NH4,+,1,0,60,,,,,413.26973,M-H,-,1,0,60,,,
"Dosgenin; (3?,25R)-Spirost-5-en-3-ol",XIC,eTargetCompound,C27H42O3,,,ESI,5000,,0,,415.32067,M+H,+,1,0,120,,,,,437.30262,M+Na,+,1,0,60,,,,,432.34722,M+NH4,+,1,0,60,,,,,413.30612,M-H,-,1,0,60,,,
22alpha-Hydroxy-campest-4-en-3-one,XIC,eTargetCompound,C28H46O2,,,ESI,5000,,0,,415.35706,M+H,+,1,0,120,,,,,437.339,M+Na,+,1,0,60,,,,,432.38361,M+NH4,+,1,0,60,,,,,413.3425,M-H,-,1,0,60,,,
"5alpha-Ergosta-7,22-diene-3beta,5-diol",XIC,eTargetCompound,C28H46O2,,,ESI,5000,,0,,415.35706,M+H,+,1,0,120,,,,,437.339,M+Na,+,1,0,60,,,,,432.38361,M+NH4,+,1,0,60,,,,,413.3425,M-H,-,1,0,60,,,
"4,4-Dimethyl-5alpha-cholest-7-en-3beta-ol",XIC,eTargetCompound,C29H50O,,,ESI,5000,,0,,415.39344,M+H,+,1,0,120,,,,,437.37539,M+Na,+,1,0,60,,,,,432.41999,M+NH4,+,1,0,60,,,,,413.37889,M-H,-,1,0,60,,,
"4,4-Dimethyl-5alpha-cholesta-8-en-3beta-ol",XIC,eTargetCompound,C29H50O,,,ESI,5000,,0,,415.39344,M+H,+,1,0,120,,,,,437.37539,M+Na,+,1,0,60,,,,,432.41999,M+NH4,+,1,0,60,,,,,413.37889,M-H,-,1,0,60,,,
Sitosterol,XIC,eTargetCompound,C29H50O,,,ESI,5000,,0,,415.39344,M+H,+,1,0,120,,,,,437.37539,M+Na,+,1,0,60,,,,,432.41999,M+NH4,+,1,0,60,,,,,413.37889,M-H,-,1,0,60,,,
Cephalosporin C,XIC,eTargetCompound,C16H21N3O8S,,,ESI,5000,,0,,416.11221,M+H,+,1,0,120,,,,,438.09416,M+Na,+,1,0,60,,,,,433.13876,M+NH4,+,1,0,60,,,,,414.09766,M-H,-,1,0,60,,,
N6-(delta2-Isopentenyl)-adenosine 5'-monophosphate,XIC,eTargetCompound,C15H22N5O7P,,,ESI,5000,,0,,416.13296,M+H,+,1,0,120,,,,,438.11491,M+Na,+,1,0,60,,,,,433.15951,M+NH4,+,1,0,60,,,,,414.11841,M-H,-,1,0,60,,,
O-Sinapoylglucarate,XIC,eTargetCompound,C17H20O12,,,ESI,5000,,0,,417.10275,M+H,+,1,0,120,,,,,439.0847,M+Na,+,1,0,60,,,,,434.1293,M+NH4,+,1,0,60,,,,,415.0882,M-H,-,1,0,60,,,
O-Carbamoyl-deacetylcephalosporin C,XIC,eTargetCompound,C15H20N4O8S,,,ESI,5000,,0,,417.10746,M+H,+,1,0,120,,,,,439.08941,M+Na,+,1,0,60,,,,,434.13401,M+NH4,+,1,0,60,,,,,415.09291,M-H,-,1,0,60,,,
Daidzin,XIC,eTargetCompound,C21H20O9,,,ESI,5000,,0,,417.11801,M+H,+,1,0,120,,,,,439.09995,M+Na,+,1,0,60,,,,,434.14456,M+NH4,+,1,0,60,,,,,415.10346,M-H,-,1,0,60,,,
(25S)-5beta-Spirostan-3beta-ol,XIC,eTargetCompound,C27H44O3,,,ESI,5000,,0,,417.33632,M+H,+,1,0,120,,,,,439.31827,M+Na,+,1,0,60,,,,,434.36287,M+NH4,+,1,0,60,,,,,415.32177,M-H,-,1,0,60,,,
[ST Hydrox] 3beta-Hydroxycholest-5-en-26-oic acid,XIC,eTargetCompound,C27H44O3,,,ESI,5000,,0,,417.33632,M+H,+,1,0,120,,,,,439.31827,M+Na,+,1,0,60,,,,,434.36287,M+NH4,+,1,0,60,,,,,415.32177,M-H,-,1,0,60,,,
"1-alpha,25-dihydroxy vitamin D3",XIC,eTargetCompound,C27H44O3,,,ESI,5000,,0,,417.33632,M+H,+,1,0,120,,,,,439.31827,M+Na,+,1,0,60,,,,,434.36287,M+NH4,+,1,0,60,,,,,415.32177,M-H,-,1,0,60,,,
"7alpha,12alpha-Dihydroxycholest-4-en-3-one",XIC,eTargetCompound,C27H44O3,,,ESI,5000,,0,,417.33632,M+H,+,1,0,120,,,,,439.31827,M+Na,+,1,0,60,,,,,434.36287,M+NH4,+,1,0,60,,,,,415.32177,M-H,-,1,0,60,,,
"2,3-Dimethyl-5-phytylquinol",XIC,eTargetCompound,C28H48O2,,,ESI,5000,,0,,417.37271,M+H,+,1,0,120,,,,,439.35465,M+Na,+,1,0,60,,,,,434.39926,M+NH4,+,1,0,60,,,,,415.35815,M-H,-,1,0,60,,,
22alpha-Hydroxy-5alpha-campestan-3-one,XIC,eTargetCompound,C28H48O2,,,ESI,5000,,0,,417.37271,M+H,+,1,0,120,,,,,439.35465,M+Na,+,1,0,60,,,,,434.39926,M+NH4,+,1,0,60,,,,,415.35815,M-H,-,1,0,60,,,
22alpha-Hydroxy-campesterol,XIC,eTargetCompound,C28H48O2,,,ESI,5000,,0,,417.37271,M+H,+,1,0,120,,,,,439.35465,M+Na,+,1,0,60,,,,,434.39926,M+NH4,+,1,0,60,,,,,415.35815,M-H,-,1,0,60,,,
6-Oxocampestanol,XIC,eTargetCompound,C28H48O2,,,ESI,5000,,0,,417.37271,M+H,+,1,0,120,,,,,439.35465,M+Na,+,1,0,60,,,,,434.39926,M+NH4,+,1,0,60,,,,,415.35815,M-H,-,1,0,60,,,
beta-Tocopherol,XIC,eTargetCompound,C28H48O2,,,ESI,5000,,0,,417.37271,M+H,+,1,0,120,,,,,439.35465,M+Na,+,1,0,60,,,,,434.39926,M+NH4,+,1,0,60,,,,,415.35815,M-H,-,1,0,60,,,
gamma-Tocopherol,XIC,eTargetCompound,C28H48O2,,,ESI,5000,,0,,417.37271,M+H,+,1,0,120,,,,,439.35465,M+Na,+,1,0,60,,,,,434.39926,M+NH4,+,1,0,60,,,,,415.35815,M-H,-,1,0,60,,,
2'-Deoxy-5-hydroxymethylcytidine-5'-diphosphate,XIC,eTargetCompound,C10H17N3O11P2,,,ESI,5000,,0,,418.04111,M+H,+,1,0,120,,,,,440.02305,M+Na,+,1,0,60,,,,,435.06766,M+NH4,+,1,0,60,,,,,416.02655,M-H,-,1,0,60,,,
Barbaloin,XIC,eTargetCompound,C21H22O9,,,ESI,5000,,0,,419.13366,M+H,+,1,0,120,,,,,441.1156,M+Na,+,1,0,60,,,,,436.16021,M+NH4,+,1,0,60,,,,,417.11911,M-H,-,1,0,60,,,
Palmitoylglucuronide,XIC,eTargetCompound,C22H42O7,,,ESI,5000,,0,,419.30033,M+H,+,1,0,120,,,,,441.28227,M+Na,+,1,0,60,,,,,436.32688,M+NH4,+,1,0,60,,,,,417.28578,M-H,-,1,0,60,,,
8'-apo-beta-Carotenol,XIC,eTargetCompound,C30H42O,,,ESI,5000,,0,,419.33084,M+H,+,1,0,120,,,,,441.31279,M+Na,+,1,0,60,,,,,436.35739,M+NH4,+,1,0,60,,,,,417.31629,M-H,-,1,0,60,,,
"(24S)-Cholest-5-ene-3beta,7alpha,24-triol",XIC,eTargetCompound,C27H46O3,,,ESI,5000,,0,,419.35197,M+H,+,1,0,120,,,,,441.33392,M+Na,+,1,0,60,,,,,436.37852,M+NH4,+,1,0,60,,,,,417.33742,M-H,-,1,0,60,,,
"[ST (3:0)] 5-Cholestene-3beta,7alpha,26-triol",XIC,eTargetCompound,C27H46O3,,,ESI,5000,,0,,419.35197,M+H,+,1,0,120,,,,,441.33392,M+Na,+,1,0,60,,,,,436.37852,M+NH4,+,1,0,60,,,,,417.33742,M-H,-,1,0,60,,,
"17alpha,20alpha-Dihydroxycholesterol",XIC,eTargetCompound,C27H46O3,,,ESI,5000,,0,,419.35197,M+H,+,1,0,120,,,,,441.33392,M+Na,+,1,0,60,,,,,436.37852,M+NH4,+,1,0,60,,,,,417.33742,M-H,-,1,0,60,,,
"20alpha,22beta-Dihydroxycholesterol",XIC,eTargetCompound,C27H46O3,,,ESI,5000,,0,,419.35197,M+H,+,1,0,120,,,,,441.33392,M+Na,+,1,0,60,,,,,436.37852,M+NH4,+,1,0,60,,,,,417.33742,M-H,-,1,0,60,,,
"3alpha,7alpha-Dihydroxy-5beta-cholestan-26-al",XIC,eTargetCompound,C27H46O3,,,ESI,5000,,0,,419.35197,M+H,+,1,0,120,,,,,441.33392,M+Na,+,1,0,60,,,,,436.37852,M+NH4,+,1,0,60,,,,,417.33742,M-H,-,1,0,60,,,
"7alpha,12alpha-Dihydroxy-5alpha-cholestan-3-one",XIC,eTargetCompound,C27H46O3,,,ESI,5000,,0,,419.35197,M+H,+,1,0,120,,,,,441.33392,M+Na,+,1,0,60,,,,,436.37852,M+NH4,+,1,0,60,,,,,417.33742,M-H,-,1,0,60,,,
"7alpha,12alpha-Dihydroxy-5beta-cholestan-3-one",XIC,eTargetCompound,C27H46O3,,,ESI,5000,,0,,419.35197,M+H,+,1,0,120,,,,,441.33392,M+Na,+,1,0,60,,,,,436.37852,M+NH4,+,1,0,60,,,,,417.33742,M-H,-,1,0,60,,,
"Cholest-5-ene-3beta,7alpha,25-triol",XIC,eTargetCompound,C27H46O3,,,ESI,5000,,0,,419.35197,M+H,+,1,0,120,,,,,441.33392,M+Na,+,1,0,60,,,,,436.37852,M+NH4,+,1,0,60,,,,,417.33742,M-H,-,1,0,60,,,
6alpha-Hydroxycampestanol,XIC,eTargetCompound,C28H50O2,,,ESI,5000,,0,,419.38836,M+H,+,1,0,120,,,,,441.3703,M+Na,+,1,0,60,,,,,436.41491,M+NH4,+,1,0,60,,,,,417.3738,M-H,-,1,0,60,,,
6-Deoxocathasterone,XIC,eTargetCompound,C28H50O2,,,ESI,5000,,0,,419.38836,M+H,+,1,0,120,,,,,441.3703,M+Na,+,1,0,60,,,,,436.41491,M+NH4,+,1,0,60,,,,,417.3738,M-H,-,1,0,60,,,
"1D-myo-Inositol 1,3,4-trisphosphate",XIC,eTargetCompound,C6H15O15P3,,,ESI,5000,,0,,420.96966,M+H,+,1,0,120,,,,,442.9516,M+Na,+,1,0,60,,,,,437.9962,M+NH4,+,1,0,60,,,,,418.9551,M-H,-,1,0,60,,,
"D-myo-Inositol 1,4,5-trisphosphate",XIC,eTargetCompound,C6H15O15P3,,,ESI,5000,,0,,420.96966,M+H,+,1,0,120,,,,,442.9516,M+Na,+,1,0,60,,,,,437.9962,M+NH4,+,1,0,60,,,,,418.9551,M-H,-,1,0,60,,,
Glucoerucin,XIC,eTargetCompound,C12H22NO9S3,,,ESI,5000,,0,,421.05294,M+H,+,1,0,120,,,,,443.03489,M+Na,+,1,0,60,,,,,438.07949,M+NH4,+,1,0,60,,,,,419.03839,M-H,-,1,0,60,,,
"[ST (3:0)] 5beta-Cholestane-3alpha,7alpha,12alpha-triol",XIC,eTargetCompound,C27H48O3,,,ESI,5000,,0,,421.36762,M+H,+,1,0,120,,,,,443.34957,M+Na,+,1,0,60,,,,,438.39417,M+NH4,+,1,0,60,,,,,419.35307,M-H,-,1,0,60,,,
"[ST (3:0)] cholestane-3beta,5alpha,6beta-triol",XIC,eTargetCompound,C27H48O3,,,ESI,5000,,0,,421.36762,M+H,+,1,0,120,,,,,443.34957,M+Na,+,1,0,60,,,,,438.39417,M+NH4,+,1,0,60,,,,,419.35307,M-H,-,1,0,60,,,
"3alpha,7alpha,26-Trihydroxy-5beta-cholestane",XIC,eTargetCompound,C27H48O3,,,ESI,5000,,0,,421.36762,M+H,+,1,0,120,,,,,443.34957,M+Na,+,1,0,60,,,,,438.39417,M+NH4,+,1,0,60,,,,,419.35307,M-H,-,1,0,60,,,
Glucoiberin,XIC,eTargetCompound,C11H20NO10S3,,,ESI,5000,,0,,423.03221,M+H,+,1,0,120,,,,,445.01415,M+Na,+,1,0,60,,,,,440.05876,M+NH4,+,1,0,60,,,,,421.01766,M-H,-,1,0,60,,,
"6-Phospho-beta-D-glucosyl-(1,4)-D-glucose",XIC,eTargetCompound,C12H23O14P,,,ESI,5000,,0,,423.08982,M+H,+,1,0,120,,,,,445.07176,M+Na,+,1,0,60,,,,,440.11637,M+NH4,+,1,0,60,,,,,421.07526,M-H,-,1,0,60,,,
"alpha,alpha'-Trehalose 6-phosphate",XIC,eTargetCompound,C12H23O14P,,,ESI,5000,,0,,423.08982,M+H,+,1,0,120,,,,,445.07176,M+Na,+,1,0,60,,,,,440.11637,M+NH4,+,1,0,60,,,,,421.07526,M-H,-,1,0,60,,,
Lactose 6-phosphate,XIC,eTargetCompound,C12H23O14P,,,ESI,5000,,0,,423.08982,M+H,+,1,0,120,,,,,445.07176,M+Na,+,1,0,60,,,,,440.11637,M+NH4,+,1,0,60,,,,,421.07526,M-H,-,1,0,60,,,
Maltose 6'-phosphate,XIC,eTargetCompound,C12H23O14P,,,ESI,5000,,0,,423.08982,M+H,+,1,0,120,,,,,445.07176,M+Na,+,1,0,60,,,,,440.11637,M+NH4,+,1,0,60,,,,,421.07526,M-H,-,1,0,60,,,
Sucrose 6-phosphate,XIC,eTargetCompound,C12H23O14P,,,ESI,5000,,0,,423.08982,M+H,+,1,0,120,,,,,445.07176,M+Na,+,1,0,60,,,,,440.11637,M+NH4,+,1,0,60,,,,,421.07526,M-H,-,1,0,60,,,
Blasticidin S,XIC,eTargetCompound,C17H26N8O5,,,ESI,5000,,0,,423.20989,M+H,+,1,0,120,,,,,445.19184,M+Na,+,1,0,60,,,,,440.23644,M+NH4,+,1,0,60,,,,,421.19534,M-H,-,1,0,60,,,
Xanthommatin,XIC,eTargetCompound,C20H13N3O8,,,ESI,5000,,0,,424.07754,M+H,+,1,0,120,,,,,446.05949,M+Na,+,1,0,60,,,,,441.10409,M+NH4,+,1,0,60,,,,,422.06299,M-H,-,1,0,60,,,
Oplophorus luciferin,XIC,eTargetCompound,C26H21N3O3,,,ESI,5000,,0,,424.16557,M+H,+,1,0,120,,,,,446.14751,M+Na,+,1,0,60,,,,,441.19212,M+NH4,+,1,0,60,,,,,422.15101,M-H,-,1,0,60,,,
Deaminohydroxyblasticidin S,XIC,eTargetCompound,C17H25N7O6,,,ESI,5000,,0,,424.19391,M+H,+,1,0,120,,,,,446.17585,M+Na,+,1,0,60,,,,,441.22046,M+NH4,+,1,0,60,,,,,422.17935,M-H,-,1,0,60,,,
Chitobiose,XIC,eTargetCompound,C16H28N2O11,,,ESI,5000,,0,,425.17659,M+H,+,1,0,120,,,,,447.15853,M+Na,+,1,0,60,,,,,442.20314,M+NH4,+,1,0,60,,,,,423.16203,M-H,-,1,0,60,,,
sophoraflavanone G,XIC,eTargetCompound,C25H28O6,,,ESI,5000,,0,,425.19587,M+H,+,1,0,120,,,,,447.17781,M+Na,+,1,0,60,,,,,442.22241,M+NH4,+,1,0,60,,,,,423.18131,M-H,-,1,0,60,,,
Abscisic acid glucose ester,XIC,eTargetCompound,C22H32O8,,,ESI,5000,,0,,425.21699,M+H,+,1,0,120,,,,,447.19894,M+Na,+,1,0,60,,,,,442.24354,M+NH4,+,1,0,60,,,,,423.20244,M-H,-,1,0,60,,,
alpha-Tocotrienol,XIC,eTargetCompound,C29H44O2,,,ESI,5000,,0,,425.34141,M+H,+,1,0,120,,,,,447.32335,M+Na,+,1,0,60,,,,,442.36796,M+NH4,+,1,0,60,,,,,423.32685,M-H,-,1,0,60,,,
Thiamin diphosphate,XIC,eTargetCompound,C12H19N4O7P2S,,,ESI,5000,,0,,426.05224,M+H,+,1,0,120,,,,,448.03419,M+Na,+,1,0,60,,,,,443.07879,M+NH4,+,1,0,60,,,,,424.03769,M-H,-,1,0,60,,,
"5,12-Dihydroxanthommatin",XIC,eTargetCompound,C20H15N3O8,,,ESI,5000,,0,,426.09319,M+H,+,1,0,120,,,,,448.07514,M+Na,+,1,0,60,,,,,443.11974,M+NH4,+,1,0,60,,,,,424.07864,M-H,-,1,0,60,,,
Hyaluronicacid,XIC,eTargetCompound,C16H27NO12,,,ESI,5000,,0,,426.1606,M+H,+,1,0,120,,,,,448.14255,M+Na,+,1,0,60,,,,,443.18715,M+NH4,+,1,0,60,,,,,424.14605,M-H,-,1,0,60,,,
S-glutathionyl-L-cysteine,XIC,eTargetCompound,C13H22N4O8S2,,,ESI,5000,,0,,427.09518,M+H,+,1,0,120,,,,,449.07713,M+Na,+,1,0,60,,,,,444.12173,M+NH4,+,1,0,60,,,,,425.08063,M-H,-,1,0,60,,,
Anhydrotetracycline,XIC,eTargetCompound,C22H22N2O7,,,ESI,5000,,0,,427.14998,M+H,+,1,0,120,,,,,449.13192,M+Na,+,1,0,60,,,,,444.17653,M+NH4,+,1,0,60,,,,,425.13542,M-H,-,1,0,60,,,
Leupeptin,XIC,eTargetCompound,C20H38N6O4,,,ESI,5000,,0,,427.30273,M+H,+,1,0,120,,,,,449.28467,M+Na,+,1,0,60,,,,,444.32928,M+NH4,+,1,0,60,,,,,425.28818,M-H,-,1,0,60,,,
"(S)-2,3-Epoxysqualene",XIC,eTargetCompound,C30H50O,,,ESI,5000,,0,,427.39344,M+H,+,1,0,120,,,,,449.37539,M+Na,+,1,0,60,,,,,444.41999,M+NH4,+,1,0,60,,,,,425.37889,M-H,-,1,0,60,,,
"[ST (2:0)] lanosta-8,24-dien-3beta-ol",XIC,eTargetCompound,C30H50O,,,ESI,5000,,0,,427.39344,M+H,+,1,0,120,,,,,449.37539,M+Na,+,1,0,60,,,,,444.41999,M+NH4,+,1,0,60,,,,,425.37889,M-H,-,1,0,60,,,
24-Ethylidene lophenol,XIC,eTargetCompound,C30H50O,,,ESI,5000,,0,,427.39344,M+H,+,1,0,120,,,,,449.37539,M+Na,+,1,0,60,,,,,444.41999,M+NH4,+,1,0,60,,,,,425.37889,M-H,-,1,0,60,,,
alpha-Amyrin,XIC,eTargetCompound,C30H50O,,,ESI,5000,,0,,427.39344,M+H,+,1,0,120,,,,,449.37539,M+Na,+,1,0,60,,,,,444.41999,M+NH4,+,1,0,60,,,,,425.37889,M-H,-,1,0,60,,,
beta-Amyrin,XIC,eTargetCompound,C30H50O,,,ESI,5000,,0,,427.39344,M+H,+,1,0,120,,,,,449.37539,M+Na,+,1,0,60,,,,,444.41999,M+NH4,+,1,0,60,,,,,425.37889,M-H,-,1,0,60,,,
Cycloartenol,XIC,eTargetCompound,C30H50O,,,ESI,5000,,0,,427.39344,M+H,+,1,0,120,,,,,449.37539,M+Na,+,1,0,60,,,,,444.41999,M+NH4,+,1,0,60,,,,,425.37889,M-H,-,1,0,60,,,
Cycloeucalenol,XIC,eTargetCompound,C30H50O,,,ESI,5000,,0,,427.39344,M+H,+,1,0,120,,,,,449.37539,M+Na,+,1,0,60,,,,,444.41999,M+NH4,+,1,0,60,,,,,425.37889,M-H,-,1,0,60,,,
Lupeol,XIC,eTargetCompound,C30H50O,,,ESI,5000,,0,,427.39344,M+H,+,1,0,120,,,,,449.37539,M+Na,+,1,0,60,,,,,444.41999,M+NH4,+,1,0,60,,,,,425.37889,M-H,-,1,0,60,,,
Taraxasterol,XIC,eTargetCompound,C30H50O,,,ESI,5000,,0,,427.39344,M+H,+,1,0,120,,,,,449.37539,M+Na,+,1,0,60,,,,,444.41999,M+NH4,+,1,0,60,,,,,425.37889,M-H,-,1,0,60,,,
Taraxerol,XIC,eTargetCompound,C30H50O,,,ESI,5000,,0,,427.39344,M+H,+,1,0,120,,,,,449.37539,M+Na,+,1,0,60,,,,,444.41999,M+NH4,+,1,0,60,,,,,425.37889,M-H,-,1,0,60,,,
NM001_Malonyl_CoA,XIC,eTargetCompound,,,,None,0,,,,,,,,,,,,,,,,,,,,,,,,,,,,,,,,,,425.5505,M-,-,1,0,60,,,
Adenosine 5-phosphosulfate,XIC,eTargetCompound,C10H14N5O10PS,,,ESI,5000,,0,,428.02718,M+H,+,1,0,120,,,,,450.00912,M+Na,+,1,0,60,,,,,445.05372,M+NH4,+,1,0,60,,,,,426.01262,M-H,-,1,0,60,,,
NA003_ADP,XIC,eTargetCompound,,,,None,0,,,,,,,,,,,,,,,,,,,,,,,,,,,,,,,,,,426.0221,M-,-,1,40.68,60,,,
"Adenosine 2',5'-bisphosphate",XIC,eTargetCompound,C10H15N5O10P2,,,ESI,5000,,0,,428.03669,M+H,+,1,0,120,,,,,450.01864,M+Na,+,1,0,60,,,,,445.06324,M+NH4,+,1,0,60,,,,,426.02214,M-H,-,1,0,60,,,
"Adenosine 3',5'-diphosphate",XIC,eTargetCompound,C10H15N5O10P2,,,ESI,5000,,0,,428.03669,M+H,+,1,0,120,,,,,450.01864,M+Na,+,1,0,60,,,,,445.06324,M+NH4,+,1,0,60,,,,,426.02214,M-H,-,1,0,60,,,
Adenosine 5'-pyrophosphate (ADP),XIC,eTargetCompound,C10H15N5O10P2,,,ESI,5000,,0,,428.03669,M+H,+,1,0,120,,,,,450.01864,M+Na,+,1,0,60,,,,,445.06324,M+NH4,+,1,0,60,,,,,426.02214,M-H,-,1,0,60,,,
ADP,XIC,eTargetCompound,C10H15N5O10P2,,,ESI,5000,,0,,428.03669,M+H,+,1,0,120,,,,,450.01864,M+Na,+,1,0,60,,,,,445.06324,M+NH4,+,1,0,60,,,,,426.02214,M-H,-,1,0,60,,,
Deoxyguanosine 5'-diphosphate (dGDP),XIC,eTargetCompound,C10H15N5O10P2,,,ESI,5000,,0,,428.03669,M+H,+,1,0,120,,,,,450.01864,M+Na,+,1,0,60,,,,,445.06324,M+NH4,+,1,0,60,,,,,426.02214,M-H,-,1,0,60,,,
(R)-Vicianin,XIC,eTargetCompound,C19H25NO10,,,ESI,5000,,0,,428.15512,M+H,+,1,0,120,,,,,450.13707,M+Na,+,1,0,60,,,,,445.18167,M+NH4,+,1,0,60,,,,,426.14057,M-H,-,1,0,60,,,
Inosine 5'-diphosphate (IDP),XIC,eTargetCompound,C10H14N4O11P2,,,ESI,5000,,0,,429.02071,M+H,+,1,0,120,,,,,451.00265,M+Na,+,1,0,60,,,,,446.04726,M+NH4,+,1,0,60,,,,,427.00615,M-H,-,1,0,60,,,
beta-Peltatin A methyl ether,XIC,eTargetCompound,C23H24O8,,,ESI,5000,,0,,429.15439,M+H,+,1,0,120,,,,,451.13634,M+Na,+,1,0,60,,,,,446.18094,M+NH4,+,1,0,60,,,,,427.13984,M-H,-,1,0,60,,,
Wortmannin,XIC,eTargetCompound,C23H24O8,,,ESI,5000,,0,,429.15439,M+H,+,1,0,120,,,,,451.13634,M+Na,+,1,0,60,,,,,446.18094,M+NH4,+,1,0,60,,,,,427.13984,M-H,-,1,0,60,,,
"(24R,24'R)-Fucosterol epoxide",XIC,eTargetCompound,C29H48O2,,,ESI,5000,,0,,429.37271,M+H,+,1,0,120,,,,,451.35465,M+Na,+,1,0,60,,,,,446.39926,M+NH4,+,1,0,60,,,,,427.35815,M-H,-,1,0,60,,,
3beta-Hydroxy-4beta-methyl-5alpha-cholest-7-ene-4alpha-carbaldehyde,XIC,eTargetCompound,C29H48O2,,,ESI,5000,,0,,429.37271,M+H,+,1,0,120,,,,,451.35465,M+Na,+,1,0,60,,,,,446.39926,M+NH4,+,1,0,60,,,,,427.35815,M-H,-,1,0,60,,,
 22-Hopanol,XIC,eTargetCompound,C30H52O,,,ESI,5000,,0,,429.40909,M+H,+,1,0,120,,,,,451.39104,M+Na,+,1,0,60,,,,,446.43564,M+NH4,+,1,0,60,,,,,427.39454,M-H,-,1,0,60,,,
 Tetrahymanol,XIC,eTargetCompound,C30H52O,,,ESI,5000,,0,,429.40909,M+H,+,1,0,120,,,,,451.39104,M+Na,+,1,0,60,,,,,446.43564,M+NH4,+,1,0,60,,,,,427.39454,M-H,-,1,0,60,,,
[ST] 5alpha-lanost-8-en-3beta-ol,XIC,eTargetCompound,C30H52O,,,ESI,5000,,0,,429.40909,M+H,+,1,0,120,,,,,451.39104,M+Na,+,1,0,60,,,,,446.43564,M+NH4,+,1,0,60,,,,,427.39454,M-H,-,1,0,60,,,
Ketoprofenglucuronide,XIC,eTargetCompound,C22H22O9,,,ESI,5000,,0,,431.13366,M+H,+,1,0,120,,,,,453.1156,M+Na,+,1,0,60,,,,,448.16021,M+NH4,+,1,0,60,,,,,429.11911,M-H,-,1,0,60,,,
Ononin,XIC,eTargetCompound,C22H22O9,,,ESI,5000,,0,,431.13366,M+H,+,1,0,120,,,,,453.1156,M+Na,+,1,0,60,,,,,448.16021,M+NH4,+,1,0,60,,,,,429.11911,M-H,-,1,0,60,,,
"[ST (2:0)] 22S,25S-furospirost-5-en-3beta,26-diol",XIC,eTargetCompound,C27H42O4,,,ESI,5000,,0,,431.31559,M+H,+,1,0,120,,,,,453.29753,M+Na,+,1,0,60,,,,,448.34214,M+NH4,+,1,0,60,,,,,429.30103,M-H,-,1,0,60,,,
4beta-Hydroxymethyl-4alpha-methyl-5alpha-cholest-7-en-3beta-ol,XIC,eTargetCompound,C29H50O2,,,ESI,5000,,0,,431.38836,M+H,+,1,0,120,,,,,453.3703,M+Na,+,1,0,60,,,,,448.41491,M+NH4,+,1,0,60,,,,,429.3738,M-H,-,1,0,60,,,
Alpha-Tocopherol,XIC,eTargetCompound,C29H50O2,,,ESI,5000,,0,,431.38836,M+H,+,1,0,120,,,,,453.3703,M+Na,+,1,0,60,,,,,448.41491,M+NH4,+,1,0,60,,,,,429.3738,M-H,-,1,0,60,,,
Vitamin E,XIC,eTargetCompound,C29H50O2,,,ESI,5000,,0,,431.38836,M+H,+,1,0,120,,,,,453.3703,M+Na,+,1,0,60,,,,,448.41491,M+NH4,+,1,0,60,,,,,429.3738,M-H,-,1,0,60,,,
cis-Zeatin riboside monophosphate,XIC,eTargetCompound,C15H22N5O8P,,,ESI,5000,,0,,432.12788,M+H,+,1,0,120,,,,,454.10982,M+Na,+,1,0,60,,,,,449.15442,M+NH4,+,1,0,60,,,,,430.11332,M-H,-,1,0,60,,,
trans-Zeatin riboside  monophosphate,XIC,eTargetCompound,C15H22N5O8P,,,ESI,5000,,0,,432.12788,M+H,+,1,0,120,,,,,454.10982,M+Na,+,1,0,60,,,,,449.15442,M+NH4,+,1,0,60,,,,,430.11332,M-H,-,1,0,60,,,
diiodo-4-hydroxyphenylpyruvate,XIC,eTargetCompound,C9H6I2O4,,,ESI,5000,,0,,432.84282,M+H,+,1,0,120,,,,,454.82477,M+Na,+,1,0,60,,,,,449.86937,M+NH4,+,1,0,60,,,,,430.82827,M-H,-,1,0,60,,,
Se-Adenosylselenohomocysteine,XIC,eTargetCompound,C14H20N6O5Se,,,ESI,5000,,0,,433.07332,M+H,+,1,0,120,,,,,455.05526,M+Na,+,1,0,60,,,,,450.09987,M+NH4,+,1,0,60,,,,,431.05876,M-H,-,1,0,60,,,
"beta-Estradiol 3,17-disulfate",XIC,eTargetCompound,C18H24O8S2,,,ESI,5000,,0,,433.09854,M+H,+,1,0,120,,,,,455.08048,M+Na,+,1,0,60,,,,,450.12508,M+NH4,+,1,0,60,,,,,431.08398,M-H,-,1,0,60,,,
7a-Hydroxy-o-carbamoyl-deacetylcephalosporin C,XIC,eTargetCompound,C15H20N4O9S,,,ESI,5000,,0,,433.10238,M+H,+,1,0,120,,,,,455.08432,M+Na,+,1,0,60,,,,,450.12892,M+NH4,+,1,0,60,,,,,431.08782,M-H,-,1,0,60,,,
Apigenin 7-O-beta-D-glucoside,XIC,eTargetCompound,C21H20O10,,,ESI,5000,,0,,433.11292,M+H,+,1,0,120,,,,,455.09487,M+Na,+,1,0,60,,,,,450.13947,M+NH4,+,1,0,60,,,,,431.09837,M-H,-,1,0,60,,,
Apigenin-6-C-glucoside,XIC,eTargetCompound,C21H20O10,,,ESI,5000,,0,,433.11292,M+H,+,1,0,120,,,,,455.09487,M+Na,+,1,0,60,,,,,450.13947,M+NH4,+,1,0,60,,,,,431.09837,M-H,-,1,0,60,,,
Genistein 7-O-beta-D-glucoside,XIC,eTargetCompound,C21H20O10,,,ESI,5000,,0,,433.11292,M+H,+,1,0,120,,,,,455.09487,M+Na,+,1,0,60,,,,,450.13947,M+NH4,+,1,0,60,,,,,431.09837,M-H,-,1,0,60,,,
Pelargonidin 3-O-glucoside,XIC,eTargetCompound,C21H20O10,,,ESI,5000,,0,,433.11292,M+H,+,1,0,120,,,,,455.09487,M+Na,+,1,0,60,,,,,450.13947,M+NH4,+,1,0,60,,,,,431.09837,M-H,-,1,0,60,,,
Vitexin,XIC,eTargetCompound,C21H20O10,,,ESI,5000,,0,,433.11292,M+H,+,1,0,120,,,,,455.09487,M+Na,+,1,0,60,,,,,450.13947,M+NH4,+,1,0,60,,,,,431.09837,M-H,-,1,0,60,,,
(-)-Medicocarpin,XIC,eTargetCompound,C22H24O9,,,ESI,5000,,0,,433.14931,M+H,+,1,0,120,,,,,455.13125,M+Na,+,1,0,60,,,,,450.17586,M+NH4,+,1,0,60,,,,,431.13476,M-H,-,1,0,60,,,
Aspulvinone H,XIC,eTargetCompound,C27H28O5,,,ESI,5000,,0,,433.20095,M+H,+,1,0,120,,,,,455.1829,M+Na,+,1,0,60,,,,,450.2275,M+NH4,+,1,0,60,,,,,431.1864,M-H,-,1,0,60,,,
"4,4'-Diaponeurosporenic acid",XIC,eTargetCompound,C30H40O2,,,ESI,5000,,0,,433.31011,M+H,+,1,0,120,,,,,455.29205,M+Na,+,1,0,60,,,,,450.33666,M+NH4,+,1,0,60,,,,,431.29555,M-H,-,1,0,60,,,
3-Dehydro-6-deoxoteasterone,XIC,eTargetCompound,C28H48O3,,,ESI,5000,,0,,433.36762,M+H,+,1,0,120,,,,,455.34957,M+Na,+,1,0,60,,,,,450.39417,M+NH4,+,1,0,60,,,,,431.35307,M-H,-,1,0,60,,,
Cathasterone,XIC,eTargetCompound,C28H48O3,,,ESI,5000,,0,,433.36762,M+H,+,1,0,120,,,,,455.34957,M+Na,+,1,0,60,,,,,450.39417,M+NH4,+,1,0,60,,,,,431.35307,M-H,-,1,0,60,,,
3-5-Diiodo-L-tyrosine,XIC,eTargetCompound,C9H9I2NO3,,,ESI,5000,,0,,433.87446,M+H,+,1,0,120,,,,,455.8564,M+Na,+,1,0,60,,,,,450.901,M+NH4,+,1,0,60,,,,,431.8599,M-H,-,1,0,60,,,
Glycolithocholate,XIC,eTargetCompound,C26H43NO4,,,ESI,5000,,0,,434.32649,M+H,+,1,0,120,,,,,456.30843,M+Na,+,1,0,60,,,,,451.35303,M+NH4,+,1,0,60,,,,,432.31193,M-H,-,1,0,60,,,
diiodo-4-hydroxyphenyl-lactate,XIC,eTargetCompound,C9H8I2O4,,,ESI,5000,,0,,434.85847,M+H,+,1,0,120,,,,,456.84042,M+Na,+,1,0,60,,,,,451.88502,M+NH4,+,1,0,60,,,,,432.84392,M-H,-,1,0,60,,,
Glucoberteroin,XIC,eTargetCompound,C13H24NO9S3,,,ESI,5000,,0,,435.06859,M+H,+,1,0,120,,,,,457.05054,M+Na,+,1,0,60,,,,,452.09514,M+NH4,+,1,0,60,,,,,433.05404,M-H,-,1,0,60,,,
"2',4,4',6'-Tetrahydroxychalcone 4'-O-glucoside",XIC,eTargetCompound,C21H22O10,,,ESI,5000,,0,,435.12857,M+H,+,1,0,120,,,,,457.11052,M+Na,+,1,0,60,,,,,452.15512,M+NH4,+,1,0,60,,,,,433.11402,M-H,-,1,0,60,,,
Naringenin 7-O-beta-D-glucoside,XIC,eTargetCompound,C21H22O10,,,ESI,5000,,0,,435.12857,M+H,+,1,0,120,,,,,457.11052,M+Na,+,1,0,60,,,,,452.15512,M+NH4,+,1,0,60,,,,,433.11402,M-H,-,1,0,60,,,
Phlorizin chalcone,XIC,eTargetCompound,C21H22O10,,,ESI,5000,,0,,435.12857,M+H,+,1,0,120,,,,,457.11052,M+Na,+,1,0,60,,,,,452.15512,M+NH4,+,1,0,60,,,,,433.11402,M-H,-,1,0,60,,,
Phorbol 13-butanoate,XIC,eTargetCompound,C24H34O7,,,ESI,5000,,0,,435.23773,M+H,+,1,0,120,,,,,457.21967,M+Na,+,1,0,60,,,,,452.26428,M+NH4,+,1,0,60,,,,,433.22318,M-H,-,1,0,60,,,
Glutathionylspermidine,XIC,eTargetCompound,C17H34N6O5S,,,ESI,5000,,0,,435.23842,M+H,+,1,0,120,,,,,457.22036,M+Na,+,1,0,60,,,,,452.26496,M+NH4,+,1,0,60,,,,,433.22386,M-H,-,1,0,60,,,
"3alpha,7alpha,12alpha-Trihydroxy-5beta-cholestan-26-al",XIC,eTargetCompound,C27H46O4,,,ESI,5000,,0,,435.34689,M+H,+,1,0,120,,,,,457.32883,M+Na,+,1,0,60,,,,,452.37344,M+NH4,+,1,0,60,,,,,433.33233,M-H,-,1,0,60,,,
"3alpha,7alpha-Dihydroxy-5beta-cholestanate",XIC,eTargetCompound,C27H46O4,,,ESI,5000,,0,,435.34689,M+H,+,1,0,120,,,,,457.32883,M+Na,+,1,0,60,,,,,452.37344,M+NH4,+,1,0,60,,,,,433.33233,M-H,-,1,0,60,,,
6-Deoxoteasterone,XIC,eTargetCompound,C28H50O3,,,ESI,5000,,0,,435.38327,M+H,+,1,0,120,,,,,457.36522,M+Na,+,1,0,60,,,,,452.40982,M+NH4,+,1,0,60,,,,,433.36872,M-H,-,1,0,60,,,
6-Deoxotyphasterol,XIC,eTargetCompound,C28H50O3,,,ESI,5000,,0,,435.38327,M+H,+,1,0,120,,,,,457.36522,M+Na,+,1,0,60,,,,,452.40982,M+NH4,+,1,0,60,,,,,433.36872,M-H,-,1,0,60,,,
Glucoraphanin,XIC,eTargetCompound,C12H22NO10S3,,,ESI,5000,,0,,437.04786,M+H,+,1,0,120,,,,,459.0298,M+Na,+,1,0,60,,,,,454.07441,M+NH4,+,1,0,60,,,,,435.03331,M-H,-,1,0,60,,,
Phlorizin,XIC,eTargetCompound,C21H24O10,,,ESI,5000,,0,,437.14422,M+H,+,1,0,120,,,,,459.12617,M+Na,+,1,0,60,,,,,454.17077,M+NH4,+,1,0,60,,,,,435.12967,M-H,-,1,0,60,,,
Oleoyl-L-a-lysophosphatidic acid sodium salt (LPA 16:1),XIC,eTargetCompound,C21H41O7P,,,ESI,5000,,0,,437.26627,M+H,+,1,0,120,,,,,459.24821,M+Na,+,1,0,60,,,,,454.29282,M+NH4,+,1,0,60,,,,,435.25171,M-H,-,1,0,60,,,
Stearoylglycerone phosphate,XIC,eTargetCompound,C21H41O7P,,,ESI,5000,,0,,437.26627,M+H,+,1,0,120,,,,,459.24821,M+Na,+,1,0,60,,,,,454.29282,M+NH4,+,1,0,60,,,,,435.25171,M-H,-,1,0,60,,,
"2-Phytyl-1,4-naphthoquinone",XIC,eTargetCompound,C30H44O2,,,ESI,5000,,0,,437.34141,M+H,+,1,0,120,,,,,459.32335,M+Na,+,1,0,60,,,,,454.36796,M+NH4,+,1,0,60,,,,,435.32685,M-H,-,1,0,60,,,
"[ST (4:0)] 5beta-Cholestane-3alpha,7alpha,12alpha,26-tetrol",XIC,eTargetCompound,C27H48O4,,,ESI,5000,,0,,437.36254,M+H,+,1,0,120,,,,,459.34448,M+Na,+,1,0,60,,,,,454.38909,M+NH4,+,1,0,60,,,,,435.34798,M-H,-,1,0,60,,,
Hentriacontane,XIC,eTargetCompound,C31H64,,,ESI,5000,,0,,437.50808,M+H,+,1,0,120,,,,,459.49002,M+Na,+,1,0,60,,,,,454.53463,M+NH4,+,1,0,60,,,,,435.49353,M-H,-,1,0,60,,,
(24R)-24-Methylcycloarta-25-en-3-beta-ol,XIC,eTargetCompound,C31H50O,,,ESI,5000,,0,,439.39344,M+H,+,1,0,120,,,,,461.37539,M+Na,+,1,0,60,,,,,456.41999,M+NH4,+,1,0,60,,,,,437.37889,M-H,-,1,0,60,,,
[FA (30:0)] 1-triacontanol,XIC,eTargetCompound,C30H62O,,,ESI,5000,,0,,439.48734,M+H,+,1,0,120,,,,,461.46929,M+Na,+,1,0,60,,,,,456.51389,M+NH4,+,1,0,60,,,,,437.47279,M-H,-,1,0,60,,,
Leukotriene E4,XIC,eTargetCompound,C23H37NO5S,,,ESI,5000,,0,,440.24652,M+H,+,1,0,120,,,,,462.22847,M+Na,+,1,0,60,,,,,457.27307,M+NH4,+,1,0,60,,,,,438.23197,M-H,-,1,0,60,,,
10-Deacetyl-2-debenzoylbaccatin III,XIC,eTargetCompound,C22H32O9,,,ESI,5000,,0,,441.21191,M+H,+,1,0,120,,,,,463.19385,M+Na,+,1,0,60,,,,,458.23846,M+NH4,+,1,0,60,,,,,439.19736,M-H,-,1,0,60,,,
24-Methylenecycloartanol,XIC,eTargetCompound,C31H52O,,,ESI,5000,,0,,441.40909,M+H,+,1,0,120,,,,,463.39104,M+Na,+,1,0,60,,,,,458.43564,M+NH4,+,1,0,60,,,,,439.39454,M-H,-,1,0,60,,,
Folic acid,XIC,eTargetCompound,C19H19N7O6,,,ESI,5000,,0,,442.14696,M+H,+,1,0,120,,,,,464.1289,M+Na,+,1,0,60,,,,,459.17351,M+NH4,+,1,0,60,,,,,440.1324,M-H,-,1,0,60,,,
AF005_Folate,XIC,eTargetCompound,,,,None,0,,,,,,,,,,,,,,,,,,,,,,,,,,,,,,,,,,440.1324,M-,-,1,0,30,,,
troglitazone,XIC,eTargetCompound,C24H27NO5S,,,ESI,5000,,0,,442.16827,M+H,+,1,0,120,,,,,464.15021,M+Na,+,1,0,60,,,,,459.19482,M+NH4,+,1,0,60,,,,,440.15372,M-H,-,1,0,60,,,
Catechin gallate,XIC,eTargetCompound,C22H18O10,,,ESI,5000,,0,,443.09727,M+H,+,1,0,120,,,,,465.07922,M+Na,+,1,0,60,,,,,460.12382,M+NH4,+,1,0,60,,,,,441.08272,M-H,-,1,0,60,,,
12-Dehydrotetracycline,XIC,eTargetCompound,C22H22N2O8,,,ESI,5000,,0,,443.14489,M+H,+,1,0,120,,,,,465.12684,M+Na,+,1,0,60,,,,,460.17144,M+NH4,+,1,0,60,,,,,441.13034,M-H,-,1,0,60,,,
"[ST trihydroxy(2:0)] 11beta,17,21-trihydroxypregn-4-ene-3,20-dione, 21-sulfate",XIC,eTargetCompound,C21H30O8S,,,ESI,5000,,0,,443.17342,M+H,+,1,0,120,,,,,465.15536,M+Na,+,1,0,60,,,,,460.19996,M+NH4,+,1,0,60,,,,,441.15886,M-H,-,1,0,60,,,
4alpha-Methylzymosterol-4-carboxylate,XIC,eTargetCompound,C29H46O3,,,ESI,5000,,0,,443.35197,M+H,+,1,0,120,,,,,465.33392,M+Na,+,1,0,60,,,,,460.37852,M+NH4,+,1,0,60,,,,,441.33742,M-H,-,1,0,60,,,
"[ST dimethyl,methy] 4alpha,14alpha-dimethyl-24-methylene-cholest-8-en-3beta-ol",XIC,eTargetCompound,C30H50O2,,,ESI,5000,,0,,443.38836,M+H,+,1,0,120,,,,,465.3703,M+Na,+,1,0,60,,,,,460.41491,M+NH4,+,1,0,60,,,,,441.3738,M-H,-,1,0,60,,,
NG003_GDP,XIC,eTargetCompound,,,,None,0,,,,,,,,,,,,,,,,,,,,,,,,,,,,,,,,,,442.017,M-,-,1,43.8,60,,,
Guanosine 5'-diphosphoglucose; 5'-GDP,XIC,eTargetCompound,C10H15N5O11P2,,,ESI,5000,,0,,444.03161,M+H,+,1,0,120,,,,,466.01355,M+Na,+,1,0,60,,,,,461.05815,M+NH4,+,1,0,60,,,,,442.01705,M-H,-,1,0,60,,,
Dihydrofolic acid,XIC,eTargetCompound,C19H21N7O6,,,ESI,5000,,0,,444.16261,M+H,+,1,0,120,,,,,466.14455,M+Na,+,1,0,60,,,,,461.18916,M+NH4,+,1,0,60,,,,,442.14805,M-H,-,1,0,60,,,
XDP,XIC,eTargetCompound,C10H14N4O12P2,,,ESI,5000,,0,,445.01562,M+H,+,1,0,120,,,,,466.99757,M+Na,+,1,0,60,,,,,462.04217,M+NH4,+,1,0,60,,,,,443.00107,M-H,-,1,0,60,,,
Tetracycline,XIC,eTargetCompound,C22H24N2O8,,,ESI,5000,,0,,445.16054,M+H,+,1,0,120,,,,,467.14249,M+Na,+,1,0,60,,,,,462.18709,M+NH4,+,1,0,60,,,,,443.14599,M-H,-,1,0,60,,,
sn-3-O-(Geranylgeranyl)glycerol 1-phosphate,XIC,eTargetCompound,C23H41O6P,,,ESI,5000,,0,,445.27135,M+H,+,1,0,120,,,,,467.2533,M+Na,+,1,0,60,,,,,462.2979,M+NH4,+,1,0,60,,,,,443.2568,M-H,-,1,0,60,,,
3beta-Hydroxy-4beta-methyl-5alpha-cholest-7-ene-4alpha-carboxylate,XIC,eTargetCompound,C29H48O3,,,ESI,5000,,0,,445.36762,M+H,+,1,0,120,,,,,467.34957,M+Na,+,1,0,60,,,,,462.39417,M+NH4,+,1,0,60,,,,,443.35307,M-H,-,1,0,60,,,
 (+)-24-Dammarene-3beta-20S-diol,XIC,eTargetCompound,C30H52O2,,,ESI,5000,,0,,445.40401,M+H,+,1,0,120,,,,,467.38595,M+Na,+,1,0,60,,,,,462.43056,M+NH4,+,1,0,60,,,,,443.38945,M-H,-,1,0,60,,,
Tetrahydrofolate,XIC,eTargetCompound,C19H23N7O6,,,ESI,5000,,0,,446.17826,M+H,+,1,0,120,,,,,468.1602,M+Na,+,1,0,60,,,,,463.20481,M+NH4,+,1,0,60,,,,,444.1637,M-H,-,1,0,60,,,
Sodium pyrophosphate decahydrate,XIC,eTargetCompound,H20Na4O17P2,,,ESI,5000,,0,,446.98393,M+H,+,1,0,120,,,,,468.96587,M+Na,+,1,0,60,,,,,464.01048,M+NH4,+,1,0,60,,,,,444.96937,M-H,-,1,0,60,,,
ferric dicitrate,XIC,eTargetCompound,C12H22FeO14,,,ESI,5000,,0,,447.04317,M+H,+,1,0,120,,,,,469.02512,M+Na,+,1,0,60,,,,,464.06972,M+NH4,+,1,0,60,,,,,445.02862,M-H,-,1,0,60,,,
"Baicalin;7-D-Glucuronic acid-5,6-dihydroxyflavone",XIC,eTargetCompound,C21H18O11,,,ESI,5000,,0,,447.09219,M+H,+,1,0,120,,,,,469.07413,M+Na,+,1,0,60,,,,,464.11874,M+NH4,+,1,0,60,,,,,445.07763,M-H,-,1,0,60,,,
Cephamycin C,XIC,eTargetCompound,C16H22N4O9S,,,ESI,5000,,0,,447.11803,M+H,+,1,0,120,,,,,469.09997,M+Na,+,1,0,60,,,,,464.14457,M+NH4,+,1,0,60,,,,,445.10347,M-H,-,1,0,60,,,
Biochanin A-beta-D-glucoside,XIC,eTargetCompound,C22H22O10,,,ESI,5000,,0,,447.12857,M+H,+,1,0,120,,,,,469.11052,M+Na,+,1,0,60,,,,,464.15512,M+NH4,+,1,0,60,,,,,445.11402,M-H,-,1,0,60,,,
Glycitin,XIC,eTargetCompound,C22H22O10,,,ESI,5000,,0,,447.12857,M+H,+,1,0,120,,,,,469.11052,M+Na,+,1,0,60,,,,,464.15512,M+NH4,+,1,0,60,,,,,445.11402,M-H,-,1,0,60,,,
Trifolirhizin,XIC,eTargetCompound,C22H22O10,,,ESI,5000,,0,,447.12857,M+H,+,1,0,120,,,,,469.11052,M+Na,+,1,0,60,,,,,464.15512,M+NH4,+,1,0,60,,,,,445.11402,M-H,-,1,0,60,,,
Estrone glucuronide,XIC,eTargetCompound,C24H30O8,,,ESI,5000,,0,,447.20134,M+H,+,1,0,120,,,,,469.18329,M+Na,+,1,0,60,,,,,464.22789,M+NH4,+,1,0,60,,,,,445.18679,M-H,-,1,0,60,,,
3-Dehydroteasterone,XIC,eTargetCompound,C28H46O4,,,ESI,5000,,0,,447.34689,M+H,+,1,0,120,,,,,469.32883,M+Na,+,1,0,60,,,,,464.37344,M+NH4,+,1,0,60,,,,,445.33233,M-H,-,1,0,60,,,
Se-Adenosylselenomethionine,XIC,eTargetCompound,C15H23N6O5Se,,,ESI,5000,,0,,448.09679,M+H,+,1,0,120,,,,,470.07874,M+Na,+,1,0,60,,,,,465.12334,M+NH4,+,1,0,60,,,,,446.08224,M-H,-,1,0,60,,,
Aureusidin 6-O-glucoside,XIC,eTargetCompound,C21H20O11,,,ESI,5000,,0,,449.10784,M+H,+,1,0,120,,,,,471.08978,M+Na,+,1,0,60,,,,,466.13439,M+NH4,+,1,0,60,,,,,447.09328,M-H,-,1,0,60,,,
Cyanidin 3-O-glucoside,XIC,eTargetCompound,C21H20O11,,,ESI,5000,,0,,449.10784,M+H,+,1,0,120,,,,,471.08978,M+Na,+,1,0,60,,,,,466.13439,M+NH4,+,1,0,60,,,,,447.09328,M-H,-,1,0,60,,,
Cyanidin 5-O-glucoside,XIC,eTargetCompound,C21H20O11,,,ESI,5000,,0,,449.10784,M+H,+,1,0,120,,,,,471.08978,M+Na,+,1,0,60,,,,,466.13439,M+NH4,+,1,0,60,,,,,447.09328,M-H,-,1,0,60,,,
Isoorientin,XIC,eTargetCompound,C21H20O11,,,ESI,5000,,0,,449.10784,M+H,+,1,0,120,,,,,471.08978,M+Na,+,1,0,60,,,,,466.13439,M+NH4,+,1,0,60,,,,,447.09328,M-H,-,1,0,60,,,
Kaempferol 3-O-beta-D-galactoside,XIC,eTargetCompound,C21H20O11,,,ESI,5000,,0,,449.10784,M+H,+,1,0,120,,,,,471.08978,M+Na,+,1,0,60,,,,,466.13439,M+NH4,+,1,0,60,,,,,447.09328,M-H,-,1,0,60,,,
Kaempferol 3-O-glucoside,XIC,eTargetCompound,C21H20O11,,,ESI,5000,,0,,449.10784,M+H,+,1,0,120,,,,,471.08978,M+Na,+,1,0,60,,,,,466.13439,M+NH4,+,1,0,60,,,,,447.09328,M-H,-,1,0,60,,,
Luteolin 7-O-beta-D-glucoside,XIC,eTargetCompound,C21H20O11,,,ESI,5000,,0,,449.10784,M+H,+,1,0,120,,,,,471.08978,M+Na,+,1,0,60,,,,,466.13439,M+NH4,+,1,0,60,,,,,447.09328,M-H,-,1,0,60,,,
Orientin,XIC,eTargetCompound,C21H20O11,,,ESI,5000,,0,,449.10784,M+H,+,1,0,120,,,,,471.08978,M+Na,+,1,0,60,,,,,466.13439,M+NH4,+,1,0,60,,,,,447.09328,M-H,-,1,0,60,,,
Quercitrin,XIC,eTargetCompound,C21H20O11,,,ESI,5000,,0,,449.10784,M+H,+,1,0,120,,,,,471.08978,M+Na,+,1,0,60,,,,,466.13439,M+NH4,+,1,0,60,,,,,447.09328,M-H,-,1,0,60,,,
"[ST (2:0)] estra-1,3,5(10)-triene-3,17alpha-diol 3-D-glucuronide",XIC,eTargetCompound,C24H32O8,,,ESI,5000,,0,,449.21699,M+H,+,1,0,120,,,,,471.19894,M+Na,+,1,0,60,,,,,466.24354,M+NH4,+,1,0,60,,,,,447.20244,M-H,-,1,0,60,,,
17-alpha-estradiol-3-glucuronide,XIC,eTargetCompound,C24H32O8,,,ESI,5000,,0,,449.21699,M+H,+,1,0,120,,,,,471.19894,M+Na,+,1,0,60,,,,,466.24354,M+NH4,+,1,0,60,,,,,447.20244,M-H,-,1,0,60,,,
17-beta-estradiol-3-glucuronide,XIC,eTargetCompound,C24H32O8,,,ESI,5000,,0,,449.21699,M+H,+,1,0,120,,,,,471.19894,M+Na,+,1,0,60,,,,,466.24354,M+NH4,+,1,0,60,,,,,447.20244,M-H,-,1,0,60,,,
17-beta-estradiolglucuronide,XIC,eTargetCompound,C24H32O8,,,ESI,5000,,0,,449.21699,M+H,+,1,0,120,,,,,471.19894,M+Na,+,1,0,60,,,,,466.24354,M+NH4,+,1,0,60,,,,,447.20244,M-H,-,1,0,60,,,
beta-Estradiol-17beta-glucuronide (sodium salt),XIC,eTargetCompound,C24H32O8,,,ESI,5000,,0,,449.21699,M+H,+,1,0,120,,,,,471.19894,M+Na,+,1,0,60,,,,,466.24354,M+NH4,+,1,0,60,,,,,447.20244,M-H,-,1,0,60,,,
Teasterone,XIC,eTargetCompound,C28H48O4,,,ESI,5000,,0,,449.36254,M+H,+,1,0,120,,,,,471.34448,M+Na,+,1,0,60,,,,,466.38909,M+NH4,+,1,0,60,,,,,447.34798,M-H,-,1,0,60,,,
Typhasterol,XIC,eTargetCompound,C28H48O4,,,ESI,5000,,0,,449.36254,M+H,+,1,0,120,,,,,471.34448,M+Na,+,1,0,60,,,,,466.38909,M+NH4,+,1,0,60,,,,,447.34798,M-H,-,1,0,60,,,
Gentamicin C1a,XIC,eTargetCompound,C19H39N5O7,,,ESI,5000,,0,,450.29223,M+H,+,1,0,120,,,,,472.27417,M+Na,+,1,0,60,,,,,467.31877,M+NH4,+,1,0,60,,,,,448.27767,M-H,-,1,0,60,,,
Chenodeoxyglycocholate,XIC,eTargetCompound,C26H43NO5,,,ESI,5000,,0,,450.3214,M+H,+,1,0,120,,,,,472.30334,M+Na,+,1,0,60,,,,,467.34795,M+NH4,+,1,0,60,,,,,448.30685,M-H,-,1,0,60,,,
Glycochenodeoxycholic acid,XIC,eTargetCompound,C26H43NO5,,,ESI,5000,,0,,450.3214,M+H,+,1,0,120,,,,,472.30334,M+Na,+,1,0,60,,,,,467.34795,M+NH4,+,1,0,60,,,,,448.30685,M-H,-,1,0,60,,,
Glycodeoxycholate,XIC,eTargetCompound,C26H43NO5,,,ESI,5000,,0,,450.3214,M+H,+,1,0,120,,,,,472.30334,M+Na,+,1,0,60,,,,,467.34795,M+NH4,+,1,0,60,,,,,448.30685,M-H,-,1,0,60,,,
Glycoursodeoxycholate,XIC,eTargetCompound,C26H43NO5,,,ESI,5000,,0,,450.3214,M+H,+,1,0,120,,,,,472.30334,M+Na,+,1,0,60,,,,,467.34795,M+NH4,+,1,0,60,,,,,448.30685,M-H,-,1,0,60,,,
"2',3,4,4',6'-Peptahydroxychalcone 4'-O-glucoside",XIC,eTargetCompound,C21H22O11,,,ESI,5000,,0,,451.12349,M+H,+,1,0,120,,,,,473.10543,M+Na,+,1,0,60,,,,,468.15004,M+NH4,+,1,0,60,,,,,449.10893,M-H,-,1,0,60,,,
Copalyl diphosphate,XIC,eTargetCompound,C20H36O7P2,,,ESI,5000,,0,,451.2009,M+H,+,1,0,120,,,,,473.18285,M+Na,+,1,0,60,,,,,468.22745,M+NH4,+,1,0,60,,,,,449.18635,M-H,-,1,0,60,,,
ent-Copalyl diphosphate,XIC,eTargetCompound,C20H36O7P2,,,ESI,5000,,0,,451.2009,M+H,+,1,0,120,,,,,473.18285,M+Na,+,1,0,60,,,,,468.22745,M+NH4,+,1,0,60,,,,,449.18635,M-H,-,1,0,60,,,
syn-Copalyl diphosphate,XIC,eTargetCompound,C20H36O7P2,,,ESI,5000,,0,,451.2009,M+H,+,1,0,120,,,,,473.18285,M+Na,+,1,0,60,,,,,468.22745,M+NH4,+,1,0,60,,,,,449.18635,M-H,-,1,0,60,,,
"trans,trans,cis-Geranylgeranyl diphosphate",XIC,eTargetCompound,C20H36O7P2,,,ESI,5000,,0,,451.2009,M+H,+,1,0,120,,,,,473.18285,M+Na,+,1,0,60,,,,,468.22745,M+NH4,+,1,0,60,,,,,449.18635,M-H,-,1,0,60,,,
"3alpha,7alpha,12alpha-Trihydroxy-5beta-cholestanoate",XIC,eTargetCompound,C27H46O5,,,ESI,5000,,0,,451.3418,M+H,+,1,0,120,,,,,473.32375,M+Na,+,1,0,60,,,,,468.36835,M+NH4,+,1,0,60,,,,,449.32725,M-H,-,1,0,60,,,
Phylloquinone,XIC,eTargetCompound,C31H46O2,,,ESI,5000,,0,,451.35706,M+H,+,1,0,120,,,,,473.339,M+Na,+,1,0,60,,,,,468.38361,M+NH4,+,1,0,60,,,,,449.3425,M-H,-,1,0,60,,,
6-Deoxocastasterone,XIC,eTargetCompound,C28H50O4,,,ESI,5000,,0,,451.37819,M+H,+,1,0,120,,,,,473.36013,M+Na,+,1,0,60,,,,,468.40474,M+NH4,+,1,0,60,,,,,449.36363,M-H,-,1,0,60,,,
5-methylsulfinylpentyl glucosinolate,XIC,eTargetCompound,C13H25NO10S3,,,ESI,5000,,0,,452.07133,M+H,+,1,0,120,,,,,474.05328,M+Na,+,1,0,60,,,,,469.09788,M+NH4,+,1,0,60,,,,,450.05678,M-H,-,1,0,60,,,
Formylmethionyl-leucyl-phenylalanine methyl ester,XIC,eTargetCompound,C22H33N3O5S,,,ESI,5000,,0,,452.22137,M+H,+,1,0,120,,,,,474.20331,M+Na,+,1,0,60,,,,,469.24792,M+NH4,+,1,0,60,,,,,450.20682,M-H,-,1,0,60,,,
3'-Demethylstaurosporine,XIC,eTargetCompound,C27H24N4O3,,,ESI,5000,,0,,453.19212,M+H,+,1,0,120,,,,,475.17406,M+Na,+,1,0,60,,,,,470.21867,M+NH4,+,1,0,60,,,,,451.17756,M-H,-,1,0,60,,,
Hoechst 33342,XIC,eTargetCompound,C27H28N6O,,,ESI,5000,,0,,453.23974,M+H,+,1,0,120,,,,,475.22168,M+Na,+,1,0,60,,,,,470.26629,M+NH4,+,1,0,60,,,,,451.22518,M-H,-,1,0,60,,,
DIDS,XIC,eTargetCompound,C16H10N2O6S4,,,ESI,5000,,0,,454.94945,M+H,+,1,0,120,,,,,476.93139,M+Na,+,1,0,60,,,,,471.97599,M+NH4,+,1,0,60,,,,,452.93489,M-H,-,1,0,60,,,
1-(5'-Phosphoribosyl)-5-amino-4-(N-succinocarboxamide)-imidazole,XIC,eTargetCompound,C13H19N4O12P,,,ESI,5000,,0,,455.08098,M+H,+,1,0,120,,,,,477.06293,M+Na,+,1,0,60,,,,,472.10753,M+NH4,+,1,0,60,,,,,453.06643,M-H,-,1,0,60,,,
NH001_HMG_CoA,XIC,eTargetCompound,,,,None,0,,,,,,,,,,,,,,,,,,,,,,,,,,,,,,,,,,453.5818,M-,-,1,0,30,,,
"[FA hydroxy(20:4)] 5S,20-dihydroxy,6R-(S-cysteinyl),7E,9E,11Z,14Z-eicosatetraenoic acid",XIC,eTargetCompound,C23H37NO6S,,,ESI,5000,,0,,456.24144,M+H,+,1,0,120,,,,,478.22338,M+Na,+,1,0,60,,,,,473.26798,M+NH4,+,1,0,60,,,,,454.22688,M-H,-,1,0,60,,,
Riboflavin monophosphate,XIC,eTargetCompound,C17H21N4O9P,,,ESI,5000,,0,,457.11189,M+H,+,1,0,120,,,,,479.09384,M+Na,+,1,0,60,,,,,474.13844,M+NH4,+,1,0,60,,,,,455.09734,M-H,-,1,0,60,,,
"5,10-Methenyltetrahydrofolate",XIC,eTargetCompound,C20H22N7O6,,,ESI,5000,,0,,457.17043,M+H,+,1,0,120,,,,,479.15238,M+Na,+,1,0,60,,,,,474.19698,M+NH4,+,1,0,60,,,,,455.15588,M-H,-,1,0,60,,,
Vindoline,XIC,eTargetCompound,C25H32N2O6,,,ESI,5000,,0,,457.23331,M+H,+,1,0,120,,,,,479.21526,M+Na,+,1,0,60,,,,,474.25986,M+NH4,+,1,0,60,,,,,455.21876,M-H,-,1,0,60,,,
"[PR tetramethyl(4:0/16:1/2:0)] 3R,7R,11R,15-tetramethyl-2E-hexadecen-1-ol diphosphate",XIC,eTargetCompound,C20H42O7P2,,,ESI,5000,,0,,457.24785,M+H,+,1,0,120,,,,,479.2298,M+Na,+,1,0,60,,,,,474.2744,M+NH4,+,1,0,60,,,,,455.2333,M-H,-,1,0,60,,,
Ursolic acid,XIC,eTargetCompound,C30H48O3,,,ESI,5000,,0,,457.36762,M+H,+,1,0,120,,,,,479.34957,M+Na,+,1,0,60,,,,,474.39417,M+NH4,+,1,0,60,,,,,455.35307,M-H,-,1,0,60,,,
(R)-Amygdalin,XIC,eTargetCompound,C20H27NO11,,,ESI,5000,,0,,458.16569,M+H,+,1,0,120,,,,,480.14763,M+Na,+,1,0,60,,,,,475.19224,M+NH4,+,1,0,60,,,,,456.15113,M-H,-,1,0,60,,,
"5,10-Methylenetetrahydrofolate",XIC,eTargetCompound,C20H23N7O6,,,ESI,5000,,0,,458.17826,M+H,+,1,0,120,,,,,480.1602,M+Na,+,1,0,60,,,,,475.20481,M+NH4,+,1,0,60,,,,,456.1637,M-H,-,1,0,60,,,
O-Demethylpuromycin,XIC,eTargetCompound,C21H27N7O5,,,ESI,5000,,0,,458.21464,M+H,+,1,0,120,,,,,480.19659,M+Na,+,1,0,60,,,,,475.24119,M+NH4,+,1,0,60,,,,,456.20009,M-H,-,1,0,60,,,
Epigallocatechin gallate  (EGCG),XIC,eTargetCompound,C22H18O11,,,ESI,5000,,0,,459.09219,M+H,+,1,0,120,,,,,481.07413,M+Na,+,1,0,60,,,,,476.11874,M+NH4,+,1,0,60,,,,,457.07763,M-H,-,1,0,60,,,
Reduced FMN,XIC,eTargetCompound,C17H23N4O9P,,,ESI,5000,,0,,459.12754,M+H,+,1,0,120,,,,,481.10949,M+Na,+,1,0,60,,,,,476.15409,M+NH4,+,1,0,60,,,,,457.11299,M-H,-,1,0,60,,,
Fumagillin,XIC,eTargetCompound,C26H34O7,,,ESI,5000,,0,,459.23773,M+H,+,1,0,120,,,,,481.21967,M+Na,+,1,0,60,,,,,476.26428,M+NH4,+,1,0,60,,,,,457.22318,M-H,-,1,0,60,,,
Soyasapogenol B,XIC,eTargetCompound,C30H50O3,,,ESI,5000,,0,,459.38327,M+H,+,1,0,120,,,,,481.36522,M+Na,+,1,0,60,,,,,476.40982,M+NH4,+,1,0,60,,,,,457.36872,M-H,-,1,0,60,,,
"4-Deoxy-beta-D-gluc-4-enuronosyl-(1,3)-N-acetyl-D-galactosamine 4-sulfate",XIC,eTargetCompound,C14H21NO14S,,,ESI,5000,,0,,460.07555,M+H,+,1,0,120,,,,,482.0575,M+Na,+,1,0,60,,,,,477.1021,M+NH4,+,1,0,60,,,,,458.061,M-H,-,1,0,60,,,
"4-Deoxy-beta-D-gluc-4-enuronosyl-(1,3)-N-acetyl-D-galactosamine 6-sulfate",XIC,eTargetCompound,C14H21NO14S,,,ESI,5000,,0,,460.07555,M+H,+,1,0,120,,,,,482.0575,M+Na,+,1,0,60,,,,,477.1021,M+NH4,+,1,0,60,,,,,458.061,M-H,-,1,0,60,,,
5-Methyltetrahydrofolic acid,XIC,eTargetCompound,C20H25N7O6,,,ESI,5000,,0,,460.19391,M+H,+,1,0,120,,,,,482.17585,M+Na,+,1,0,60,,,,,477.22046,M+NH4,+,1,0,60,,,,,458.17935,M-H,-,1,0,60,,,
Barbamide,XIC,eTargetCompound,C20H23N2O2Cl3S,,,ESI,5000,,0,,461.06186,M+H,+,1,0,120,,,,,483.0438,M+Na,+,1,0,60,,,,,478.08841,M+NH4,+,1,0,60,,,,,459.04731,M-H,-,1,0,60,,,
CDP-N-methylethanolamine,XIC,eTargetCompound,C12H22N4O11P2,,,ESI,5000,,0,,461.08331,M+H,+,1,0,120,,,,,483.06525,M+Na,+,1,0,60,,,,,478.10986,M+NH4,+,1,0,60,,,,,459.06875,M-H,-,1,0,60,,,
D-Glucosylsphingosine,XIC,eTargetCompound,C24H47NO7,,,ESI,5000,,0,,462.34253,M+H,+,1,0,120,,,,,484.32447,M+Na,+,1,0,60,,,,,479.36908,M+NH4,+,1,0,60,,,,,460.32798,M-H,-,1,0,60,,,
"Quercetin 3,3'-bissulfate",XIC,eTargetCompound,C15H10O13S2,,,ESI,5000,,0,,462.96356,M+H,+,1,0,120,,,,,484.9455,M+Na,+,1,0,60,,,,,479.99011,M+NH4,+,1,0,60,,,,,460.949,M-H,-,1,0,60,,,
"Quercetin 3,4'-bissulfate",XIC,eTargetCompound,C15H10O13S2,,,ESI,5000,,0,,462.96356,M+H,+,1,0,120,,,,,484.9455,M+Na,+,1,0,60,,,,,479.99011,M+NH4,+,1,0,60,,,,,460.949,M-H,-,1,0,60,,,
Luteolin 7-O-glucuronide,XIC,eTargetCompound,C21H18O12,,,ESI,5000,,0,,463.0871,M+H,+,1,0,120,,,,,485.06905,M+Na,+,1,0,60,,,,,480.11365,M+NH4,+,1,0,60,,,,,461.07255,M-H,-,1,0,60,,,
Scutellarin,XIC,eTargetCompound,C21H18O12,,,ESI,5000,,0,,463.0871,M+H,+,1,0,120,,,,,485.06905,M+Na,+,1,0,60,,,,,480.11365,M+NH4,+,1,0,60,,,,,461.07255,M-H,-,1,0,60,,,
Farnesyl triphosphate,XIC,eTargetCompound,C15H29O10P3,,,ESI,5000,,0,,463.10463,M+H,+,1,0,120,,,,,485.08658,M+Na,+,1,0,60,,,,,480.13118,M+NH4,+,1,0,60,,,,,461.09008,M-H,-,1,0,60,,,
Isoscoparine,XIC,eTargetCompound,C22H22O11,,,ESI,5000,,0,,463.12349,M+H,+,1,0,120,,,,,485.10543,M+Na,+,1,0,60,,,,,480.15004,M+NH4,+,1,0,60,,,,,461.10893,M-H,-,1,0,60,,,
Peonidin 3-O-glucoside,XIC,eTargetCompound,C22H22O11,,,ESI,5000,,0,,463.12349,M+H,+,1,0,120,,,,,485.10543,M+Na,+,1,0,60,,,,,480.15004,M+NH4,+,1,0,60,,,,,461.10893,M-H,-,1,0,60,,,
6-Dehydrotestosteroneglucuronide,XIC,eTargetCompound,C25H34O8,,,ESI,5000,,0,,463.23264,M+H,+,1,0,120,,,,,485.21459,M+Na,+,1,0,60,,,,,480.25919,M+NH4,+,1,0,60,,,,,461.21809,M-H,-,1,0,60,,,
10-Desacetyltaxuyunnanin C,XIC,eTargetCompound,C26H38O7,,,ESI,5000,,0,,463.26903,M+H,+,1,0,120,,,,,485.25097,M+Na,+,1,0,60,,,,,480.29558,M+NH4,+,1,0,60,,,,,461.25448,M-H,-,1,0,60,,,
Retinylbeta-glucuronide,XIC,eTargetCompound,C26H38O7,,,ESI,5000,,0,,463.26903,M+H,+,1,0,120,,,,,485.25097,M+Na,+,1,0,60,,,,,480.29558,M+NH4,+,1,0,60,,,,,461.25448,M-H,-,1,0,60,,,
3-Dehydroecdysone,XIC,eTargetCompound,C27H42O6,,,ESI,5000,,0,,463.30542,M+H,+,1,0,120,,,,,485.28736,M+Na,+,1,0,60,,,,,480.33196,M+NH4,+,1,0,60,,,,,461.29086,M-H,-,1,0,60,,,
Chondroitinsulfate,XIC,eTargetCompound,C13H21NO15S,,,ESI,5000,,0,,464.07047,M+H,+,1,0,120,,,,,486.05241,M+Na,+,1,0,60,,,,,481.09702,M+NH4,+,1,0,60,,,,,462.05591,M-H,-,1,0,60,,,
"N6-(1,2-Dicarboxyethyl)-AMP",XIC,eTargetCompound,C14H18N5O11P,,,ESI,5000,,0,,464.08132,M+H,+,1,0,120,,,,,486.06326,M+Na,+,1,0,60,,,,,481.10787,M+NH4,+,1,0,60,,,,,462.06677,M-H,-,1,0,60,,,
AA003_Adenylosuccinate,XIC,eTargetCompound,,,,None,0,,,,,,,,,,,,,,,,,,,,,,,,,,,,,,,,,,462.0668,M-,-,1,39.28,30,,,
Lysosomal-enzyme N-acetyl-D-glucosaminyl-phospho-D-mannose,XIC,eTargetCompound,C14H26NO14P,,,ESI,5000,,0,,464.11637,M+H,+,1,0,120,,,,,486.09831,M+Na,+,1,0,60,,,,,481.14292,M+NH4,+,1,0,60,,,,,462.10181,M-H,-,1,0,60,,,
Bracteatin 6-O-glucoside,XIC,eTargetCompound,C21H20O12,,,ESI,5000,,0,,465.10275,M+H,+,1,0,120,,,,,487.0847,M+Na,+,1,0,60,,,,,482.1293,M+NH4,+,1,0,60,,,,,463.0882,M-H,-,1,0,60,,,
Delphinidin 3-O-glucoside,XIC,eTargetCompound,C21H20O12,,,ESI,5000,,0,,465.10275,M+H,+,1,0,120,,,,,487.0847,M+Na,+,1,0,60,,,,,482.1293,M+NH4,+,1,0,60,,,,,463.0882,M-H,-,1,0,60,,,
Quercetin 3-O-glucoside,XIC,eTargetCompound,C21H20O12,,,ESI,5000,,0,,465.10275,M+H,+,1,0,120,,,,,487.0847,M+Na,+,1,0,60,,,,,482.1293,M+NH4,+,1,0,60,,,,,463.0882,M-H,-,1,0,60,,,
Quercetin-3-beta-D-glucoside; Isoquercitrin,XIC,eTargetCompound,C21H20O12,,,ESI,5000,,0,,465.10275,M+H,+,1,0,120,,,,,487.0847,M+Na,+,1,0,60,,,,,482.1293,M+NH4,+,1,0,60,,,,,463.0882,M-H,-,1,0,60,,,
"[ST (3:0)] estra-1,3,5(10)-triene-3,16alpha,17beta-triol 16-D-glucuronide",XIC,eTargetCompound,C24H32O9,,,ESI,5000,,0,,465.21191,M+H,+,1,0,120,,,,,487.19385,M+Na,+,1,0,60,,,,,482.23846,M+NH4,+,1,0,60,,,,,463.19736,M-H,-,1,0,60,,,
15-hydroxynorandrostene-3-17-dioneglucuronide,XIC,eTargetCompound,C24H32O9,,,ESI,5000,,0,,465.21191,M+H,+,1,0,120,,,,,487.19385,M+Na,+,1,0,60,,,,,482.23846,M+NH4,+,1,0,60,,,,,463.19736,M-H,-,1,0,60,,,
16-alpha-17-beta-estriol17-beta-D-glucuronide,XIC,eTargetCompound,C24H32O9,,,ESI,5000,,0,,465.21191,M+H,+,1,0,120,,,,,487.19385,M+Na,+,1,0,60,,,,,482.23846,M+NH4,+,1,0,60,,,,,463.19736,M-H,-,1,0,60,,,
Estriol-17-glucuronide,XIC,eTargetCompound,C24H32O9,,,ESI,5000,,0,,465.21191,M+H,+,1,0,120,,,,,487.19385,M+Na,+,1,0,60,,,,,482.23846,M+NH4,+,1,0,60,,,,,463.19736,M-H,-,1,0,60,,,
Estriol-3-glucuronide,XIC,eTargetCompound,C24H32O9,,,ESI,5000,,0,,465.21191,M+H,+,1,0,120,,,,,487.19385,M+Na,+,1,0,60,,,,,482.23846,M+NH4,+,1,0,60,,,,,463.19736,M-H,-,1,0,60,,,
[ST hydrox] 17beta-hydroxyandrost-4-en-3-one 3-D-glucuronide,XIC,eTargetCompound,C25H36O8,,,ESI,5000,,0,,465.24829,M+H,+,1,0,120,,,,,487.23024,M+Na,+,1,0,60,,,,,482.27484,M+NH4,+,1,0,60,,,,,463.23374,M-H,-,1,0,60,,,
Dehydroepiandrosterone3-glucuronide,XIC,eTargetCompound,C25H36O8,,,ESI,5000,,0,,465.24829,M+H,+,1,0,120,,,,,487.23024,M+Na,+,1,0,60,,,,,482.27484,M+NH4,+,1,0,60,,,,,463.23374,M-H,-,1,0,60,,,
Dehydroisoandrosterone3-glucuronide,XIC,eTargetCompound,C25H36O8,,,ESI,5000,,0,,465.24829,M+H,+,1,0,120,,,,,487.23024,M+Na,+,1,0,60,,,,,482.27484,M+NH4,+,1,0,60,,,,,463.23374,M-H,-,1,0,60,,,
Ecdysone,XIC,eTargetCompound,C27H44O6,,,ESI,5000,,0,,465.32107,M+H,+,1,0,120,,,,,487.30301,M+Na,+,1,0,60,,,,,482.34761,M+NH4,+,1,0,60,,,,,463.30651,M-H,-,1,0,60,,,
Castasterone,XIC,eTargetCompound,C28H48O5,,,ESI,5000,,0,,465.35745,M+H,+,1,0,120,,,,,487.3394,M+Na,+,1,0,60,,,,,482.384,M+NH4,+,1,0,60,,,,,463.3429,M-H,-,1,0,60,,,
Tritriacontane,XIC,eTargetCompound,C33H68,,,ESI,5000,,0,,465.53938,M+H,+,1,0,120,,,,,487.52132,M+Na,+,1,0,60,,,,,482.56593,M+NH4,+,1,0,60,,,,,463.52483,M-H,-,1,0,60,,,
Glycocholic acid ,XIC,eTargetCompound,C26H43NO6,,,ESI,5000,,0,,466.31631,M+H,+,1,0,120,,,,,488.29826,M+Na,+,1,0,60,,,,,483.34286,M+NH4,+,1,0,60,,,,,464.30176,M-H,-,1,0,60,,,
LysoSM(d18:1),XIC,eTargetCompound,C23H50N2O5P,,,ESI,5000,,0,,466.35301,M+H,+,1,0,120,,,,,488.33496,M+Na,+,1,0,60,,,,,483.37956,M+NH4,+,1,0,60,,,,,464.33846,M-H,-,1,0,60,,,
N-Adenylylanthranilate,XIC,eTargetCompound,C17H19N6O8P,,,ESI,5000,,0,,467.10747,M+H,+,1,0,120,,,,,489.08942,M+Na,+,1,0,60,,,,,484.13402,M+NH4,+,1,0,60,,,,,465.09292,M-H,-,1,0,60,,,
Quercetin 7-O-glucoside,XIC,eTargetCompound,C21H22O12,,,ESI,5000,,0,,467.1184,M+H,+,1,0,120,,,,,489.10035,M+Na,+,1,0,60,,,,,484.14495,M+NH4,+,1,0,60,,,,,465.10385,M-H,-,1,0,60,,,
Staurosporine,XIC,eTargetCompound,C28H26N4O3,,,ESI,5000,,0,,467.20777,M+H,+,1,0,120,,,,,489.18971,M+Na,+,1,0,60,,,,,484.23432,M+NH4,+,1,0,60,,,,,465.19321,M-H,-,1,0,60,,,
Dolichylb-D-glucosylphosphate,XIC,eTargetCompound,C21H39O9P,,,ESI,5000,,0,,467.24045,M+H,+,1,0,120,,,,,489.22239,M+Na,+,1,0,60,,,,,484.26699,M+NH4,+,1,0,60,,,,,465.22589,M-H,-,1,0,60,,,
[ST hydrox] 3alpha-hydroxy-5beta-androstan-17-one 3-D-glucuronide,XIC,eTargetCompound,C25H38O8,,,ESI,5000,,0,,467.26394,M+H,+,1,0,120,,,,,489.24589,M+Na,+,1,0,60,,,,,484.29049,M+NH4,+,1,0,60,,,,,465.24939,M-H,-,1,0,60,,,
3-alpha-hydroxy-5-alpha-androstane-17-one3-D-glucuronide,XIC,eTargetCompound,C25H38O8,,,ESI,5000,,0,,467.26394,M+H,+,1,0,120,,,,,489.24589,M+Na,+,1,0,60,,,,,484.29049,M+NH4,+,1,0,60,,,,,465.24939,M-H,-,1,0,60,,,
5-a-Dihydrotestosterone glucuronide,XIC,eTargetCompound,C25H38O8,,,ESI,5000,,0,,467.26394,M+H,+,1,0,120,,,,,489.24589,M+Na,+,1,0,60,,,,,484.29049,M+NH4,+,1,0,60,,,,,465.24939,M-H,-,1,0,60,,,
5-alpha-Dihydrotestosteroneglucuronide,XIC,eTargetCompound,C25H38O8,,,ESI,5000,,0,,467.26394,M+H,+,1,0,120,,,,,489.24589,M+Na,+,1,0,60,,,,,484.29049,M+NH4,+,1,0,60,,,,,465.24939,M-H,-,1,0,60,,,
Androsterone glucuronide; ADT-G,XIC,eTargetCompound,C25H38O8,,,ESI,5000,,0,,467.26394,M+H,+,1,0,120,,,,,489.24589,M+Na,+,1,0,60,,,,,484.29049,M+NH4,+,1,0,60,,,,,465.24939,M-H,-,1,0,60,,,
Vitamin K epoxide,XIC,eTargetCompound,C31H46O3,,,ESI,5000,,0,,467.35197,M+H,+,1,0,120,,,,,489.33392,M+Na,+,1,0,60,,,,,484.37852,M+NH4,+,1,0,60,,,,,465.33742,M-H,-,1,0,60,,,
6alpha-Hydroxy-castasterone,XIC,eTargetCompound,C28H50O5,,,ESI,5000,,0,,467.3731,M+H,+,1,0,120,,,,,489.35505,M+Na,+,1,0,60,,,,,484.39965,M+NH4,+,1,0,60,,,,,465.35855,M-H,-,1,0,60,,,
ND006_dCTP,XIC,eTargetCompound,,,,None,0,,,,,,,,,,,,,,,,,,,,,,,,,,,,,,,,,,465.9823,M-,-,1,34.38,60,,,
Deoxycytidine triphosphate; dCTP,XIC,eTargetCompound,C9H16N3O13P3,,,ESI,5000,,0,,467.99687,M+H,+,1,0,120,,,,,489.97882,M+Na,+,1,0,60,,,,,485.02342,M+NH4,+,1,0,60,,,,,465.98232,M-H,-,1,0,60,,,
2-Deoxyuridine-5-triphosphate,XIC,eTargetCompound,C9H15N2O14P3,,,ESI,5000,,0,,468.98089,M+H,+,1,0,120,,,,,490.96283,M+Na,+,1,0,60,,,,,486.00744,M+NH4,+,1,0,60,,,,,466.96634,M-H,-,1,0,60,,,
2-(alpha-Hydroxyethyl)thiamine diphosphate,XIC,eTargetCompound,C14H22N4O8P2S,,,ESI,5000,,0,,469.07063,M+H,+,1,0,120,,,,,491.05258,M+Na,+,1,0,60,,,,,486.09718,M+NH4,+,1,0,60,,,,,467.05608,M-H,-,1,0,60,,,
mersalyl acid,XIC,eTargetCompound,C13H16HgNO5,,,ESI,5000,,0,,469.08075,M+H,+,1,0,120,,,,,491.06269,M+Na,+,1,0,60,,,,,486.1073,M+NH4,+,1,0,60,,,,,467.0662,M-H,-,1,0,60,,,
D-Alanyl-alanyl-poly(glycerolphosphate),XIC,eTargetCompound,C12H26N2O13P2,,,ESI,5000,,0,,469.09829,M+H,+,1,0,120,,,,,491.08023,M+Na,+,1,0,60,,,,,486.12484,M+NH4,+,1,0,60,,,,,467.08373,M-H,-,1,0,60,,,
17-hydroxyandrostane-3-glucuronide,XIC,eTargetCompound,C25H40O8,,,ESI,5000,,0,,469.27959,M+H,+,1,0,120,,,,,491.26154,M+Na,+,1,0,60,,,,,486.30614,M+NH4,+,1,0,60,,,,,467.26504,M-H,-,1,0,60,,,
3-17-Androstanediolglucuronide,XIC,eTargetCompound,C25H40O8,,,ESI,5000,,0,,469.27959,M+H,+,1,0,120,,,,,491.26154,M+Na,+,1,0,60,,,,,486.30614,M+NH4,+,1,0,60,,,,,467.26504,M-H,-,1,0,60,,,
3-alpha-androstanediolglucuronide,XIC,eTargetCompound,C25H40O8,,,ESI,5000,,0,,469.27959,M+H,+,1,0,120,,,,,491.26154,M+Na,+,1,0,60,,,,,486.30614,M+NH4,+,1,0,60,,,,,467.26504,M-H,-,1,0,60,,,
3-Oxoglycyrrhetinate,XIC,eTargetCompound,C30H44O4,,,ESI,5000,,0,,469.33124,M+H,+,1,0,120,,,,,491.31318,M+Na,+,1,0,60,,,,,486.35779,M+NH4,+,1,0,60,,,,,467.31668,M-H,-,1,0,60,,,
Scymnol,XIC,eTargetCompound,C27H48O6,,,ESI,5000,,0,,469.35237,M+H,+,1,0,120,,,,,491.33431,M+Na,+,1,0,60,,,,,486.37891,M+NH4,+,1,0,60,,,,,467.33781,M-H,-,1,0,60,,,
3-Hydroxy-vitamin K,XIC,eTargetCompound,C31H48O3,,,ESI,5000,,0,,469.36762,M+H,+,1,0,120,,,,,491.34957,M+Na,+,1,0,60,,,,,486.39417,M+NH4,+,1,0,60,,,,,467.35307,M-H,-,1,0,60,,,
Indol-3-ylacetyl-myo-inositol L-arabinoside,XIC,eTargetCompound,C21H27NO11,,,ESI,5000,,0,,470.16569,M+H,+,1,0,120,,,,,492.14763,M+Na,+,1,0,60,,,,,487.19224,M+NH4,+,1,0,60,,,,,468.15113,M-H,-,1,0,60,,,
1-Phosphatidyl-1D-myo-inositol3-phosphate,XIC,eTargetCompound,C11H20O16P2,,,ESI,5000,,0,,471.02993,M+H,+,1,0,120,,,,,493.01188,M+Na,+,1,0,60,,,,,488.05648,M+NH4,+,1,0,60,,,,,469.01538,M-H,-,1,0,60,,,
D-Galactosyl-3-(N-acetyl-beta-D-galactosaminyl)-L-serine,XIC,eTargetCompound,C17H30N2O13,,,ESI,5000,,0,,471.18207,M+H,+,1,0,120,,,,,493.16401,M+Na,+,1,0,60,,,,,488.20861,M+NH4,+,1,0,60,,,,,469.16751,M-H,-,1,0,60,,,
Limonoate D-ring-lactone,XIC,eTargetCompound,C26H30O8,,,ESI,5000,,0,,471.20134,M+H,+,1,0,120,,,,,493.18329,M+Na,+,1,0,60,,,,,488.22789,M+NH4,+,1,0,60,,,,,469.18679,M-H,-,1,0,60,,,
Withanolide D,XIC,eTargetCompound,C28H38O6,,,ESI,5000,,0,,471.27412,M+H,+,1,0,120,,,,,493.25606,M+Na,+,1,0,60,,,,,488.30066,M+NH4,+,1,0,60,,,,,469.25956,M-H,-,1,0,60,,,
3alpha-Hydroxyglycyrrhetinate,XIC,eTargetCompound,C30H46O4,,,ESI,5000,,0,,471.34689,M+H,+,1,0,120,,,,,493.32883,M+Na,+,1,0,60,,,,,488.37344,M+NH4,+,1,0,60,,,,,469.33233,M-H,-,1,0,60,,,
Gypsogenin,XIC,eTargetCompound,C30H46O4,,,ESI,5000,,0,,471.34689,M+H,+,1,0,120,,,,,493.32883,M+Na,+,1,0,60,,,,,488.37344,M+NH4,+,1,0,60,,,,,469.33233,M-H,-,1,0,60,,,
CE(5:0),XIC,eTargetCompound,C32H54O2,,,ESI,5000,,0,,471.41966,M+H,+,1,0,120,,,,,493.4016,M+Na,+,1,0,60,,,,,488.44621,M+NH4,+,1,0,60,,,,,469.4051,M-H,-,1,0,60,,,
10-Formyldihydrofolate,XIC,eTargetCompound,C20H21N7O7,,,ESI,5000,,0,,472.15752,M+H,+,1,0,120,,,,,494.13947,M+Na,+,1,0,60,,,,,489.18407,M+NH4,+,1,0,60,,,,,470.14297,M-H,-,1,0,60,,,
Puromycin,XIC,eTargetCompound,C22H29N7O5,,,ESI,5000,,0,,472.23029,M+H,+,1,0,120,,,,,494.21224,M+Na,+,1,0,60,,,,,489.25684,M+NH4,+,1,0,60,,,,,470.21574,M-H,-,1,0,60,,,
5-Formiminotetrahydrofolate,XIC,eTargetCompound,C20H24N8O6,,,ESI,5000,,0,,473.18916,M+H,+,1,0,120,,,,,495.1711,M+Na,+,1,0,60,,,,,490.21571,M+NH4,+,1,0,60,,,,,471.1746,M-H,-,1,0,60,,,
deoxylimonate,XIC,eTargetCompound,C26H32O8,,,ESI,5000,,0,,473.21699,M+H,+,1,0,120,,,,,495.19894,M+Na,+,1,0,60,,,,,490.24354,M+NH4,+,1,0,60,,,,,471.20244,M-H,-,1,0,60,,,
"S-(2,4-Dinitrophenyl)glutathione",XIC,eTargetCompound,C16H19N5O10S,,,ESI,5000,,0,,474.09254,M+H,+,1,0,120,,,,,496.07448,M+Na,+,1,0,60,,,,,491.11909,M+NH4,+,1,0,60,,,,,472.07799,M-H,-,1,0,60,,,
10-Formyltetrahydrofolate,XIC,eTargetCompound,C20H23N7O7,,,ESI,5000,,0,,474.17317,M+H,+,1,0,120,,,,,496.15512,M+Na,+,1,0,60,,,,,491.19972,M+NH4,+,1,0,60,,,,,472.15862,M-H,-,1,0,60,,,
5-Formyltetrahydrofolate,XIC,eTargetCompound,C20H23N7O7,,,ESI,5000,,0,,474.17317,M+H,+,1,0,120,,,,,496.15512,M+Na,+,1,0,60,,,,,491.19972,M+NH4,+,1,0,60,,,,,472.15862,M-H,-,1,0,60,,,
Chicoric acid,XIC,eTargetCompound,C22H18O12,,,ESI,5000,,0,,475.0871,M+H,+,1,0,120,,,,,497.06905,M+Na,+,1,0,60,,,,,492.11365,M+NH4,+,1,0,60,,,,,473.07255,M-H,-,1,0,60,,,
Petromyzonol 24-sulfate,XIC,eTargetCompound,C24H42O7S,,,ESI,5000,,0,,475.2724,M+H,+,1,0,120,,,,,497.25435,M+Na,+,1,0,60,,,,,492.29895,M+NH4,+,1,0,60,,,,,473.25785,M-H,-,1,0,60,,,
Adenylylselenate,XIC,eTargetCompound,C10H14N5O10PSe,,,ESI,5000,,0,,475.97163,M+H,+,1,0,120,,,,,497.95357,M+Na,+,1,0,60,,,,,492.99818,M+NH4,+,1,0,60,,,,,473.95707,M-H,-,1,0,60,,,
"[ST methoxy,hydroxy(3:0)] 2-methoxy,3-hydroxy-estra-1,3,5(10)-trien-17-one 3-D-glucuronide",XIC,eTargetCompound,C25H32O9,,,ESI,5000,,0,,477.21191,M+H,+,1,0,120,,,,,499.19385,M+Na,+,1,0,60,,,,,494.23846,M+NH4,+,1,0,60,,,,,475.19736,M-H,-,1,0,60,,,
all-trans-Retinoyl-beta-glucuronide,XIC,eTargetCompound,C26H36O8,,,ESI,5000,,0,,477.24829,M+H,+,1,0,120,,,,,499.23024,M+Na,+,1,0,60,,,,,494.27484,M+NH4,+,1,0,60,,,,,475.23374,M-H,-,1,0,60,,,
Neoglucobrassicin,XIC,eTargetCompound,C17H21N2O10S2,,,ESI,5000,,0,,478.07104,M+H,+,1,0,120,,,,,500.05298,M+Na,+,1,0,60,,,,,495.09759,M+NH4,+,1,0,60,,,,,476.05648,M-H,-,1,0,60,,,
8-methylthiooctyl glucosinolate,XIC,eTargetCompound,C16H31NO9S3,,,ESI,5000,,0,,478.12337,M+H,+,1,0,120,,,,,500.10531,M+Na,+,1,0,60,,,,,495.14992,M+NH4,+,1,0,60,,,,,476.10882,M-H,-,1,0,60,,,
Gentamicin,XIC,eTargetCompound,C21H43N5O7,,,ESI,5000,,0,,478.32353,M+H,+,1,0,120,,,,,500.30547,M+Na,+,1,0,60,,,,,495.35007,M+NH4,+,1,0,60,,,,,476.30897,M-H,-,1,0,60,,,
"[ST methoxy(2:0)] 2-methoxy-estra-1,3,5(10)-triene-3,17beta-diol 3-D-glucuronide",XIC,eTargetCompound,C25H34O9,,,ESI,5000,,0,,479.22756,M+H,+,1,0,120,,,,,501.2095,M+Na,+,1,0,60,,,,,496.25411,M+NH4,+,1,0,60,,,,,477.21301,M-H,-,1,0,60,,,
4-Hydroxyandrostenedioneglucuronide,XIC,eTargetCompound,C25H34O9,,,ESI,5000,,0,,479.22756,M+H,+,1,0,120,,,,,501.2095,M+Na,+,1,0,60,,,,,496.25411,M+NH4,+,1,0,60,,,,,477.21301,M-H,-,1,0,60,,,
11-Oxo-androsteroneglucuronide,XIC,eTargetCompound,C25H36O9,,,ESI,5000,,0,,481.24321,M+H,+,1,0,120,,,,,503.22515,M+Na,+,1,0,60,,,,,498.26976,M+NH4,+,1,0,60,,,,,479.22866,M-H,-,1,0,60,,,
20-Hydroxyecdysone,XIC,eTargetCompound,C27H44O7,,,ESI,5000,,0,,481.31598,M+H,+,1,0,120,,,,,503.29792,M+Na,+,1,0,60,,,,,498.34253,M+NH4,+,1,0,60,,,,,479.30143,M-H,-,1,0,60,,,
"[ST hydroxy(4:0)] 2alpha,3alpha,22R,23R-tetrahydroxy-6,7-seco-5-campestano-6,7-lactone",XIC,eTargetCompound,C28H48O6,,,ESI,5000,,0,,481.35237,M+H,+,1,0,120,,,,,503.33431,M+Na,+,1,0,60,,,,,498.37891,M+NH4,+,1,0,60,,,,,479.33781,M-H,-,1,0,60,,,
Yersiniabactin,XIC,eTargetCompound,C21H27N3O4S3,,,ESI,5000,,0,,482.12364,M+H,+,1,0,120,,,,,504.10559,M+Na,+,1,0,60,,,,,499.15019,M+NH4,+,1,0,60,,,,,480.10909,M-H,-,1,0,60,,,
N-Acetylleukotriene E4,XIC,eTargetCompound,C25H39NO6S,,,ESI,5000,,0,,482.25709,M+H,+,1,0,120,,,,,504.23903,M+Na,+,1,0,60,,,,,499.28363,M+NH4,+,1,0,60,,,,,480.24253,M-H,-,1,0,60,,,
[SP (12:0)] N-(dodecanoyl)-sphing-4-enine,XIC,eTargetCompound,C30H59NO3,,,ESI,5000,,0,,482.45677,M+H,+,1,0,120,,,,,504.43872,M+Na,+,1,0,60,,,,,499.48332,M+NH4,+,1,0,60,,,,,480.44222,M-H,-,1,0,60,,,
Thymidine 5'-triphosphate,XIC,eTargetCompound,C10H17N2O14P3,,,ESI,5000,,0,,482.99654,M+H,+,1,0,120,,,,,504.97848,M+Na,+,1,0,60,,,,,500.02309,M+NH4,+,1,0,60,,,,,480.98199,M-H,-,1,0,60,,,
NT004_TTP,XIC,eTargetCompound,,,,None,0,,,,,,,,,,,,,,,,,,,,,,,,,,,,,,,,,,480.982,M-,-,1,42.83,60,,,
Silibinin,XIC,eTargetCompound,C25H22O10,,,ESI,5000,,0,,483.12857,M+H,+,1,0,120,,,,,505.11052,M+Na,+,1,0,60,,,,,500.15512,M+NH4,+,1,0,60,,,,,481.11402,M-H,-,1,0,60,,,
11-beta-hydroxyandrosterone-3-glucuronide,XIC,eTargetCompound,C25H38O9,,,ESI,5000,,0,,483.25886,M+H,+,1,0,120,,,,,505.2408,M+Na,+,1,0,60,,,,,500.28541,M+NH4,+,1,0,60,,,,,481.24431,M-H,-,1,0,60,,,
NC004_CTP,XIC,eTargetCompound,,,,None,0,,,,,,,,,,,,,,,,,,,,,,,,,,,,,,,,,,481.9772,M-,-,1,35.93,60,,,
CTP,XIC,eTargetCompound,C9H16N3O14P3,,,ESI,5000,,0,,483.99179,M+H,+,1,0,120,,,,,505.97373,M+Na,+,1,0,60,,,,,501.01834,M+NH4,+,1,0,60,,,,,481.97723,M-H,-,1,0,60,,,
Coenzyme M 7-mercaptoheptanoylthreonine-phosphate heterodisulfide,XIC,eTargetCompound,C13H26NO10PS3,,,ESI,5000,,0,,484.05292,M+H,+,1,0,120,,,,,506.03487,M+Na,+,1,0,60,,,,,501.07947,M+NH4,+,1,0,60,,,,,482.03837,M-H,-,1,0,60,,,
"(2,3-Dihydroxybenzoyl)adenylate",XIC,eTargetCompound,C17H18N5O10P,,,ESI,5000,,0,,484.0864,M+H,+,1,0,120,,,,,506.06835,M+Na,+,1,0,60,,,,,501.11295,M+NH4,+,1,0,60,,,,,482.07185,M-H,-,1,0,60,,,
[ST hydrox] N-(3alpha-hydroxy-5beta-cholan-24-oyl)-taurine,XIC,eTargetCompound,C26H45NO5S,,,ESI,5000,,0,,484.30912,M+H,+,1,0,120,,,,,506.29107,M+Na,+,1,0,60,,,,,501.33567,M+NH4,+,1,0,60,,,,,482.29457,M-H,-,1,0,60,,,
NU001_UTP,XIC,eTargetCompound,,,,None,0,,,,,,,,,,,,,,,,,,,,,,,,,,,,,,,,,,482.9612,M-,-,1,43.83,60,,,
UTP,XIC,eTargetCompound,C9H15N2O15P3,,,ESI,5000,,0,,484.9758,M+H,+,1,0,120,,,,,506.95775,M+Na,+,1,0,60,,,,,502.00235,M+NH4,+,1,0,60,,,,,482.96125,M-H,-,1,0,60,,,
"1-O,6-O-Digalloyl-beta-D-glucose",XIC,eTargetCompound,C20H20O14,,,ESI,5000,,0,,485.09258,M+H,+,1,0,120,,,,,507.07453,M+Na,+,1,0,60,,,,,502.11913,M+NH4,+,1,0,60,,,,,483.07803,M-H,-,1,0,60,,,
Kanamycin A,XIC,eTargetCompound,C18H36N4O11,,,ESI,5000,,0,,485.24533,M+H,+,1,0,120,,,,,507.22728,M+Na,+,1,0,60,,,,,502.27188,M+NH4,+,1,0,60,,,,,483.23078,M-H,-,1,0,60,,,
Kanamycin C,XIC,eTargetCompound,C18H36N4O11,,,ESI,5000,,0,,485.24533,M+H,+,1,0,120,,,,,507.22728,M+Na,+,1,0,60,,,,,502.27188,M+NH4,+,1,0,60,,,,,483.23078,M-H,-,1,0,60,,,
Geranylgeranyl Pyrophosphate,XIC,eTargetCompound,C20H42N2O7P2,,,ESI,5000,,0,,485.254,M+H,+,1,0,120,,,,,507.23595,M+Na,+,1,0,60,,,,,502.28055,M+NH4,+,1,0,60,,,,,483.23945,M-H,-,1,0,60,,,
Chlordecone,XIC,eTargetCompound,C10OCl10,,,ESI,5000,,0,,486.69072,M+H,+,1,0,120,,,,,508.67266,M+Na,+,1,0,60,,,,,503.71727,M+NH4,+,1,0,60,,,,,484.67616,M-H,-,1,0,60,,,
Mycothiol,XIC,eTargetCompound,C17H30N2O12S,,,ESI,5000,,0,,487.15922,M+H,+,1,0,120,,,,,509.14117,M+Na,+,1,0,60,,,,,504.18577,M+NH4,+,1,0,60,,,,,485.14467,M-H,-,1,0,60,,,
isonocardicin C,XIC,eTargetCompound,C23H26N4O8,,,ESI,5000,,0,,487.18234,M+H,+,1,0,120,,,,,509.16428,M+Na,+,1,0,60,,,,,504.20889,M+NH4,+,1,0,60,,,,,485.16779,M-H,-,1,0,60,,,
nocardicin C,XIC,eTargetCompound,C23H26N4O8,,,ESI,5000,,0,,487.18234,M+H,+,1,0,120,,,,,509.16428,M+Na,+,1,0,60,,,,,504.20889,M+NH4,+,1,0,60,,,,,485.16779,M-H,-,1,0,60,,,
Luciferyl sulfate,XIC,eTargetCompound,C26H21N3O5S,,,ESI,5000,,0,,488.12747,M+H,+,1,0,120,,,,,510.10941,M+Na,+,1,0,60,,,,,505.15402,M+NH4,+,1,0,60,,,,,486.11291,M-H,-,1,0,60,,,
myxothiazol,XIC,eTargetCompound,C25H33N3O3S2,,,ESI,5000,,0,,488.20361,M+H,+,1,0,120,,,,,510.18555,M+Na,+,1,0,60,,,,,505.23016,M+NH4,+,1,0,60,,,,,486.18906,M-H,-,1,0,60,,,
Citicoline; cytidine 5'diphosphocholine,XIC,eTargetCompound,C14H26N4O11P2,,,ESI,5000,,0,,489.11461,M+H,+,1,0,120,,,,,511.09655,M+Na,+,1,0,60,,,,,506.14116,M+NH4,+,1,0,60,,,,,487.10005,M-H,-,1,0,60,,,
Borrelidin,XIC,eTargetCompound,C28H43NO6,,,ESI,5000,,0,,490.31631,M+H,+,1,0,120,,,,,512.29826,M+Na,+,1,0,60,,,,,507.34286,M+NH4,+,1,0,60,,,,,488.30176,M-H,-,1,0,60,,,
L-2-Aminoadipate adenylate,XIC,eTargetCompound,C16H23N6O10P,,,ESI,5000,,0,,491.1286,M+H,+,1,0,120,,,,,513.11055,M+Na,+,1,0,60,,,,,508.15515,M+NH4,+,1,0,60,,,,,489.11405,M-H,-,1,0,60,,,
"O-1,4-alpha-L-Dihydrostreptosyl-streptidine 6-phosphate",XIC,eTargetCompound,C14H31N6O11P,,,ESI,5000,,0,,491.18612,M+H,+,1,0,120,,,,,513.16806,M+Na,+,1,0,60,,,,,508.21267,M+NH4,+,1,0,60,,,,,489.17157,M-H,-,1,0,60,,,
deoxylimononic acid D-ring-lactone,XIC,eTargetCompound,C26H34O9,,,ESI,5000,,0,,491.22756,M+H,+,1,0,120,,,,,513.2095,M+Na,+,1,0,60,,,,,508.25411,M+NH4,+,1,0,60,,,,,489.21301,M-H,-,1,0,60,,,
Deoxyadenosine triphosphate; dATP,XIC,eTargetCompound,C10H16N5O12P3,,,ESI,5000,,0,,492.00811,M+H,+,1,0,120,,,,,513.99005,M+Na,+,1,0,60,,,,,509.03466,M+NH4,+,1,0,60,,,,,489.99355,M-H,-,1,0,60,,,
ND004_dATP,XIC,eTargetCompound,,,,None,0,,,,,,,,,,,,,,,,,,,,,,,,,,,,,,,,,,489.9936,M-,-,1,40.12,60,,,
N2'-Acetylgentamicin C1a,XIC,eTargetCompound,C21H41N5O8,,,ESI,5000,,0,,492.30279,M+H,+,1,0,120,,,,,514.28473,M+Na,+,1,0,60,,,,,509.32934,M+NH4,+,1,0,60,,,,,490.28824,M-H,-,1,0,60,,,
2'-Deoxyinosine triphosphate (dITP),XIC,eTargetCompound,C10H15N4O13P3,,,ESI,5000,,0,,492.99212,M+H,+,1,0,120,,,,,514.97407,M+Na,+,1,0,60,,,,,510.01867,M+NH4,+,1,0,60,,,,,490.97757,M-H,-,1,0,60,,,
dITP,XIC,eTargetCompound,C10H15N4O13P3,,,ESI,5000,,0,,492.99212,M+H,+,1,0,120,,,,,514.97407,M+Na,+,1,0,60,,,,,510.01867,M+NH4,+,1,0,60,,,,,490.97757,M-H,-,1,0,60,,,
Carmine red; Carminic acid,XIC,eTargetCompound,C22H20O13,,,ESI,5000,,0,,493.09767,M+H,+,1,0,120,,,,,515.07961,M+Na,+,1,0,60,,,,,510.12422,M+NH4,+,1,0,60,,,,,491.08311,M-H,-,1,0,60,,,
Desoxycortone 21-D-glucoside,XIC,eTargetCompound,C27H40O8 ,,,ESI,5000,,0,,493.27959,M+H,+,1,0,120,,,,,515.26154,M+Na,+,1,0,60,,,,,510.30614,M+NH4,+,1,0,60,,,,,491.26504,M-H,-,1,0,60,,,
8-methylsulfinyloctyl glucosinolate,XIC,eTargetCompound,C16H31NO10S3,,,ESI,5000,,0,,494.11828,M+H,+,1,0,120,,,,,516.10023,M+Na,+,1,0,60,,,,,511.14483,M+NH4,+,1,0,60,,,,,492.10373,M-H,-,1,0,60,,,
N-Adenylyl-L-phenylalanine,XIC,eTargetCompound,C19H23N6O8P,,,ESI,5000,,0,,495.13877,M+H,+,1,0,120,,,,,517.12072,M+Na,+,1,0,60,,,,,512.16532,M+NH4,+,1,0,60,,,,,493.12422,M-H,-,1,0,60,,,
"2-Amino-4-hydroxy-6-(erythro-1,2,3-trihydroxypropyl)dihydropteridine triphosphate",XIC,eTargetCompound,C9H16N5O13P3,,,ESI,5000,,0,,496.00302,M+H,+,1,0,120,,,,,517.98497,M+Na,+,1,0,60,,,,,513.02957,M+NH4,+,1,0,60,,,,,493.98847,M-H,-,1,0,60,,,
Isopnetenyladenosine-5'-diphosphate,XIC,eTargetCompound,C15H23N5O10P2,,,ESI,5000,,0,,496.09929,M+H,+,1,0,120,,,,,518.08124,M+Na,+,1,0,60,,,,,513.12584,M+NH4,+,1,0,60,,,,,494.08474,M-H,-,1,0,60,,,
1-Palmitoylglycerophosphocholine,XIC,eTargetCompound,C24H50NO7P,,,ESI,5000,,0,,496.33977,M+H,+,1,0,120,,,,,518.32171,M+Na,+,1,0,60,,,,,513.36631,M+NH4,+,1,0,60,,,,,494.32521,M-H,-,1,0,60,,,
3-alpha-20-alpha-dihydroxy-5-beta-pregnane3-glucuronide,XIC,eTargetCompound,C27H44O8,,,ESI,5000,,0,,497.31089,M+H,+,1,0,120,,,,,519.29284,M+Na,+,1,0,60,,,,,514.33744,M+NH4,+,1,0,60,,,,,495.29634,M-H,-,1,0,60,,,
Pregnanediol-3-glucuronide,XIC,eTargetCompound,C27H44O8,,,ESI,5000,,0,,497.31089,M+H,+,1,0,120,,,,,519.29284,M+Na,+,1,0,60,,,,,514.33744,M+NH4,+,1,0,60,,,,,495.29634,M-H,-,1,0,60,,,
2'-Deoxy-5-hydroxymethylcytidine-5'-triphosphate,XIC,eTargetCompound,C10H18N3O14P3,,,ESI,5000,,0,,498.00744,M+H,+,1,0,120,,,,,519.98938,M+Na,+,1,0,60,,,,,515.03399,M+NH4,+,1,0,60,,,,,495.99288,M-H,-,1,0,60,,,
2-Methyl-1-hydroxypropyl-ThPP,XIC,eTargetCompound,C16H27N4O8P2S,,,ESI,5000,,0,,498.10976,M+H,+,1,0,120,,,,,520.0917,M+Na,+,1,0,60,,,,,515.13631,M+NH4,+,1,0,60,,,,,496.09521,M-H,-,1,0,60,,,
Validamycin A,XIC,eTargetCompound,C20H35NO13,,,ESI,5000,,0,,498.21812,M+H,+,1,0,120,,,,,520.20006,M+Na,+,1,0,60,,,,,515.24467,M+NH4,+,1,0,60,,,,,496.20356,M-H,-,1,0,60,,,
Bis-gamma-glutamylcystine,XIC,eTargetCompound,C16H26N4O10S2,,,ESI,5000,,0,,499.11631,M+H,+,1,0,120,,,,,521.09826,M+Na,+,1,0,60,,,,,516.14286,M+NH4,+,1,0,60,,,,,497.10176,M-H,-,1,0,60,,,
strictosamide,XIC,eTargetCompound,C26H30N2O8,,,ESI,5000,,0,,499.20749,M+H,+,1,0,120,,,,,521.18944,M+Na,+,1,0,60,,,,,516.23404,M+NH4,+,1,0,60,,,,,497.19294,M-H,-,1,0,60,,,
5-O-(Indol-3-ylacetyl-myo-inositol) D-galactoside,XIC,eTargetCompound,C22H29NO12,,,ESI,5000,,0,,500.17625,M+H,+,1,0,120,,,,,522.1582,M+Na,+,1,0,60,,,,,517.2028,M+NH4,+,1,0,60,,,,,498.1617,M-H,-,1,0,60,,,
N-Acetyl-O-demethylpuromycin,XIC,eTargetCompound,C23H29N7O6,,,ESI,5000,,0,,500.22521,M+H,+,1,0,120,,,,,522.20715,M+Na,+,1,0,60,,,,,517.25176,M+NH4,+,1,0,60,,,,,498.21065,M-H,-,1,0,60,,,
Taurochenodeoxycholic acid,XIC,eTargetCompound,C26H45NO6S,,,ESI,5000,,0,,500.30404,M+H,+,1,0,120,,,,,522.28598,M+Na,+,1,0,60,,,,,517.33058,M+NH4,+,1,0,60,,,,,498.28948,M-H,-,1,0,60,,,
Taurodeoxycholate,XIC,eTargetCompound,C26H45NO6S,,,ESI,5000,,0,,500.30404,M+H,+,1,0,120,,,,,522.28598,M+Na,+,1,0,60,,,,,517.33058,M+NH4,+,1,0,60,,,,,498.28948,M-H,-,1,0,60,,,
Taurodeoxycholic acid; Deoxycholyltaurine,XIC,eTargetCompound,C26H45NO6S,,,ESI,5000,,0,,500.30404,M+H,+,1,0,120,,,,,522.28598,M+Na,+,1,0,60,,,,,517.33058,M+NH4,+,1,0,60,,,,,498.28948,M-H,-,1,0,60,,,
"1D-myo-Inositol 1,3,4,5-tetrakisphosphate",XIC,eTargetCompound,C6H16O18P4,,,ESI,5000,,0,,500.93599,M+H,+,1,0,120,,,,,522.91793,M+Na,+,1,0,60,,,,,517.96254,M+NH4,+,1,0,60,,,,,498.92143,M-H,-,1,0,60,,,
"1D-myo-Inositol 1,3,4,6-tetrakisphosphate",XIC,eTargetCompound,C6H16O18P4,,,ESI,5000,,0,,500.93599,M+H,+,1,0,120,,,,,522.91793,M+Na,+,1,0,60,,,,,517.96254,M+NH4,+,1,0,60,,,,,498.92143,M-H,-,1,0,60,,,
"1D-myo-Inositol 1,4,5,6-tetrakisphosphate",XIC,eTargetCompound,C6H16O18P4,,,ESI,5000,,0,,500.93599,M+H,+,1,0,120,,,,,522.91793,M+Na,+,1,0,60,,,,,517.96254,M+NH4,+,1,0,60,,,,,498.92143,M-H,-,1,0,60,,,
"1D-myo-Inositol 3,4,5,6-tetrakisphosphate",XIC,eTargetCompound,C6H16O18P4,,,ESI,5000,,0,,500.93599,M+H,+,1,0,120,,,,,522.91793,M+Na,+,1,0,60,,,,,517.96254,M+NH4,+,1,0,60,,,,,498.92143,M-H,-,1,0,60,,,
Isonocardicin A,XIC,eTargetCompound,C23H24N4O9,,,ESI,5000,,0,,501.1616,M+H,+,1,0,120,,,,,523.14355,M+Na,+,1,0,60,,,,,518.18815,M+NH4,+,1,0,60,,,,,499.14705,M-H,-,1,0,60,,,
Nocardicin A,XIC,eTargetCompound,C23H24N4O9,,,ESI,5000,,0,,501.1616,M+H,+,1,0,120,,,,,523.14355,M+Na,+,1,0,60,,,,,518.18815,M+NH4,+,1,0,60,,,,,499.14705,M-H,-,1,0,60,,,
D-Glucosaminide,XIC,eTargetCompound,C18H35N3O13,,,ESI,5000,,0,,502.22426,M+H,+,1,0,120,,,,,524.20621,M+Na,+,1,0,60,,,,,519.25081,M+NH4,+,1,0,60,,,,,500.20971,M-H,-,1,0,60,,,
Malonyldaidzin,XIC,eTargetCompound,C24H22O12,,,ESI,5000,,0,,503.1184,M+H,+,1,0,120,,,,,525.10035,M+Na,+,1,0,60,,,,,520.14495,M+NH4,+,1,0,60,,,,,501.10385,M-H,-,1,0,60,,,
Hypericin,XIC,eTargetCompound,C30H16O8,,,ESI,5000,,0,,505.09179,M+H,+,1,0,120,,,,,527.07374,M+Na,+,1,0,60,,,,,522.11834,M+NH4,+,1,0,60,,,,,503.07724,M-H,-,1,0,60,,,
1F-beta-D-Fructosylsucrose,XIC,eTargetCompound,C18H32O16,,,ESI,5000,,0,,505.17631,M+H,+,1,0,120,,,,,527.15826,M+Na,+,1,0,60,,,,,522.20286,M+NH4,+,1,0,60,,,,,503.16176,M-H,-,1,0,60,,,
6F-alpha-D-Galactosylsucrose,XIC,eTargetCompound,C18H32O16,,,ESI,5000,,0,,505.17631,M+H,+,1,0,120,,,,,527.15826,M+Na,+,1,0,60,,,,,522.20286,M+NH4,+,1,0,60,,,,,503.16176,M-H,-,1,0,60,,,
6-kestotriose,XIC,eTargetCompound,C18H32O16,,,ESI,5000,,0,,505.17631,M+H,+,1,0,120,,,,,527.15826,M+Na,+,1,0,60,,,,,522.20286,M+NH4,+,1,0,60,,,,,503.16176,M-H,-,1,0,60,,,
Cellotriose,XIC,eTargetCompound,C18H32O16,,,ESI,5000,,0,,505.17631,M+H,+,1,0,120,,,,,527.15826,M+Na,+,1,0,60,,,,,522.20286,M+NH4,+,1,0,60,,,,,503.16176,M-H,-,1,0,60,,,
D-Gal alpha 1->6D-Gal alpha 1->6D-Glucose,XIC,eTargetCompound,C18H32O16,,,ESI,5000,,0,,505.17631,M+H,+,1,0,120,,,,,527.15826,M+Na,+,1,0,60,,,,,522.20286,M+NH4,+,1,0,60,,,,,503.16176,M-H,-,1,0,60,,,
D-Raffinose;6G-alpha-D-Galactosylsucrose,XIC,eTargetCompound,C18H32O16,,,ESI,5000,,0,,505.17631,M+H,+,1,0,120,,,,,527.15826,M+Na,+,1,0,60,,,,,522.20286,M+NH4,+,1,0,60,,,,,503.16176,M-H,-,1,0,60,,,
laminarin,XIC,eTargetCompound,C18H32O16,,,ESI,5000,,0,,505.17631,M+H,+,1,0,120,,,,,527.15826,M+Na,+,1,0,60,,,,,522.20286,M+NH4,+,1,0,60,,,,,503.16176,M-H,-,1,0,60,,,
Maltotriose,XIC,eTargetCompound,C18H32O16,,,ESI,5000,,0,,505.17631,M+H,+,1,0,120,,,,,527.15826,M+Na,+,1,0,60,,,,,522.20286,M+NH4,+,1,0,60,,,,,503.16176,M-H,-,1,0,60,,,
Melezitose,XIC,eTargetCompound,C18H32O16,,,ESI,5000,,0,,505.17631,M+H,+,1,0,120,,,,,527.15826,M+Na,+,1,0,60,,,,,522.20286,M+NH4,+,1,0,60,,,,,503.16176,M-H,-,1,0,60,,,
"Phorbol 12,13-dibutanoate",XIC,eTargetCompound,C28H40O8,,,ESI,5000,,0,,505.27959,M+H,+,1,0,120,,,,,527.26154,M+Na,+,1,0,60,,,,,522.30614,M+NH4,+,1,0,60,,,,,503.26504,M-H,-,1,0,60,,,
Taxuyunnanin C,XIC,eTargetCompound,C28H40O8,,,ESI,5000,,0,,505.27959,M+H,+,1,0,120,,,,,527.26154,M+Na,+,1,0,60,,,,,522.30614,M+NH4,+,1,0,60,,,,,503.26504,M-H,-,1,0,60,,,
3'-Keto-3'-deoxy-ATP,XIC,eTargetCompound,C10H14N5O13P3,,,ESI,5000,,0,,505.98737,M+H,+,1,0,120,,,,,527.96932,M+Na,+,1,0,60,,,,,523.01392,M+NH4,+,1,0,60,,,,,503.97282,M-H,-,1,0,60,,,
Thiamin triphosphate,XIC,eTargetCompound,C12H20N4O10P3S,,,ESI,5000,,0,,506.01857,M+H,+,1,0,120,,,,,528.00052,M+Na,+,1,0,60,,,,,523.04512,M+NH4,+,1,0,60,,,,,504.00402,M-H,-,1,0,60,,,
AMP-PCP,XIC,eTargetCompound,C11H18N5O12P3,,,ESI,5000,,0,,506.02376,M+H,+,1,0,120,,,,,528.0057,M+Na,+,1,0,60,,,,,523.05031,M+NH4,+,1,0,60,,,,,504.0092,M-H,-,1,0,60,,,
Limonoate,XIC,eTargetCompound,C26H34O10,,,ESI,5000,,0,,507.22247,M+H,+,1,0,120,,,,,529.20442,M+Na,+,1,0,60,,,,,524.24902,M+NH4,+,1,0,60,,,,,505.20792,M-H,-,1,0,60,,,
11-Hydroxyprogesterone11-glucuronide,XIC,eTargetCompound,C27H38O9,,,ESI,5000,,0,,507.25886,M+H,+,1,0,120,,,,,529.2408,M+Na,+,1,0,60,,,,,524.28541,M+NH4,+,1,0,60,,,,,505.24431,M-H,-,1,0,60,,,
3'-Phosphoadenylyl sulfate,XIC,eTargetCompound,C10H15N5O13P2S,,,ESI,5000,,0,,507.99351,M+H,+,1,0,120,,,,,529.97545,M+Na,+,1,0,60,,,,,525.02005,M+NH4,+,1,0,60,,,,,505.97895,M-H,-,1,0,60,,,
AP009_PAPS,XIC,eTargetCompound,,,,None,0,,,,,,,,,,,,,,,,,,,,,,,,,,,,,,,,,,505.979,M-,-,1,46.99,60,,,
Adenosine triphosphate; ATP,XIC,eTargetCompound,C10H16N5O13P3,,,ESI,5000,,0,,508.00302,M+H,+,1,0,120,,,,,529.98497,M+Na,+,1,0,60,,,,,525.02957,M+NH4,+,1,0,60,,,,,505.98847,M-H,-,1,0,60,,,
dGTP (Deoxyguanosine 5'-triphosphate),XIC,eTargetCompound,C10H16N5O13P3,,,ESI,5000,,0,,508.00302,M+H,+,1,0,120,,,,,529.98497,M+Na,+,1,0,60,,,,,525.02957,M+NH4,+,1,0,60,,,,,505.98847,M-H,-,1,0,60,,,
2'-Inosine-5'-triphosphate (ITP),XIC,eTargetCompound,C10H15N4O14P3,,,ESI,5000,,0,,508.98704,M+H,+,1,0,120,,,,,530.96898,M+Na,+,1,0,60,,,,,526.01359,M+NH4,+,1,0,60,,,,,506.97248,M-H,-,1,0,60,,,
N-(Tetradecanoyl)-sphing-4-enine,XIC,eTargetCompound,C32H63NO3,,,ESI,5000,,0,,510.48807,M+H,+,1,0,120,,,,,532.47002,M+Na,+,1,0,60,,,,,527.51462,M+NH4,+,1,0,60,,,,,508.47352,M-H,-,1,0,60,,,
Gibberellin 2-O-beta-D-glucoside,XIC,eTargetCompound,C25H34O11,,,ESI,5000,,0,,511.21739,M+H,+,1,0,120,,,,,533.19933,M+Na,+,1,0,60,,,,,528.24394,M+NH4,+,1,0,60,,,,,509.20283,M-H,-,1,0,60,,,
trans-Zeatin riboside diphosphate,XIC,eTargetCompound,C15H23N5O11P2,,,ESI,5000,,0,,512.09421,M+H,+,1,0,120,,,,,534.07615,M+Na,+,1,0,60,,,,,529.12076,M+NH4,+,1,0,60,,,,,510.07965,M-H,-,1,0,60,,,
2-Methyl-1-hydroxybutyl-ThPP,XIC,eTargetCompound,C17H29N4O8P2S,,,ESI,5000,,0,,512.12541,M+H,+,1,0,120,,,,,534.10735,M+Na,+,1,0,60,,,,,529.15196,M+NH4,+,1,0,60,,,,,510.11086,M-H,-,1,0,60,,,
3-Methyl-1-hydroxybutyl-ThPP,XIC,eTargetCompound,C17H29N4O8P2S,,,ESI,5000,,0,,512.12541,M+H,+,1,0,120,,,,,534.10735,M+Na,+,1,0,60,,,,,529.15196,M+NH4,+,1,0,60,,,,,510.11086,M-H,-,1,0,60,,,
Raucaffricine,XIC,eTargetCompound,C27H32N2O8,,,ESI,5000,,0,,513.22314,M+H,+,1,0,120,,,,,535.20509,M+Na,+,1,0,60,,,,,530.24969,M+NH4,+,1,0,60,,,,,511.20859,M-H,-,1,0,60,,,
"2,5-Diamino-6-(5'-triphosphoryl-3',4'-trihydroxy-2'-oxopentyl)- amino-4-oxopyrimidine",XIC,eTargetCompound,C9H18N5O14P3,,,ESI,5000,,0,,514.01359,M+H,+,1,0,120,,,,,535.99553,M+Na,+,1,0,60,,,,,531.04014,M+NH4,+,1,0,60,,,,,511.99903,M-H,-,1,0,60,,,
"2,5-Diaminopyrimidine nucleoside triphosphate",XIC,eTargetCompound,C9H18N5O14P3,,,ESI,5000,,0,,514.01359,M+H,+,1,0,120,,,,,535.99553,M+Na,+,1,0,60,,,,,531.04014,M+NH4,+,1,0,60,,,,,511.99903,M-H,-,1,0,60,,,
N-Acetylpuromycin,XIC,eTargetCompound,C24H31N7O6,,,ESI,5000,,0,,514.24086,M+H,+,1,0,120,,,,,536.2228,M+Na,+,1,0,60,,,,,531.26741,M+NH4,+,1,0,60,,,,,512.2263,M-H,-,1,0,60,,,
[ST hydrox] N-(3alpha-hydroxy-5beta-cholan-24-oyl)-glycine 3-sulfate,XIC,eTargetCompound,C26H43NO7S,,,ESI,5000,,0,,514.2833,M+H,+,1,0,120,,,,,536.26524,M+Na,+,1,0,60,,,,,531.30985,M+NH4,+,1,0,60,,,,,512.26875,M-H,-,1,0,60,,,
S-Formylmycothiol,XIC,eTargetCompound,C18H30N2O13S,,,ESI,5000,,0,,515.15414,M+H,+,1,0,120,,,,,537.13608,M+Na,+,1,0,60,,,,,532.18069,M+NH4,+,1,0,60,,,,,513.13958,M-H,-,1,0,60,,,
Baohuoside I,XIC,eTargetCompound,C27H30O10,,,ESI,5000,,0,,515.19117,M+H,+,1,0,120,,,,,537.17312,M+Na,+,1,0,60,,,,,532.21772,M+NH4,+,1,0,60,,,,,513.17662,M-H,-,1,0,60,,,
AT001_Taurocholate,XIC,eTargetCompound,,,,None,0,,,,,,,,,,,,,,,,,,,,,,,,,,,,,,,,,,513.2765,M-,-,1,24.73,1,,,
Cucurbitacin I,XIC,eTargetCompound,C30H42O7,,,ESI,5000,,0,,515.30033,M+H,+,1,0,120,,,,,537.28227,M+Na,+,1,0,60,,,,,532.32688,M+NH4,+,1,0,60,,,,,513.28578,M-H,-,1,0,60,,,
Stigmatellin A,XIC,eTargetCompound,C30H42O7,,,ESI,5000,,0,,515.30033,M+H,+,1,0,120,,,,,537.28227,M+Na,+,1,0,60,,,,,532.32688,M+NH4,+,1,0,60,,,,,513.28578,M-H,-,1,0,60,,,
"3-D-Glucuronosyl-N2,6-disulfo-beta-D-glucosamine",XIC,eTargetCompound,C12H21NO17S2,,,ESI,5000,,0,,516.03237,M+H,+,1,0,120,,,,,538.01431,M+Na,+,1,0,60,,,,,533.05891,M+NH4,+,1,0,60,,,,,514.01781,M-H,-,1,0,60,,,
3-(ADP)-glycerate,XIC,eTargetCompound,C13H19N5O13P2,,,ESI,5000,,0,,516.05274,M+H,+,1,0,120,,,,,538.03468,M+Na,+,1,0,60,,,,,533.07928,M+NH4,+,1,0,60,,,,,514.03818,M-H,-,1,0,60,,,
Taurocholate,XIC,eTargetCompound,C26H45NO7S,,,ESI,5000,,0,,516.29895,M+H,+,1,0,120,,,,,538.28089,M+Na,+,1,0,60,,,,,533.3255,M+NH4,+,1,0,60,,,,,514.2844,M-H,-,1,0,60,,,
Taurohyocholate,XIC,eTargetCompound,C26H45NO7S,,,ESI,5000,,0,,516.29895,M+H,+,1,0,120,,,,,538.28089,M+Na,+,1,0,60,,,,,533.3255,M+NH4,+,1,0,60,,,,,514.2844,M-H,-,1,0,60,,,
Formononetin 7-O-glucoside-6''-O-malonate,XIC,eTargetCompound,C25H24O12,,,ESI,5000,,0,,517.13405,M+H,+,1,0,120,,,,,539.116,M+Na,+,1,0,60,,,,,534.1606,M+NH4,+,1,0,60,,,,,515.1195,M-H,-,1,0,60,,,
Dermatan,XIC,eTargetCompound,C18H30NO14S,,,ESI,5000,,0,,517.14598,M+H,+,1,0,120,,,,,539.12792,M+Na,+,1,0,60,,,,,534.17253,M+NH4,+,1,0,60,,,,,515.13142,M-H,-,1,0,60,,,
Apigenin 7-(6''-malonylglucoside),XIC,eTargetCompound,C24H22O13,,,ESI,5000,,0,,519.11332,M+H,+,1,0,120,,,,,541.09526,M+Na,+,1,0,60,,,,,536.13987,M+NH4,+,1,0,60,,,,,517.09876,M-H,-,1,0,60,,,
Malonylgenistin,XIC,eTargetCompound,C24H22O13,,,ESI,5000,,0,,519.11332,M+H,+,1,0,120,,,,,541.09526,M+Na,+,1,0,60,,,,,536.13987,M+NH4,+,1,0,60,,,,,517.09876,M-H,-,1,0,60,,,
Pelargonidin 3-O-(6-O-malonyl-beta-D-glucoside),XIC,eTargetCompound,C24H22O13,,,ESI,5000,,0,,519.11332,M+H,+,1,0,120,,,,,541.09526,M+Na,+,1,0,60,,,,,536.13987,M+NH4,+,1,0,60,,,,,517.09876,M-H,-,1,0,60,,,
Medicarpin 3-O-glucoside-6'-malonate,XIC,eTargetCompound,C25H26O12,,,ESI,5000,,0,,519.1497,M+H,+,1,0,120,,,,,541.13165,M+Na,+,1,0,60,,,,,536.17625,M+NH4,+,1,0,60,,,,,517.13515,M-H,-,1,0,60,,,
Poly-g-D-glutamate,XIC,eTargetCompound,C20H30N4O12,,,ESI,5000,,0,,519.1933,M+H,+,1,0,120,,,,,541.17524,M+Na,+,1,0,60,,,,,536.21985,M+NH4,+,1,0,60,,,,,517.17875,M-H,-,1,0,60,,,
Gossypol,XIC,eTargetCompound,C30H30O8,,,ESI,5000,,0,,519.20134,M+H,+,1,0,120,,,,,541.18329,M+Na,+,1,0,60,,,,,536.22789,M+NH4,+,1,0,60,,,,,517.18679,M-H,-,1,0,60,,,
all-trans-Pentaprenyl diphosphate,XIC,eTargetCompound,C25H44O7P2,,,ESI,5000,,0,,519.2635,M+H,+,1,0,120,,,,,541.24545,M+Na,+,1,0,60,,,,,536.29005,M+NH4,+,1,0,60,,,,,517.24895,M-H,-,1,0,60,,,
Cucurbitacin F,XIC,eTargetCompound,C30H46O7,,,ESI,5000,,0,,519.33163,M+H,+,1,0,120,,,,,541.31357,M+Na,+,1,0,60,,,,,536.35818,M+NH4,+,1,0,60,,,,,517.31708,M-H,-,1,0,60,,,
13-beta-D-Glucosyloxydocosanoate,XIC,eTargetCompound,C28H54O8,,,ESI,5000,,0,,519.38915,M+H,+,1,0,120,,,,,541.37109,M+Na,+,1,0,60,,,,,536.41569,M+NH4,+,1,0,60,,,,,517.37459,M-H,-,1,0,60,,,
1-Linoleoylglycerophosphocholine,XIC,eTargetCompound,C26H50NO7P,,,ESI,5000,,0,,520.33977,M+H,+,1,0,120,,,,,542.32171,M+Na,+,1,0,60,,,,,537.36631,M+NH4,+,1,0,60,,,,,518.32521,M-H,-,1,0,60,,,
4-(Cytidine 5'-diphospho)-2-C-methyl-D-erythritol,XIC,eTargetCompound,C14H25N3O14P2,,,ESI,5000,,0,,522.08845,M+H,+,1,0,120,,,,,544.0704,M+Na,+,1,0,60,,,,,539.115,M+NH4,+,1,0,60,,,,,520.0739,M-H,-,1,0,60,,,
1-Oleoylglycerophosphocholine,XIC,eTargetCompound,C26H52NO7P,,,ESI,5000,,0,,522.35542,M+H,+,1,0,120,,,,,544.33736,M+Na,+,1,0,60,,,,,539.38196,M+NH4,+,1,0,60,,,,,520.34086,M-H,-,1,0,60,,,
tween 20,XIC,eTargetCompound,C26H50O10,,,ESI,5000,,0,,523.34767,M+H,+,1,0,120,,,,,545.32962,M+Na,+,1,0,60,,,,,540.37422,M+NH4,+,1,0,60,,,,,521.33312,M-H,-,1,0,60,,,
Guanosine triphosphate (GTP),XIC,eTargetCompound,C10H16N5O14P3,,,ESI,5000,,0,,523.99794,M+H,+,1,0,120,,,,,545.97988,M+Na,+,1,0,60,,,,,541.02449,M+NH4,+,1,0,60,,,,,521.98338,M-H,-,1,0,60,,,
Deacetylipecoside,XIC,eTargetCompound,C25H33NO11,,,ESI,5000,,0,,524.21264,M+H,+,1,0,120,,,,,546.19458,M+Na,+,1,0,60,,,,,541.23919,M+NH4,+,1,0,60,,,,,522.19808,M-H,-,1,0,60,,,
Deacetylisoipecoside,XIC,eTargetCompound,C25H33NO11,,,ESI,5000,,0,,524.21264,M+H,+,1,0,120,,,,,546.19458,M+Na,+,1,0,60,,,,,541.23919,M+NH4,+,1,0,60,,,,,522.19808,M-H,-,1,0,60,,,
XTP,XIC,eTargetCompound,C10H15N4O15P3,,,ESI,5000,,0,,524.98195,M+H,+,1,0,120,,,,,546.9639,M+Na,+,1,0,60,,,,,542.0085,M+NH4,+,1,0,60,,,,,522.9674,M-H,-,1,0,60,,,
 all-trans-retinyl Palmitate,XIC,eTargetCompound,C36H60O2,,,ESI,5000,,0,,525.46661,M+H,+,1,0,120,,,,,547.44855,M+Na,+,1,0,60,,,,,542.49316,M+NH4,+,1,0,60,,,,,523.45205,M-H,-,1,0,60,,,
11-cis-Retinyl palmitate,XIC,eTargetCompound,C36H60O2,,,ESI,5000,,0,,525.46661,M+H,+,1,0,120,,,,,547.44855,M+Na,+,1,0,60,,,,,542.49316,M+NH4,+,1,0,60,,,,,523.45205,M-H,-,1,0,60,,,
"3,5-Diiodothyronine",XIC,eTargetCompound,C15H13I2NO4,,,ESI,5000,,0,,525.90067,M+H,+,1,0,120,,,,,547.88262,M+Na,+,1,0,60,,,,,542.92722,M+NH4,+,1,0,60,,,,,523.88612,M-H,-,1,0,60,,,
N6'-Acetylkanamycin-B,XIC,eTargetCompound,C20H39N5O11,,,ESI,5000,,0,,526.27188,M+H,+,1,0,120,,,,,548.25383,M+Na,+,1,0,60,,,,,543.29843,M+NH4,+,1,0,60,,,,,524.25733,M-H,-,1,0,60,,,
3-Carboxy-1-hydroxypropyl-ThPP,XIC,eTargetCompound,C16H24N4O10P2S,,,ESI,5000,,0,,527.07611,M+H,+,1,0,120,,,,,549.05806,M+Na,+,1,0,60,,,,,544.10266,M+NH4,+,1,0,60,,,,,525.06156,M-H,-,1,0,60,,,
17beta-Estradiol 3-sulfate-17-(beta-D-glucuronide),XIC,eTargetCompound,C24H31O11S,,,ESI,5000,,0,,528.16598,M+H,+,1,0,120,,,,,550.14793,M+Na,+,1,0,60,,,,,545.19253,M+NH4,+,1,0,60,,,,,526.15143,M-H,-,1,0,60,,,
Hygromycin B,XIC,eTargetCompound,C20H37N3O13,,,ESI,5000,,0,,528.23991,M+H,+,1,0,120,,,,,550.22186,M+Na,+,1,0,60,,,,,545.26646,M+NH4,+,1,0,60,,,,,526.22536,M-H,-,1,0,60,,,
beta-Estradiol 3-(beta-D-Glucuronide)17-sulfate,XIC,eTargetCompound,C24H32O11S,,,ESI,5000,,0,,529.17381,M+H,+,1,0,120,,,,,551.15575,M+Na,+,1,0,60,,,,,546.20036,M+NH4,+,1,0,60,,,,,527.15926,M-H,-,1,0,60,,,
"2-amino-4-oxo-6-(erythro-1',2',3'-trihydroxyprolyl)-7,8-dihydroxypteridine triphosphate",XIC,eTargetCompound,C9H18N5O15P3,,,ESI,5000,,0,,530.0085,M+H,+,1,0,120,,,,,551.99045,M+Na,+,1,0,60,,,,,547.03505,M+NH4,+,1,0,60,,,,,527.99395,M-H,-,1,0,60,,,
Glycochenodeoxycholate 7-sulfate,XIC,eTargetCompound,C26H43NO8S,,,ESI,5000,,0,,530.27821,M+H,+,1,0,120,,,,,552.26016,M+Na,+,1,0,60,,,,,547.30476,M+NH4,+,1,0,60,,,,,528.26366,M-H,-,1,0,60,,,
3-alpha(S)-Strictosidine,XIC,eTargetCompound,C27H34N2O9,,,ESI,5000,,0,,531.23371,M+H,+,1,0,120,,,,,553.21565,M+Na,+,1,0,60,,,,,548.26026,M+NH4,+,1,0,60,,,,,529.21915,M-H,-,1,0,60,,,
"CDP-4-dehydro-3,6-dideoxy-D-glucose",XIC,eTargetCompound,C15H23N3O14P2,,,ESI,5000,,0,,532.0728,M+H,+,1,0,120,,,,,554.05475,M+Na,+,1,0,60,,,,,549.09935,M+NH4,+,1,0,60,,,,,530.05825,M-H,-,1,0,60,,,
"CDP-4-dehydro-3,6-dideoxy-D-glucose epimer",XIC,eTargetCompound,C15H23N3O14P2,,,ESI,5000,,0,,532.0728,M+H,+,1,0,120,,,,,554.05475,M+Na,+,1,0,60,,,,,549.09935,M+NH4,+,1,0,60,,,,,530.05825,M-H,-,1,0,60,,,
curcumin monoglucoside,XIC,eTargetCompound,C27H31O11,,,ESI,5000,,0,,532.19391,M+H,+,1,0,120,,,,,554.17586,M+Na,+,1,0,60,,,,,549.22046,M+NH4,+,1,0,60,,,,,530.17936,M-H,-,1,0,60,,,
dTDP-D-olivose,XIC,eTargetCompound,C16H26N2O14P2,,,ESI,5000,,0,,533.0932,M+H,+,1,0,120,,,,,555.07515,M+Na,+,1,0,60,,,,,550.11975,M+NH4,+,1,0,60,,,,,531.07865,M-H,-,1,0,60,,,
dTDP-L-olivose,XIC,eTargetCompound,C16H26N2O14P2,,,ESI,5000,,0,,533.0932,M+H,+,1,0,120,,,,,555.07515,M+Na,+,1,0,60,,,,,550.11975,M+NH4,+,1,0,60,,,,,531.07865,M-H,-,1,0,60,,,
(-)-Maackiain-3-O-glucosyl-6''-O-malonate,XIC,eTargetCompound,C25H24O13,,,ESI,5000,,0,,533.12897,M+H,+,1,0,120,,,,,555.11091,M+Na,+,1,0,60,,,,,550.15552,M+NH4,+,1,0,60,,,,,531.11441,M-H,-,1,0,60,,,
Biochanin A 7-O-(6-O-malonyl-beta-D-glucoside),XIC,eTargetCompound,C25H24O13,,,ESI,5000,,0,,533.12897,M+H,+,1,0,120,,,,,555.11091,M+Na,+,1,0,60,,,,,550.15552,M+NH4,+,1,0,60,,,,,531.11441,M-H,-,1,0,60,,,
5beta-Cyprinolsulfate,XIC,eTargetCompound,C27H48O8S,,,ESI,5000,,0,,533.31427,M+H,+,1,0,120,,,,,555.29621,M+Na,+,1,0,60,,,,,550.34081,M+NH4,+,1,0,60,,,,,531.29971,M-H,-,1,0,60,,,
2-Hexaprenyl-6-methoxyphenol,XIC,eTargetCompound,C37H56O2,,,ESI,5000,,0,,533.43531,M+H,+,1,0,120,,,,,555.41725,M+Na,+,1,0,60,,,,,550.46186,M+NH4,+,1,0,60,,,,,531.42075,M-H,-,1,0,60,,,
"CDP-3,6-dideoxy-D-glucose",XIC,eTargetCompound,C15H25N3O14P2,,,ESI,5000,,0,,534.08845,M+H,+,1,0,120,,,,,556.0704,M+Na,+,1,0,60,,,,,551.115,M+NH4,+,1,0,60,,,,,532.0739,M-H,-,1,0,60,,,
"CDP-3,6-dideoxy-D-mannose",XIC,eTargetCompound,C15H25N3O14P2,,,ESI,5000,,0,,534.08845,M+H,+,1,0,120,,,,,556.0704,M+Na,+,1,0,60,,,,,551.115,M+NH4,+,1,0,60,,,,,532.0739,M-H,-,1,0,60,,,
CDP-abequose,XIC,eTargetCompound,C15H25N3O14P2,,,ESI,5000,,0,,534.08845,M+H,+,1,0,120,,,,,556.0704,M+Na,+,1,0,60,,,,,551.115,M+NH4,+,1,0,60,,,,,532.0739,M-H,-,1,0,60,,,
CDP-ascarylose,XIC,eTargetCompound,C15H25N3O14P2,,,ESI,5000,,0,,534.08845,M+H,+,1,0,120,,,,,556.0704,M+Na,+,1,0,60,,,,,551.115,M+NH4,+,1,0,60,,,,,532.0739,M-H,-,1,0,60,,,
UDP-L-Ara4O,XIC,eTargetCompound,C14H20N2O16P2,,,ESI,5000,,0,,535.03608,M+H,+,1,0,120,,,,,557.01803,M+Na,+,1,0,60,,,,,552.06263,M+NH4,+,1,0,60,,,,,533.02153,M-H,-,1,0,60,,,
Torulene,XIC,eTargetCompound,C40H54,,,ESI,5000,,0,,535.42983,M+H,+,1,0,120,,,,,557.41177,M+Na,+,1,0,60,,,,,552.45638,M+NH4,+,1,0,60,,,,,533.41527,M-H,-,1,0,60,,,
UDP-L-Ara4N,XIC,eTargetCompound,C14H23N3O15P2,,,ESI,5000,,0,,536.06772,M+H,+,1,0,120,,,,,558.04966,M+Na,+,1,0,60,,,,,553.09427,M+NH4,+,1,0,60,,,,,534.05316,M-H,-,1,0,60,,,
Lipoyl-AMP,XIC,eTargetCompound,C18H26N5O8PS2,,,ESI,5000,,0,,536.10332,M+H,+,1,0,120,,,,,558.08526,M+Na,+,1,0,60,,,,,553.12987,M+NH4,+,1,0,60,,,,,534.08876,M-H,-,1,0,60,,,
UDP-apiose,XIC,eTargetCompound,C14H22N2O16P2,,,ESI,5000,,0,,537.05173,M+H,+,1,0,120,,,,,559.03368,M+Na,+,1,0,60,,,,,554.07828,M+NH4,+,1,0,60,,,,,535.03718,M-H,-,1,0,60,,,
UDP-D-xylose,XIC,eTargetCompound,C14H22N2O16P2,,,ESI,5000,,0,,537.05173,M+H,+,1,0,120,,,,,559.03368,M+Na,+,1,0,60,,,,,554.07828,M+NH4,+,1,0,60,,,,,535.03718,M-H,-,1,0,60,,,
UDP-L-arabinose,XIC,eTargetCompound,C14H22N2O16P2,,,ESI,5000,,0,,537.05173,M+H,+,1,0,120,,,,,559.03368,M+Na,+,1,0,60,,,,,554.07828,M+NH4,+,1,0,60,,,,,535.03718,M-H,-,1,0,60,,,
1-4-beta-D-Glucan,XIC,eTargetCompound,C18H32O18,,,ESI,5000,,0,,537.16614,M+H,+,1,0,120,,,,,559.14809,M+Na,+,1,0,60,,,,,554.19269,M+NH4,+,1,0,60,,,,,535.15159,M-H,-,1,0,60,,,
Aldosterone18-glucuronide,XIC,eTargetCompound,C27H36O11,,,ESI,5000,,0,,537.23304,M+H,+,1,0,120,,,,,559.21498,M+Na,+,1,0,60,,,,,554.25959,M+NH4,+,1,0,60,,,,,535.21849,M-H,-,1,0,60,,,
pyropheophorbide a,XIC,eTargetCompound,C33H36N4O3,,,ESI,5000,,0,,537.28602,M+H,+,1,0,120,,,,,559.26796,M+Na,+,1,0,60,,,,,554.31257,M+NH4,+,1,0,60,,,,,535.27146,M-H,-,1,0,60,,,
Hyperforin,XIC,eTargetCompound,C35H52O4,,,ESI,5000,,0,,537.39384,M+H,+,1,0,120,,,,,559.37578,M+Na,+,1,0,60,,,,,554.42039,M+NH4,+,1,0,60,,,,,535.37928,M-H,-,1,0,60,,,
"7,9,7',9'-Tetra-cis-lycopene",XIC,eTargetCompound,C40H56,,,ESI,5000,,0,,537.44548,M+H,+,1,0,120,,,,,559.42742,M+Na,+,1,0,60,,,,,554.47203,M+NH4,+,1,0,60,,,,,535.43093,M-H,-,1,0,60,,,
beta-Carotene,XIC,eTargetCompound,C40H56,,,ESI,5000,,0,,537.44548,M+H,+,1,0,120,,,,,559.42742,M+Na,+,1,0,60,,,,,554.47203,M+NH4,+,1,0,60,,,,,535.43093,M-H,-,1,0,60,,,
delta-Carotene,XIC,eTargetCompound,C40H56,,,ESI,5000,,0,,537.44548,M+H,+,1,0,120,,,,,559.42742,M+Na,+,1,0,60,,,,,554.47203,M+NH4,+,1,0,60,,,,,535.43093,M-H,-,1,0,60,,,
epsilon-Carotene,XIC,eTargetCompound,C40H56,,,ESI,5000,,0,,537.44548,M+H,+,1,0,120,,,,,559.42742,M+Na,+,1,0,60,,,,,554.47203,M+NH4,+,1,0,60,,,,,535.43093,M-H,-,1,0,60,,,
gamma-Carotene,XIC,eTargetCompound,C40H56,,,ESI,5000,,0,,537.44548,M+H,+,1,0,120,,,,,559.42742,M+Na,+,1,0,60,,,,,554.47203,M+NH4,+,1,0,60,,,,,535.43093,M-H,-,1,0,60,,,
CDP-ribitol,XIC,eTargetCompound,C14H25N3O15P2,,,ESI,5000,,0,,538.08337,M+H,+,1,0,120,,,,,560.06531,M+Na,+,1,0,60,,,,,555.10992,M+NH4,+,1,0,60,,,,,536.06881,M-H,-,1,0,60,,,
N-Palmitoyl-D-erythro-sphingosine,XIC,eTargetCompound,C34H67NO3,,,ESI,5000,,0,,538.51937,M+H,+,1,0,120,,,,,560.50132,M+Na,+,1,0,60,,,,,555.54592,M+NH4,+,1,0,60,,,,,536.50482,M-H,-,1,0,60,,,
Methanophenazine,XIC,eTargetCompound,C37H50N2O,,,ESI,5000,,0,,539.39959,M+H,+,1,0,120,,,,,561.38154,M+Na,+,1,0,60,,,,,556.42614,M+NH4,+,1,0,60,,,,,537.38504,M-H,-,1,0,60,,,
alpha-Zeacarotene,XIC,eTargetCompound,C40H58,,,ESI,5000,,0,,539.46113,M+H,+,1,0,120,,,,,561.44307,M+Na,+,1,0,60,,,,,556.48768,M+NH4,+,1,0,60,,,,,537.44658,M-H,-,1,0,60,,,
beta-Zeacarotene,XIC,eTargetCompound,C40H58,,,ESI,5000,,0,,539.46113,M+H,+,1,0,120,,,,,561.44307,M+Na,+,1,0,60,,,,,556.48768,M+NH4,+,1,0,60,,,,,537.44658,M-H,-,1,0,60,,,
Tetrahydroaldosterone-3-glucuronide,XIC,eTargetCompound,C27H40O11,,,ESI,5000,,0,,541.26434,M+H,+,1,0,120,,,,,563.24628,M+Na,+,1,0,60,,,,,558.29089,M+NH4,+,1,0,60,,,,,539.24979,M-H,-,1,0,60,,,
Dihydromethanophenazine,XIC,eTargetCompound,C37H52N2O,,,ESI,5000,,0,,541.41524,M+H,+,1,0,120,,,,,563.39719,M+Na,+,1,0,60,,,,,558.44179,M+NH4,+,1,0,60,,,,,539.40069,M-H,-,1,0,60,,,
"9,9'-Di-cis-zeta-carotene",XIC,eTargetCompound,C40H60,,,ESI,5000,,0,,541.47678,M+H,+,1,0,120,,,,,563.45872,M+Na,+,1,0,60,,,,,558.50333,M+NH4,+,1,0,60,,,,,539.46223,M-H,-,1,0,60,,,
zeta-Carotene,XIC,eTargetCompound,C40H60,,,ESI,5000,,0,,541.47678,M+H,+,1,0,120,,,,,563.45872,M+Na,+,1,0,60,,,,,558.50333,M+NH4,+,1,0,60,,,,,539.46223,M-H,-,1,0,60,,,
CE(10:0),XIC,eTargetCompound,C37H64O2,,,ESI,5000,,0,,541.49791,M+H,+,1,0,120,,,,,563.47985,M+Na,+,1,0,60,,,,,558.52446,M+NH4,+,1,0,60,,,,,539.48335,M-H,-,1,0,60,,,
Formamidopyrimidine nucleoside triphosphate,XIC,eTargetCompound,C10H18N5O15P3,,,ESI,5000,,0,,542.0085,M+H,+,1,0,120,,,,,563.99045,M+Na,+,1,0,60,,,,,559.03505,M+NH4,+,1,0,60,,,,,539.99395,M-H,-,1,0,60,,,
Cyclic ADP-ribose,XIC,eTargetCompound,C15H21N5O13P2,,,ESI,5000,,0,,542.06839,M+H,+,1,0,120,,,,,564.05033,M+Na,+,1,0,60,,,,,559.09493,M+NH4,+,1,0,60,,,,,540.05383,M-H,-,1,0,60,,,
Psychosine sulfate,XIC,eTargetCompound,C24H47NO10S,,,ESI,5000,,0,,542.29934,M+H,+,1,0,120,,,,,564.28129,M+Na,+,1,0,60,,,,,559.32589,M+NH4,+,1,0,60,,,,,540.28479,M-H,-,1,0,60,,,
"Quercetin 3,3',7-trissulfate",XIC,eTargetCompound,C15H10O16S3,,,ESI,5000,,0,,542.92037,M+H,+,1,0,120,,,,,564.90232,M+Na,+,1,0,60,,,,,559.94692,M+NH4,+,1,0,60,,,,,540.90582,M-H,-,1,0,60,,,
Cortolone-3-glucuronide,XIC,eTargetCompound,C27H42O11,,,ESI,5000,,0,,543.27999,M+H,+,1,0,120,,,,,565.26193,M+Na,+,1,0,60,,,,,560.30654,M+NH4,+,1,0,60,,,,,541.26544,M-H,-,1,0,60,,,
CMP-3-deoxy-D-manno-octulosonate,XIC,eTargetCompound,C17H26N3O15P,,,ESI,5000,,0,,544.11743,M+H,+,1,0,120,,,,,566.09937,M+Na,+,1,0,60,,,,,561.14398,M+NH4,+,1,0,60,,,,,542.10288,M-H,-,1,0,60,,,
Phosphoramidon,XIC,eTargetCompound,C23H34N3O10P,,,ESI,5000,,0,,544.20546,M+H,+,1,0,120,,,,,566.1874,M+Na,+,1,0,60,,,,,561.23201,M+NH4,+,1,0,60,,,,,542.1909,M-H,-,1,0,60,,,
Estriol3-sulfate16-glucuronide,XIC,eTargetCompound,C24H32O12S,,,ESI,5000,,0,,545.16872,M+H,+,1,0,120,,,,,567.15067,M+Na,+,1,0,60,,,,,562.19527,M+NH4,+,1,0,60,,,,,543.15417,M-H,-,1,0,60,,,
10-Deacetylbaccatin III,XIC,eTargetCompound,C29H36O10,,,ESI,5000,,0,,545.23812,M+H,+,1,0,120,,,,,567.22007,M+Na,+,1,0,60,,,,,562.26467,M+NH4,+,1,0,60,,,,,543.22357,M-H,-,1,0,60,,,
 cis-Phytoene,XIC,eTargetCompound,C40H64,,,ESI,5000,,0,,545.50808,M+H,+,1,0,120,,,,,567.49002,M+Na,+,1,0,60,,,,,562.53463,M+NH4,+,1,0,60,,,,,543.49353,M-H,-,1,0,60,,,
Phytoene,XIC,eTargetCompound,C40H64,,,ESI,5000,,0,,545.50808,M+H,+,1,0,120,,,,,567.49002,M+Na,+,1,0,60,,,,,562.53463,M+NH4,+,1,0,60,,,,,543.49353,M-H,-,1,0,60,,,
"alpha-D-Galactosyl-1,3-beta-D-galactosyl-1,4-N-acetyl-D-glucosamine",XIC,eTargetCompound,C20H35NO16,,,ESI,5000,,0,,546.20286,M+H,+,1,0,120,,,,,568.1848,M+Na,+,1,0,60,,,,,563.22941,M+NH4,+,1,0,60,,,,,544.18831,M-H,-,1,0,60,,,
"4,6-Dideoxy-4-oxo-dTDP-D-glucose",XIC,eTargetCompound,C16H24N2O15P2,,,ESI,5000,,0,,547.07247,M+H,+,1,0,120,,,,,569.05441,M+Na,+,1,0,60,,,,,564.09902,M+NH4,+,1,0,60,,,,,545.05791,M-H,-,1,0,60,,,
dTDP-4-dehydro-6-deoxy-D-galactose,XIC,eTargetCompound,C16H24N2O15P2,,,ESI,5000,,0,,547.07247,M+H,+,1,0,120,,,,,569.05441,M+Na,+,1,0,60,,,,,564.09902,M+NH4,+,1,0,60,,,,,545.05791,M-H,-,1,0,60,,,
dTDP-4-dehydro-6-deoxy-L-mannose,XIC,eTargetCompound,C16H24N2O15P2,,,ESI,5000,,0,,547.07247,M+H,+,1,0,120,,,,,569.05441,M+Na,+,1,0,60,,,,,564.09902,M+NH4,+,1,0,60,,,,,545.05791,M-H,-,1,0,60,,,
Xanthoaphin,XIC,eTargetCompound,C30H26O10,,,ESI,5000,,0,,547.15987,M+H,+,1,0,120,,,,,569.14182,M+Na,+,1,0,60,,,,,564.18642,M+NH4,+,1,0,60,,,,,545.14532,M-H,-,1,0,60,,,
Westiellamide,XIC,eTargetCompound,C27H42N6O6,,,ESI,5000,,0,,547.32386,M+H,+,1,0,120,,,,,569.3058,M+Na,+,1,0,60,,,,,564.35041,M+NH4,+,1,0,60,,,,,545.30931,M-H,-,1,0,60,,,
"2-Hexaprenyl-6-methoxy-1,4-benzoquinone",XIC,eTargetCompound,C37H54O3,,,ESI,5000,,0,,547.41457,M+H,+,1,0,120,,,,,569.39652,M+Na,+,1,0,60,,,,,564.44112,M+NH4,+,1,0,60,,,,,545.40002,M-H,-,1,0,60,,,
3-Hexaprenyl-4-hydroxybenzoate,XIC,eTargetCompound,C37H54O3,,,ESI,5000,,0,,547.41457,M+H,+,1,0,120,,,,,569.39652,M+Na,+,1,0,60,,,,,564.44112,M+NH4,+,1,0,60,,,,,545.40002,M-H,-,1,0,60,,,
CDP-4-dehydro-6-deoxy-D-glucose,XIC,eTargetCompound,C15H23N3O15P2,,,ESI,5000,,0,,548.06772,M+H,+,1,0,120,,,,,570.04966,M+Na,+,1,0,60,,,,,565.09427,M+NH4,+,1,0,60,,,,,546.05316,M-H,-,1,0,60,,,
"dTDP-4-amino-4,6-dideoxy-D-galactose",XIC,eTargetCompound,C16H27N3O14P2,,,ESI,5000,,0,,548.1041,M+H,+,1,0,120,,,,,570.08605,M+Na,+,1,0,60,,,,,565.13065,M+NH4,+,1,0,60,,,,,546.08955,M-H,-,1,0,60,,,
"dTDP-4-amino-4,6-dideoxy-D-glucose",XIC,eTargetCompound,C16H27N3O14P2,,,ESI,5000,,0,,548.1041,M+H,+,1,0,120,,,,,570.08605,M+Na,+,1,0,60,,,,,565.13065,M+NH4,+,1,0,60,,,,,546.08955,M-H,-,1,0,60,,,
UDP-4-dehydro-6-deoxy-D-glucose,XIC,eTargetCompound,C15H22N2O16P2,,,ESI,5000,,0,,549.05173,M+H,+,1,0,120,,,,,571.03368,M+Na,+,1,0,60,,,,,566.07828,M+NH4,+,1,0,60,,,,,547.03718,M-H,-,1,0,60,,,
UDP-4-keto-rhamnose,XIC,eTargetCompound,C15H22N2O16P2,,,ESI,5000,,0,,549.05173,M+H,+,1,0,120,,,,,571.03368,M+Na,+,1,0,60,,,,,566.07828,M+NH4,+,1,0,60,,,,,547.03718,M-H,-,1,0,60,,,
dTDP-6-deoxy-L-mannose,XIC,eTargetCompound,C16H26N2O15P2,,,ESI,5000,,0,,549.08812,M+H,+,1,0,120,,,,,571.07006,M+Na,+,1,0,60,,,,,566.11467,M+NH4,+,1,0,60,,,,,547.07356,M-H,-,1,0,60,,,
dTDP-6-deoxy-L-talose,XIC,eTargetCompound,C16H26N2O15P2,,,ESI,5000,,0,,549.08812,M+H,+,1,0,120,,,,,571.07006,M+Na,+,1,0,60,,,,,566.11467,M+NH4,+,1,0,60,,,,,547.07356,M-H,-,1,0,60,,,
dTDP-D-fucose,XIC,eTargetCompound,C16H26N2O15P2,,,ESI,5000,,0,,549.08812,M+H,+,1,0,120,,,,,571.07006,M+Na,+,1,0,60,,,,,566.11467,M+NH4,+,1,0,60,,,,,547.07356,M-H,-,1,0,60,,,
dTDP-L-dihydrostreptose,XIC,eTargetCompound,C16H26N2O15P2,,,ESI,5000,,0,,549.08812,M+H,+,1,0,120,,,,,571.07006,M+Na,+,1,0,60,,,,,566.11467,M+NH4,+,1,0,60,,,,,547.07356,M-H,-,1,0,60,,,
5beta-Scymnol sulfate,XIC,eTargetCompound,C27H48O9S,,,ESI,5000,,0,,549.30918,M+H,+,1,0,120,,,,,571.29112,M+Na,+,1,0,60,,,,,566.33573,M+NH4,+,1,0,60,,,,,547.29463,M-H,-,1,0,60,,,
Cholesteryl-beta-D-glucoside,XIC,eTargetCompound,C33H56O6,,,ESI,5000,,0,,549.41497,M+H,+,1,0,120,,,,,571.39691,M+Na,+,1,0,60,,,,,566.44152,M+NH4,+,1,0,60,,,,,547.40041,M-H,-,1,0,60,,,
UDP-L-rhamnose,XIC,eTargetCompound,C15H24N2O16P2,,,ESI,5000,,0,,551.06738,M+H,+,1,0,120,,,,,573.04933,M+Na,+,1,0,60,,,,,568.09393,M+NH4,+,1,0,60,,,,,549.05283,M-H,-,1,0,60,,,
Betanin,XIC,eTargetCompound,C24H26N2O13,,,ESI,5000,,0,,551.15077,M+H,+,1,0,120,,,,,573.13271,M+Na,+,1,0,60,,,,,568.17731,M+NH4,+,1,0,60,,,,,549.13621,M-H,-,1,0,60,,,
Gomphrenin-I,XIC,eTargetCompound,C24H26N2O13,,,ESI,5000,,0,,551.15077,M+H,+,1,0,120,,,,,573.13271,M+Na,+,1,0,60,,,,,568.17731,M+NH4,+,1,0,60,,,,,549.13621,M-H,-,1,0,60,,,
Hordatine A,XIC,eTargetCompound,C28H38N8O4,,,ESI,5000,,0,,551.30888,M+H,+,1,0,120,,,,,573.29082,M+Na,+,1,0,60,,,,,568.33543,M+NH4,+,1,0,60,,,,,549.29432,M-H,-,1,0,60,,,
 Echinenone/ (Myxoxanthin),XIC,eTargetCompound,C40H54O,,,ESI,5000,,0,,551.42474,M+H,+,1,0,120,,,,,573.40669,M+Na,+,1,0,60,,,,,568.45129,M+NH4,+,1,0,60,,,,,549.41019,M-H,-,1,0,60,,,
Delphinidin 3-O-(6-O-malonyl-beta-D-glucoside),XIC,eTargetCompound,C24H23O15,,,ESI,5000,,0,,552.11097,M+H,+,1,0,120,,,,,574.09292,M+Na,+,1,0,60,,,,,569.13752,M+NH4,+,1,0,60,,,,,550.09642,M-H,-,1,0,60,,,
Lithocholate3-O-glucuronide,XIC,eTargetCompound,C30H48O9,,,ESI,5000,,0,,553.33711,M+H,+,1,0,120,,,,,575.31905,M+Na,+,1,0,60,,,,,570.36366,M+NH4,+,1,0,60,,,,,551.32256,M-H,-,1,0,60,,,
1'-Hydroxytorulene,XIC,eTargetCompound,C40H56O,,,ESI,5000,,0,,553.44039,M+H,+,1,0,120,,,,,575.42234,M+Na,+,1,0,60,,,,,570.46694,M+NH4,+,1,0,60,,,,,551.42584,M-H,-,1,0,60,,,
beta-Cryptoxanthin,XIC,eTargetCompound,C40H56O,,,ESI,5000,,0,,553.44039,M+H,+,1,0,120,,,,,575.42234,M+Na,+,1,0,60,,,,,570.46694,M+NH4,+,1,0,60,,,,,551.42584,M-H,-,1,0,60,,,
Zeinoxanthin,XIC,eTargetCompound,C40H56O,,,ESI,5000,,0,,553.44039,M+H,+,1,0,120,,,,,575.42234,M+Na,+,1,0,60,,,,,570.46694,M+NH4,+,1,0,60,,,,,551.42584,M-H,-,1,0,60,,,
D-Pantethine,XIC,eTargetCompound,C22H42N4O8S2,,,ESI,5000,,0,,555.25168,M+H,+,1,0,120,,,,,577.23363,M+Na,+,1,0,60,,,,,572.27823,M+NH4,+,1,0,60,,,,,553.23713,M-H,-,1,0,60,,,
 Demethylspheroidene/ (Demethylated spheroidene),XIC,eTargetCompound,C40H58O,,,ESI,5000,,0,,555.45604,M+H,+,1,0,120,,,,,577.43799,M+Na,+,1,0,60,,,,,572.48259,M+NH4,+,1,0,60,,,,,553.44149,M-H,-,1,0,60,,,
 Rhodopin/ OH-Lycopene,XIC,eTargetCompound,C40H58O,,,ESI,5000,,0,,555.45604,M+H,+,1,0,120,,,,,577.43799,M+Na,+,1,0,60,,,,,572.48259,M+NH4,+,1,0,60,,,,,553.44149,M-H,-,1,0,60,,,
3'-Phosphoadenylylselenate,XIC,eTargetCompound,C10H16N5O13P2Se,,,ESI,5000,,0,,556.94578,M+H,+,1,0,120,,,,,578.92773,M+Na,+,1,0,60,,,,,573.97233,M+NH4,+,1,0,60,,,,,554.93123,M-H,-,1,0,60,,,
Cucurbitacin E,XIC,eTargetCompound,C32H44O8,,,ESI,5000,,0,,557.31089,M+H,+,1,0,120,,,,,579.29284,M+Na,+,1,0,60,,,,,574.33744,M+NH4,+,1,0,60,,,,,555.29634,M-H,-,1,0,60,,,
 Chloroxanthin/ Hydroxyneurosporene/ OH-Neurosporene,XIC,eTargetCompound,C40H60O,,,ESI,5000,,0,,557.47169,M+H,+,1,0,120,,,,,579.45364,M+Na,+,1,0,60,,,,,574.49824,M+NH4,+,1,0,60,,,,,555.45714,M-H,-,1,0,60,,,
Cucurbitacin B,XIC,eTargetCompound,C32H46O8,,,ESI,5000,,0,,559.32654,M+H,+,1,0,120,,,,,581.30849,M+Na,+,1,0,60,,,,,576.35309,M+NH4,+,1,0,60,,,,,557.31199,M-H,-,1,0,60,,,
Adenosine diphosphate ribose; ADP-Ribose,XIC,eTargetCompound,C15H23N5O14P2,,,ESI,5000,,0,,560.07895,M+H,+,1,0,120,,,,,582.06089,M+Na,+,1,0,60,,,,,577.1055,M+NH4,+,1,0,60,,,,,558.0644,M-H,-,1,0,60,,,
Phosphoribosyl-AMP,XIC,eTargetCompound,C15H23N5O14P2,,,ESI,5000,,0,,560.07895,M+H,+,1,0,120,,,,,582.06089,M+Na,+,1,0,60,,,,,577.1055,M+NH4,+,1,0,60,,,,,558.0644,M-H,-,1,0,60,,,
AA013_ADP-ribose,XIC,eTargetCompound,,,,None,0,,,,,,,,,,,,,,,,,,,,,,,,,,,,,,,,,,558.0644,M-,-,1,30.94,80,,,
"2-Hexaprenyl-3-methyl-6-methoxy-1,4-benzoquinone",XIC,eTargetCompound,C38H56O3,,,ESI,5000,,0,,561.43022,M+H,+,1,0,120,,,,,583.41217,M+Na,+,1,0,60,,,,,578.45677,M+NH4,+,1,0,60,,,,,559.41567,M-H,-,1,0,60,,,
Protoporphyrin IX,XIC,eTargetCompound,C34H34N4O4,,,ESI,5000,,0,,563.26528,M+H,+,1,0,120,,,,,585.24723,M+Na,+,1,0,60,,,,,580.29183,M+NH4,+,1,0,60,,,,,561.25073,M-H,-,1,0,60,,,
Cholesterolglucuronide,XIC,eTargetCompound,C33H54O7,,,ESI,5000,,0,,563.39423,M+H,+,1,0,120,,,,,585.37618,M+Na,+,1,0,60,,,,,580.42078,M+NH4,+,1,0,60,,,,,561.37968,M-H,-,1,0,60,,,
"3-Hexaprenyl-4,5-dihydroxybenzoate",XIC,eTargetCompound,C37H54O4,,,ESI,5000,,0,,563.40949,M+H,+,1,0,120,,,,,585.39143,M+Na,+,1,0,60,,,,,580.43604,M+NH4,+,1,0,60,,,,,561.39493,M-H,-,1,0,60,,,
UDP-L-Ara4FN,XIC,eTargetCompound,C15H23N3O16P2,,,ESI,5000,,0,,564.06263,M+H,+,1,0,120,,,,,586.04458,M+Na,+,1,0,60,,,,,581.08918,M+NH4,+,1,0,60,,,,,562.04808,M-H,-,1,0,60,,,
Taurolithocholic acid 3-sulfate,XIC,eTargetCompound,C26H45NO8S2,,,ESI,5000,,0,,564.26594,M+H,+,1,0,120,,,,,586.24788,M+Na,+,1,0,60,,,,,581.29248,M+NH4,+,1,0,60,,,,,562.25138,M-H,-,1,0,60,,,
[SP (18:0)] N-(9Z-octadecenoyl)-sphing-4-enine,XIC,eTargetCompound,C36H69NO3,,,ESI,5000,,0,,564.53502,M+H,+,1,0,120,,,,,586.51697,M+Na,+,1,0,60,,,,,581.56157,M+NH4,+,1,0,60,,,,,562.52047,M-H,-,1,0,60,,,
UDP-3-ketoglucose,XIC,eTargetCompound,C15H22N2O17P2,,,ESI,5000,,0,,565.04665,M+H,+,1,0,120,,,,,587.02859,M+Na,+,1,0,60,,,,,582.0732,M+NH4,+,1,0,60,,,,,563.03209,M-H,-,1,0,60,,,
dTDP-galactose,XIC,eTargetCompound,C16H26N2O16P2,,,ESI,5000,,0,,565.08303,M+H,+,1,0,120,,,,,587.06498,M+Na,+,1,0,60,,,,,582.10958,M+NH4,+,1,0,60,,,,,563.06848,M-H,-,1,0,60,,,
dTDP-glucose,XIC,eTargetCompound,C16H26N2O16P2,,,ESI,5000,,0,,565.08303,M+H,+,1,0,120,,,,,587.06498,M+Na,+,1,0,60,,,,,582.10958,M+NH4,+,1,0,60,,,,,563.06848,M-H,-,1,0,60,,,
Apigenin 7-O-[beta-D-apiosyl-(1->2)-beta-D-glucoside],XIC,eTargetCompound,C26H28O14,,,ESI,5000,,0,,565.15518,M+H,+,1,0,120,,,,,587.13713,M+Na,+,1,0,60,,,,,582.18173,M+NH4,+,1,0,60,,,,,563.14063,M-H,-,1,0,60,,,
protoaphin aglucone,XIC,eTargetCompound,C30H28O11,,,ESI,5000,,0,,565.17044,M+H,+,1,0,120,,,,,587.15238,M+Na,+,1,0,60,,,,,582.19699,M+NH4,+,1,0,60,,,,,563.15588,M-H,-,1,0,60,,,
Aerobactin,XIC,eTargetCompound,C22H36N4O13,,,ESI,5000,,0,,565.23516,M+H,+,1,0,120,,,,,587.21711,M+Na,+,1,0,60,,,,,582.26171,M+NH4,+,1,0,60,,,,,563.22061,M-H,-,1,0,60,,,
CDP-glucose,XIC,eTargetCompound,C15H25N3O16P2,,,ESI,5000,,0,,566.07828,M+H,+,1,0,120,,,,,588.06023,M+Na,+,1,0,60,,,,,583.10483,M+NH4,+,1,0,60,,,,,564.06373,M-H,-,1,0,60,,,
UDP-galactosamine,XIC,eTargetCompound,C15H25N3O16P2,,,ESI,5000,,0,,566.07828,M+H,+,1,0,120,,,,,588.06023,M+Na,+,1,0,60,,,,,583.10483,M+NH4,+,1,0,60,,,,,564.06373,M-H,-,1,0,60,,,
UDP-glucosamine,XIC,eTargetCompound,C15H25N3O16P2,,,ESI,5000,,0,,566.07828,M+H,+,1,0,120,,,,,588.06023,M+Na,+,1,0,60,,,,,583.10483,M+NH4,+,1,0,60,,,,,564.06373,M-H,-,1,0,60,,,
UDP-kanosamine,XIC,eTargetCompound,C15H25N3O16P2,,,ESI,5000,,0,,566.07828,M+H,+,1,0,120,,,,,588.06023,M+Na,+,1,0,60,,,,,583.10483,M+NH4,+,1,0,60,,,,,564.06373,M-H,-,1,0,60,,,
[SP (18:0)] N-(octadecanoyl)-sphing-4-enine,XIC,eTargetCompound,C36H71NO3,,,ESI,5000,,0,,566.55067,M+H,+,1,0,120,,,,,588.53262,M+Na,+,1,0,60,,,,,583.57722,M+NH4,+,1,0,60,,,,,564.53612,M-H,-,1,0,60,,,
AU002_UDP-galactose,XIC,eTargetCompound,,,,None,0,,,,,,,,,,,,,,,,,,,,,,,,,,,,,,,,,,565.0477,M-,-,1,30.47,60,,,
NU003_UDP-glucose,XIC,eTargetCompound,,,,None,0,,,,,,,,,,,,,,,,,,,,,,,,,,,,,,,,,,565.0477,M-,-,1,30.47,60,,,
"UDP-alpha-D-galacto-1,4-furanose",XIC,eTargetCompound,C15H24N2O17P2,,,ESI,5000,,0,,567.0623,M+H,+,1,0,120,,,,,589.04424,M+Na,+,1,0,60,,,,,584.08885,M+NH4,+,1,0,60,,,,,565.04774,M-H,-,1,0,60,,,
Uridine 5'-diphosphoglucose (UDP-Glucose),XIC,eTargetCompound,C15H24N2O17P2,,,ESI,5000,,0,,567.0623,M+H,+,1,0,120,,,,,589.04424,M+Na,+,1,0,60,,,,,584.08885,M+NH4,+,1,0,60,,,,,565.04774,M-H,-,1,0,60,,,
Uridine diphosphategalactose,XIC,eTargetCompound,C15H24N2O17P2,,,ESI,5000,,0,,567.0623,M+H,+,1,0,120,,,,,589.04424,M+Na,+,1,0,60,,,,,584.08885,M+NH4,+,1,0,60,,,,,565.04774,M-H,-,1,0,60,,,
 3'-Hydroxyechinenone/ 3'-OH-Echinenone,XIC,eTargetCompound,C40H54O2,,,ESI,5000,,0,,567.41966,M+H,+,1,0,120,,,,,589.4016,M+Na,+,1,0,60,,,,,584.44621,M+NH4,+,1,0,60,,,,,565.4051,M-H,-,1,0,60,,,
 3-Hydroxyechinenone/ 3-OH-Echinenone,XIC,eTargetCompound,C40H54O2,,,ESI,5000,,0,,567.41966,M+H,+,1,0,120,,,,,589.4016,M+Na,+,1,0,60,,,,,584.44621,M+NH4,+,1,0,60,,,,,565.4051,M-H,-,1,0,60,,,
Protoporphyrinogen IX,XIC,eTargetCompound,C34H40N4O4,,,ESI,5000,,0,,569.31223,M+H,+,1,0,120,,,,,591.29418,M+Na,+,1,0,60,,,,,586.33878,M+NH4,+,1,0,60,,,,,567.29768,M-H,-,1,0,60,,,
Deoxycholicacid3-glucuronide,XIC,eTargetCompound,C30H48O10,,,ESI,5000,,0,,569.33202,M+H,+,1,0,120,,,,,591.31397,M+Na,+,1,0,60,,,,,586.35857,M+NH4,+,1,0,60,,,,,567.31747,M-H,-,1,0,60,,,
Lactucaxanthin,XIC,eTargetCompound,C40H56O2,,,ESI,5000,,0,,569.43531,M+H,+,1,0,120,,,,,591.41725,M+Na,+,1,0,60,,,,,586.46186,M+NH4,+,1,0,60,,,,,567.42075,M-H,-,1,0,60,,,
Spheroidene,XIC,eTargetCompound,C41H60O,,,ESI,5000,,0,,569.47169,M+H,+,1,0,120,,,,,591.45364,M+Na,+,1,0,60,,,,,586.49824,M+NH4,+,1,0,60,,,,,567.45714,M-H,-,1,0,60,,,
[ST (12:0)] cholest-5-en-3beta-yl dodecanoate,XIC,eTargetCompound,C39H68O2,,,ESI,5000,,0,,569.52921,M+H,+,1,0,120,,,,,591.51115,M+Na,+,1,0,60,,,,,586.55576,M+NH4,+,1,0,60,,,,,567.51465,M-H,-,1,0,60,,,
 Dihydrospheroidene/ Methoxyneurosporene,XIC,eTargetCompound,C41H62O,,,ESI,5000,,0,,571.48734,M+H,+,1,0,120,,,,,593.46929,M+Na,+,1,0,60,,,,,588.51389,M+NH4,+,1,0,60,,,,,569.47279,M-H,-,1,0,60,,,
Oxidized Watasenia luciferin,XIC,eTargetCompound,C25H21N3O9S2,,,ESI,5000,,0,,572.0792,M+H,+,1,0,120,,,,,594.06114,M+Na,+,1,0,60,,,,,589.10575,M+NH4,+,1,0,60,,,,,570.06464,M-H,-,1,0,60,,,
VitaminD23-glucuronide,XIC,eTargetCompound,C34H52O7,,,ESI,5000,,0,,573.37858,M+H,+,1,0,120,,,,,595.36053,M+Na,+,1,0,60,,,,,590.40513,M+NH4,+,1,0,60,,,,,571.36403,M-H,-,1,0,60,,,
"GDP-3,6-dideoxy-D-galactose",XIC,eTargetCompound,C16H25N5O14P2,,,ESI,5000,,0,,574.0946,M+H,+,1,0,120,,,,,596.07654,M+Na,+,1,0,60,,,,,591.12115,M+NH4,+,1,0,60,,,,,572.08005,M-H,-,1,0,60,,,
Biotinyl-5'-AMP,XIC,eTargetCompound,C20H28N7O9PS,,,ESI,5000,,0,,574.14796,M+H,+,1,0,120,,,,,596.1299,M+Na,+,1,0,60,,,,,591.17451,M+NH4,+,1,0,60,,,,,572.13341,M-H,-,1,0,60,,,
Tetrahydrofolyl-[Glu](2),XIC,eTargetCompound,C24H30N8O9,,,ESI,5000,,0,,575.22085,M+H,+,1,0,120,,,,,597.2028,M+Na,+,1,0,60,,,,,592.2474,M+NH4,+,1,0,60,,,,,573.2063,M-H,-,1,0,60,,,
Cucurbitacin A,XIC,eTargetCompound,C32H46O9,,,ESI,5000,,0,,575.32146,M+H,+,1,0,120,,,,,597.3034,M+Na,+,1,0,60,,,,,592.34801,M+NH4,+,1,0,60,,,,,573.30691,M-H,-,1,0,60,,,
Isopentenyladenosine-5'-triphosphate,XIC,eTargetCompound,C15H24N5O13P3,,,ESI,5000,,0,,576.06562,M+H,+,1,0,120,,,,,598.04757,M+Na,+,1,0,60,,,,,593.09217,M+NH4,+,1,0,60,,,,,574.05107,M-H,-,1,0,60,,,
Alpha-Ergocryptine,XIC,eTargetCompound,C32H41N5O5,,,ESI,5000,,0,,576.31805,M+H,+,1,0,120,,,,,598.29999,M+Na,+,1,0,60,,,,,593.34459,M+NH4,+,1,0,60,,,,,574.30349,M-H,-,1,0,60,,,
"Mescaline; 3,4,5-trimethoxyphenethylamine",XIC,eTargetCompound,C32H41N5O5,,,ESI,5000,,0,,576.31805,M+H,+,1,0,120,,,,,598.29999,M+Na,+,1,0,60,,,,,593.34459,M+NH4,+,1,0,60,,,,,574.30349,M-H,-,1,0,60,,,
"2-Hexaprenyl-3-methyl-5-hydroxy-6-methoxy-1,4-benzoquinone",XIC,eTargetCompound,C38H56O4,,,ESI,5000,,0,,577.42514,M+H,+,1,0,120,,,,,599.40708,M+Na,+,1,0,60,,,,,594.45169,M+NH4,+,1,0,60,,,,,575.41058,M-H,-,1,0,60,,,
3-Hexaprenyl-4-hydroxy-5-methoxybenzoate,XIC,eTargetCompound,C38H56O4,,,ESI,5000,,0,,577.42514,M+H,+,1,0,120,,,,,599.40708,M+Na,+,1,0,60,,,,,594.45169,M+NH4,+,1,0,60,,,,,575.41058,M-H,-,1,0,60,,,
5-(5-Phospho-D-ribosylaminoformimino)-1-(5-phosphoribosyl)- imidazole-4-carboxamide,XIC,eTargetCompound,C15H25N5O15P2,,,ESI,5000,,0,,578.08951,M+H,+,1,0,120,,,,,600.07146,M+Na,+,1,0,60,,,,,595.11606,M+NH4,+,1,0,60,,,,,576.07496,M-H,-,1,0,60,,,
N-(5'-Phospho-D-1'-ribulosylformimino)-5-amino-1-(5''-phospho-D- ribosyl)-4-imidazolecarboxamide,XIC,eTargetCompound,C15H25N5O15P2,,,ESI,5000,,0,,578.08951,M+H,+,1,0,120,,,,,600.07146,M+Na,+,1,0,60,,,,,595.11606,M+NH4,+,1,0,60,,,,,576.07496,M-H,-,1,0,60,,,
dTDP-D-galacturonate,XIC,eTargetCompound,C16H24N2O17P2,,,ESI,5000,,0,,579.0623,M+H,+,1,0,120,,,,,601.04424,M+Na,+,1,0,60,,,,,596.08885,M+NH4,+,1,0,60,,,,,577.04774,M-H,-,1,0,60,,,
CDP-N-methyl-L-glucosamine,XIC,eTargetCompound,C16H28N4O15P2,,,ESI,5000,,0,,579.10992,M+H,+,1,0,120,,,,,601.09186,M+Na,+,1,0,60,,,,,596.13646,M+NH4,+,1,0,60,,,,,577.09536,M-H,-,1,0,60,,,
"2,3-cis-proanthocyanidin",XIC,eTargetCompound,C30H26O12,,,ESI,5000,,0,,579.1497,M+H,+,1,0,120,,,,,601.13165,M+Na,+,1,0,60,,,,,596.17625,M+NH4,+,1,0,60,,,,,577.13515,M-H,-,1,0,60,,,
Pelargonidin 3-O-rutinoside,XIC,eTargetCompound,C27H30O14,,,ESI,5000,,0,,579.17083,M+H,+,1,0,120,,,,,601.15278,M+Na,+,1,0,60,,,,,596.19738,M+NH4,+,1,0,60,,,,,577.15628,M-H,-,1,0,60,,,
Rhoifolin: Apigenin 7-O-neohesperidoside,XIC,eTargetCompound,C27H30O14,,,ESI,5000,,0,,579.17083,M+H,+,1,0,120,,,,,601.15278,M+Na,+,1,0,60,,,,,596.19738,M+NH4,+,1,0,60,,,,,577.15628,M-H,-,1,0,60,,,
Vitexin 2''-O-beta-L-rhamnoside,XIC,eTargetCompound,C27H30O14,,,ESI,5000,,0,,579.17083,M+H,+,1,0,120,,,,,601.15278,M+Na,+,1,0,60,,,,,596.19738,M+NH4,+,1,0,60,,,,,577.15628,M-H,-,1,0,60,,,
(25S)-5&beta;-spirostan-3&beta;-ol 3-O-&beta;-D- glucoside,XIC,eTargetCompound,C33H54O8,,,ESI,5000,,0,,579.38915,M+H,+,1,0,120,,,,,601.37109,M+Na,+,1,0,60,,,,,596.41569,M+NH4,+,1,0,60,,,,,577.37459,M-H,-,1,0,60,,,
Pelargonidin 3-(6-p-coumaroyl)glucoside,XIC,eTargetCompound,C30H27O12,,,ESI,5000,,0,,580.15753,M+H,+,1,0,120,,,,,602.13947,M+Na,+,1,0,60,,,,,597.18408,M+NH4,+,1,0,60,,,,,578.14297,M-H,-,1,0,60,,,
"1D-myo-Inositol 1,3,4,5,6-pentakisphosphate",XIC,eTargetCompound,C6H17O21P5,,,ESI,5000,,0,,580.90232,M+H,+,1,0,120,,,,,602.88426,M+Na,+,1,0,60,,,,,597.92887,M+NH4,+,1,0,60,,,,,578.88776,M-H,-,1,0,60,,,
"D-myo-Inositol 1,2,4,5,6-pentakisphosphate",XIC,eTargetCompound,C6H17O21P5,,,ESI,5000,,0,,580.90232,M+H,+,1,0,120,,,,,602.88426,M+Na,+,1,0,60,,,,,597.92887,M+NH4,+,1,0,60,,,,,578.88776,M-H,-,1,0,60,,,
"Inositol 1,2,3,4,5-pentakisphosphate",XIC,eTargetCompound,C6H17O21P5,,,ESI,5000,,0,,580.90232,M+H,+,1,0,120,,,,,602.88426,M+Na,+,1,0,60,,,,,597.92887,M+NH4,+,1,0,60,,,,,578.88776,M-H,-,1,0,60,,,
AU003_UDP-glucuronate,XIC,eTargetCompound,,,,None,0,,,,,,,,,,,,,,,,,,,,,,,,,,,,,,,,,,579.027,M-,-,1,40.96,60,,,
UDP-D-galacturonate,XIC,eTargetCompound,C15H22N2O18P2,,,ESI,5000,,0,,581.04156,M+H,+,1,0,120,,,,,603.02351,M+Na,+,1,0,60,,,,,598.06811,M+NH4,+,1,0,60,,,,,579.02701,M-H,-,1,0,60,,,
UDP-glucuronic acid; UDP-L-iduronate,XIC,eTargetCompound,C15H22N2O18P2,,,ESI,5000,,0,,581.04156,M+H,+,1,0,120,,,,,603.02351,M+Na,+,1,0,60,,,,,598.06811,M+NH4,+,1,0,60,,,,,579.02701,M-H,-,1,0,60,,,
UDP-L-iduronate,XIC,eTargetCompound,C15H22N2O18P2,,,ESI,5000,,0,,581.04156,M+H,+,1,0,120,,,,,603.02351,M+Na,+,1,0,60,,,,,598.06811,M+NH4,+,1,0,60,,,,,579.02701,M-H,-,1,0,60,,,
Naringin,XIC,eTargetCompound,C27H32O14,,,ESI,5000,,0,,581.18648,M+H,+,1,0,120,,,,,603.16843,M+Na,+,1,0,60,,,,,598.21303,M+NH4,+,1,0,60,,,,,579.17193,M-H,-,1,0,60,,,
Narirutin,XIC,eTargetCompound,C27H32O14,,,ESI,5000,,0,,581.18648,M+H,+,1,0,120,,,,,603.16843,M+Na,+,1,0,60,,,,,598.21303,M+NH4,+,1,0,60,,,,,579.17193,M-H,-,1,0,60,,,
 Phoenicoxanthin/ Adonirubin/ 3-Hydroxycanthaxanthin,XIC,eTargetCompound,C40H52O3,,,ESI,5000,,0,,581.39892,M+H,+,1,0,120,,,,,603.38087,M+Na,+,1,0,60,,,,,598.42547,M+NH4,+,1,0,60,,,,,579.38437,M-H,-,1,0,60,,,
Streptomycin,XIC,eTargetCompound,C21H39N7O12,,,ESI,5000,,0,,582.27295,M+H,+,1,0,120,,,,,604.25489,M+Na,+,1,0,60,,,,,599.2995,M+NH4,+,1,0,60,,,,,580.25839,M-H,-,1,0,60,,,
Biliverdin,XIC,eTargetCompound,C33H34N4O6,,,ESI,5000,,0,,583.25511,M+H,+,1,0,120,,,,,605.23706,M+Na,+,1,0,60,,,,,600.28166,M+NH4,+,1,0,60,,,,,581.24056,M-H,-,1,0,60,,,
 Adonixanthin/ 4-Ketozeaxanthin,XIC,eTargetCompound,C40H54O3,,,ESI,5000,,0,,583.41457,M+H,+,1,0,120,,,,,605.39652,M+Na,+,1,0,60,,,,,600.44112,M+NH4,+,1,0,60,,,,,581.40002,M-H,-,1,0,60,,,
Spheroidenone,XIC,eTargetCompound,C41H58O2,,,ESI,5000,,0,,583.45096,M+H,+,1,0,120,,,,,605.4329,M+Na,+,1,0,60,,,,,600.47751,M+NH4,+,1,0,60,,,,,581.4364,M-H,-,1,0,60,,,
Watasenia luciferin,XIC,eTargetCompound,C26H21N3O9S2,,,ESI,5000,,0,,584.0792,M+H,+,1,0,120,,,,,606.06114,M+Na,+,1,0,60,,,,,601.10575,M+NH4,+,1,0,60,,,,,582.06464,M-H,-,1,0,60,,,
Mg-protoporphyrin,XIC,eTargetCompound,C34H32MgN4O4,,,ESI,5000,,0,,585.23467,M+H,+,1,0,120,,,,,607.21662,M+Na,+,1,0,60,,,,,602.26122,M+NH4,+,1,0,60,,,,,583.22012,M-H,-,1,0,60,,,
(3Z)-Phytochromobilin,XIC,eTargetCompound,C33H36N4O6,,,ESI,5000,,0,,585.27076,M+H,+,1,0,120,,,,,607.25271,M+Na,+,1,0,60,,,,,602.29731,M+NH4,+,1,0,60,,,,,583.25621,M-H,-,1,0,60,,,
"15,16-Dihydrobiliverdin",XIC,eTargetCompound,C33H36N4O6,,,ESI,5000,,0,,585.27076,M+H,+,1,0,120,,,,,607.25271,M+Na,+,1,0,60,,,,,602.29731,M+NH4,+,1,0,60,,,,,583.25621,M-H,-,1,0,60,,,
Bilirubin,XIC,eTargetCompound,C33H36N4O6,,,ESI,5000,,0,,585.27076,M+H,+,1,0,120,,,,,607.25271,M+Na,+,1,0,60,,,,,602.29731,M+NH4,+,1,0,60,,,,,583.25621,M-H,-,1,0,60,,,
Cholicacidglucuronide,XIC,eTargetCompound,C30H48O11,,,ESI,5000,,0,,585.32694,M+H,+,1,0,120,,,,,607.30888,M+Na,+,1,0,60,,,,,602.35349,M+NH4,+,1,0,60,,,,,583.31239,M-H,-,1,0,60,,,
Antheraxanthin,XIC,eTargetCompound,C40H56O3,,,ESI,5000,,0,,585.43022,M+H,+,1,0,120,,,,,607.41217,M+Na,+,1,0,60,,,,,602.45677,M+NH4,+,1,0,60,,,,,583.41567,M-H,-,1,0,60,,,
Capsanthin,XIC,eTargetCompound,C40H56O3,,,ESI,5000,,0,,585.43022,M+H,+,1,0,120,,,,,607.41217,M+Na,+,1,0,60,,,,,602.45677,M+NH4,+,1,0,60,,,,,583.41567,M-H,-,1,0,60,,,
Myxol,XIC,eTargetCompound,C40H56O3,,,ESI,5000,,0,,585.43022,M+H,+,1,0,120,,,,,607.41217,M+Na,+,1,0,60,,,,,602.45677,M+NH4,+,1,0,60,,,,,583.41567,M-H,-,1,0,60,,,
Baccatin III,XIC,eTargetCompound,C31H38O11,,,ESI,5000,,0,,587.24869,M+H,+,1,0,120,,,,,609.23063,M+Na,+,1,0,60,,,,,604.27524,M+NH4,+,1,0,60,,,,,585.23414,M-H,-,1,0,60,,,
(3Z)-Phycocyanobilin,XIC,eTargetCompound,C33H38N4O6,,,ESI,5000,,0,,587.28641,M+H,+,1,0,120,,,,,609.26836,M+Na,+,1,0,60,,,,,604.31296,M+NH4,+,1,0,60,,,,,585.27186,M-H,-,1,0,60,,,
(3Z)-Phycoerythrobilin,XIC,eTargetCompound,C33H38N4O6,,,ESI,5000,,0,,587.28641,M+H,+,1,0,120,,,,,609.26836,M+Na,+,1,0,60,,,,,604.31296,M+NH4,+,1,0,60,,,,,585.27186,M-H,-,1,0,60,,,
all-trans-Hexaprenyl diphosphate,XIC,eTargetCompound,C30H52O7P2,,,ESI,5000,,0,,587.3261,M+H,+,1,0,120,,,,,609.30805,M+Na,+,1,0,60,,,,,604.35265,M+NH4,+,1,0,60,,,,,585.31155,M-H,-,1,0,60,,,
"di-trans,poly-cis-hexaprenyl diphosphate",XIC,eTargetCompound,C30H52O7P2,,,ESI,5000,,0,,587.3261,M+H,+,1,0,120,,,,,609.30805,M+Na,+,1,0,60,,,,,604.35265,M+NH4,+,1,0,60,,,,,585.31155,M-H,-,1,0,60,,,
Presqualene diphosphate,XIC,eTargetCompound,C30H52O7P2,,,ESI,5000,,0,,587.3261,M+H,+,1,0,120,,,,,609.30805,M+Na,+,1,0,60,,,,,604.35265,M+NH4,+,1,0,60,,,,,585.31155,M-H,-,1,0,60,,,
 OH-Spheroidene,XIC,eTargetCompound,C41H62O2,,,ESI,5000,,0,,587.48226,M+H,+,1,0,120,,,,,609.4642,M+Na,+,1,0,60,,,,,604.50881,M+NH4,+,1,0,60,,,,,585.4677,M-H,-,1,0,60,,,
Adenosine tetraphosphate,XIC,eTargetCompound,C10H17N5O16P4,,,ESI,5000,,0,,587.96935,M+H,+,1,0,120,,,,,609.9513,M+Na,+,1,0,60,,,,,604.9959,M+NH4,+,1,0,60,,,,,585.9548,M-H,-,1,0,60,,,
GDP-4-dehydro-6-deoxy-D-mannose,XIC,eTargetCompound,C16H23N5O15P2,,,ESI,5000,,0,,588.07386,M+H,+,1,0,120,,,,,610.05581,M+Na,+,1,0,60,,,,,605.10041,M+NH4,+,1,0,60,,,,,586.05931,M-H,-,1,0,60,,,
GDP-4-keto-6-L-deoxygalactose,XIC,eTargetCompound,C16H23N5O15P2,,,ESI,5000,,0,,588.07386,M+H,+,1,0,120,,,,,610.05581,M+Na,+,1,0,60,,,,,605.10041,M+NH4,+,1,0,60,,,,,586.05931,M-H,-,1,0,60,,,
N-Acetyl-D-glucosaminyldiphosphodolichol,XIC,eTargetCompound,C23H43NO12P2,,,ESI,5000,,0,,588.23333,M+H,+,1,0,120,,,,,610.21527,M+Na,+,1,0,60,,,,,605.25987,M+NH4,+,1,0,60,,,,,586.21877,M-H,-,1,0,60,,,
D-Urobilin,XIC,eTargetCompound,C33H40N4O6,,,ESI,5000,,0,,589.30206,M+H,+,1,0,120,,,,,611.28401,M+Na,+,1,0,60,,,,,606.32861,M+NH4,+,1,0,60,,,,,587.28751,M-H,-,1,0,60,,,
25-HydroxyvitaminD225-(beta-glucuronide),XIC,eTargetCompound,C34H52O8,,,ESI,5000,,0,,589.37349,M+H,+,1,0,120,,,,,611.35544,M+Na,+,1,0,60,,,,,606.40004,M+NH4,+,1,0,60,,,,,587.35894,M-H,-,1,0,60,,,
25-HydroxyvitaminD2-25-glucuronide,XIC,eTargetCompound,C34H52O8,,,ESI,5000,,0,,589.37349,M+H,+,1,0,120,,,,,611.35544,M+Na,+,1,0,60,,,,,606.40004,M+NH4,+,1,0,60,,,,,587.35894,M-H,-,1,0,60,,,
"UDP-2-acetamido-4-dehydro-2,6-dideoxyglucose",XIC,eTargetCompound,C17H25N3O16P2,,,ESI,5000,,0,,590.07828,M+H,+,1,0,120,,,,,612.06023,M+Na,+,1,0,60,,,,,607.10483,M+NH4,+,1,0,60,,,,,588.06373,M-H,-,1,0,60,,,
Adenosine 5'-diphosphoglucose; ADP-glucose,XIC,eTargetCompound,C16H25N5O15P2,,,ESI,5000,,0,,590.08951,M+H,+,1,0,120,,,,,612.07146,M+Na,+,1,0,60,,,,,607.11606,M+NH4,+,1,0,60,,,,,588.07496,M-H,-,1,0,60,,,
ADP-mannose,XIC,eTargetCompound,C16H25N5O15P2,,,ESI,5000,,0,,590.08951,M+H,+,1,0,120,,,,,612.07146,M+Na,+,1,0,60,,,,,607.11606,M+NH4,+,1,0,60,,,,,588.07496,M-H,-,1,0,60,,,
GDP-6-deoxy-D-mannose,XIC,eTargetCompound,C16H25N5O15P2,,,ESI,5000,,0,,590.08951,M+H,+,1,0,120,,,,,612.07146,M+Na,+,1,0,60,,,,,607.11606,M+NH4,+,1,0,60,,,,,588.07496,M-H,-,1,0,60,,,
GDP-6-deoxy-D-talose,XIC,eTargetCompound,C16H25N5O15P2,,,ESI,5000,,0,,590.08951,M+H,+,1,0,120,,,,,612.07146,M+Na,+,1,0,60,,,,,607.11606,M+NH4,+,1,0,60,,,,,588.07496,M-H,-,1,0,60,,,
Guanosine 5'-diphospho-beta-L-fucose; GDP-fucose,XIC,eTargetCompound,C16H25N5O15P2,,,ESI,5000,,0,,590.08951,M+H,+,1,0,120,,,,,612.07146,M+Na,+,1,0,60,,,,,607.11606,M+NH4,+,1,0,60,,,,,588.07496,M-H,-,1,0,60,,,
AG014_GDP-L-fucose,XIC,eTargetCompound,,,,None,0,,,,,,,,,,,,,,,,,,,,,,,,,,,,,,,,,,588.075,M-,-,1,35.37,60,,,
"dTDP-4-acetamido-4,6-dideoxy-D-glucose",XIC,eTargetCompound,C18H29N3O15P2,,,ESI,5000,,0,,590.11467,M+H,+,1,0,120,,,,,612.09661,M+Na,+,1,0,60,,,,,607.14122,M+NH4,+,1,0,60,,,,,588.10011,M-H,-,1,0,60,,,
"UDP-2-acetamido-4-amino-2,4,6-trideoxyglucose",XIC,eTargetCompound,C17H28N4O15P2,,,ESI,5000,,0,,591.10992,M+H,+,1,0,120,,,,,613.09186,M+Na,+,1,0,60,,,,,608.13646,M+NH4,+,1,0,60,,,,,589.09536,M-H,-,1,0,60,,,
I-Urobilin,XIC,eTargetCompound,C33H42N4O6,,,ESI,5000,,0,,591.31771,M+H,+,1,0,120,,,,,613.29966,M+Na,+,1,0,60,,,,,608.34426,M+NH4,+,1,0,60,,,,,589.30316,M-H,-,1,0,60,,,
trans-Zeatin riboside triphosphate,XIC,eTargetCompound,C15H24N5O14P3,,,ESI,5000,,0,,592.06054,M+H,+,1,0,120,,,,,614.04248,M+Na,+,1,0,60,,,,,609.08709,M+NH4,+,1,0,60,,,,,590.04598,M-H,-,1,0,60,,,
"1,2-Bis-O-sinapoyl-beta-D-glucoside",XIC,eTargetCompound,C28H32O14,,,ESI,5000,,0,,593.18648,M+H,+,1,0,120,,,,,615.16843,M+Na,+,1,0,60,,,,,610.21303,M+NH4,+,1,0,60,,,,,591.17193,M-H,-,1,0,60,,,
7-O-Methylvitexin 2''-O-beta-L-rhamnoside,XIC,eTargetCompound,C28H32O14,,,ESI,5000,,0,,593.18648,M+H,+,1,0,120,,,,,615.16843,M+Na,+,1,0,60,,,,,610.21303,M+NH4,+,1,0,60,,,,,591.17193,M-H,-,1,0,60,,,
I-Urobilinogen,XIC,eTargetCompound,C33H44N4O6,,,ESI,5000,,0,,593.33336,M+H,+,1,0,120,,,,,615.31531,M+Na,+,1,0,60,,,,,610.35991,M+NH4,+,1,0,60,,,,,591.31881,M-H,-,1,0,60,,,
"(20S,22S,25S)-22,25-Epoxyfurost-5-ene-3beta,26-diol 3-O-beta-D-glucoside",XIC,eTargetCompound,C33H52O9,,,ESI,5000,,0,,593.36841,M+H,+,1,0,120,,,,,615.35035,M+Na,+,1,0,60,,,,,610.39496,M+NH4,+,1,0,60,,,,,591.35386,M-H,-,1,0,60,,,
[SP (20:0)] N-(eicosanoyl)-sphing-4-enine,XIC,eTargetCompound,C38H75NO3,,,ESI,5000,,0,,594.58197,M+H,+,1,0,120,,,,,616.56392,M+Na,+,1,0,60,,,,,611.60852,M+NH4,+,1,0,60,,,,,592.56742,M-H,-,1,0,60,,,
Cyanidin 3-O-(6-O-p-coumaroyl)glucoside,XIC,eTargetCompound,C30H26O13,,,ESI,5000,,0,,595.14462,M+H,+,1,0,120,,,,,617.12656,M+Na,+,1,0,60,,,,,612.17117,M+NH4,+,1,0,60,,,,,593.13006,M-H,-,1,0,60,,,
Pelargonidin 3-O-(6-caffeoyl-beta-D-glucoside),XIC,eTargetCompound,C30H26O13,,,ESI,5000,,0,,595.14462,M+H,+,1,0,120,,,,,617.12656,M+Na,+,1,0,60,,,,,612.17117,M+NH4,+,1,0,60,,,,,593.13006,M-H,-,1,0,60,,,
Cyanidin 3-O-rutinoside,XIC,eTargetCompound,C27H30O15,,,ESI,5000,,0,,595.16575,M+H,+,1,0,120,,,,,617.14769,M+Na,+,1,0,60,,,,,612.1923,M+NH4,+,1,0,60,,,,,593.15119,M-H,-,1,0,60,,,
Isovitexin 2''-O-beta-D-glucoside,XIC,eTargetCompound,C27H30O15,,,ESI,5000,,0,,595.16575,M+H,+,1,0,120,,,,,617.14769,M+Na,+,1,0,60,,,,,612.1923,M+NH4,+,1,0,60,,,,,593.15119,M-H,-,1,0,60,,,
Luteolin 7-O-neohesperidoside,XIC,eTargetCompound,C27H30O15,,,ESI,5000,,0,,595.16575,M+H,+,1,0,120,,,,,617.14769,M+Na,+,1,0,60,,,,,612.1923,M+NH4,+,1,0,60,,,,,593.15119,M-H,-,1,0,60,,,
Pelargonidin 3-O-sophoroside,XIC,eTargetCompound,C27H30O15,,,ESI,5000,,0,,595.16575,M+H,+,1,0,120,,,,,617.14769,M+Na,+,1,0,60,,,,,612.1923,M+NH4,+,1,0,60,,,,,593.15119,M-H,-,1,0,60,,,
Pelargonin,XIC,eTargetCompound,C27H30O15,,,ESI,5000,,0,,595.16575,M+H,+,1,0,120,,,,,617.14769,M+Na,+,1,0,60,,,,,612.1923,M+NH4,+,1,0,60,,,,,593.15119,M-H,-,1,0,60,,,
Saponarin,XIC,eTargetCompound,C27H30O15,,,ESI,5000,,0,,595.16575,M+H,+,1,0,120,,,,,617.14769,M+Na,+,1,0,60,,,,,612.1923,M+NH4,+,1,0,60,,,,,593.15119,M-H,-,1,0,60,,,
Vitexin 2''-O-beta-D-glucoside,XIC,eTargetCompound,C27H30O15,,,ESI,5000,,0,,595.16575,M+H,+,1,0,120,,,,,617.14769,M+Na,+,1,0,60,,,,,612.1923,M+NH4,+,1,0,60,,,,,593.15119,M-H,-,1,0,60,,,
pheophorbide a,XIC,eTargetCompound,C35H38N4O5,,,ESI,5000,,0,,595.2915,M+H,+,1,0,120,,,,,617.27344,M+Na,+,1,0,60,,,,,612.31805,M+NH4,+,1,0,60,,,,,593.27694,M-H,-,1,0,60,,,
L-Urobilin,XIC,eTargetCompound,C33H46N4O6,,,ESI,5000,,0,,595.34901,M+H,+,1,0,120,,,,,617.33096,M+Na,+,1,0,60,,,,,612.37556,M+NH4,+,1,0,60,,,,,593.33446,M-H,-,1,0,60,,,
"Glycosyl-4,4'-diaponeurosporenoate",XIC,eTargetCompound,C36H50O7,,,ESI,5000,,0,,595.36293,M+H,+,1,0,120,,,,,617.34488,M+Na,+,1,0,60,,,,,612.38948,M+NH4,+,1,0,60,,,,,593.34838,M-H,-,1,0,60,,,
3-(ADP)-2-phosphoglycerate,XIC,eTargetCompound,C13H20N5O16P3,,,ESI,5000,,0,,596.01907,M+H,+,1,0,120,,,,,618.00101,M+Na,+,1,0,60,,,,,613.04561,M+NH4,+,1,0,60,,,,,594.00451,M-H,-,1,0,60,,,
Eriocitrin,XIC,eTargetCompound,C27H32O15,,,ESI,5000,,0,,597.1814,M+H,+,1,0,120,,,,,619.16334,M+Na,+,1,0,60,,,,,614.20795,M+NH4,+,1,0,60,,,,,595.16684,M-H,-,1,0,60,,,
Berbamunine,XIC,eTargetCompound,C36H40N2O6,,,ESI,5000,,0,,597.29591,M+H,+,1,0,120,,,,,619.27786,M+Na,+,1,0,60,,,,,614.32246,M+NH4,+,1,0,60,,,,,595.28136,M-H,-,1,0,60,,,
Guattegaumerine,XIC,eTargetCompound,C36H40N2O6,,,ESI,5000,,0,,597.29591,M+H,+,1,0,120,,,,,619.27786,M+Na,+,1,0,60,,,,,614.32246,M+NH4,+,1,0,60,,,,,595.28136,M-H,-,1,0,60,,,
Astaxanthin,XIC,eTargetCompound,C40H52O4,,,ESI,5000,,0,,597.39384,M+H,+,1,0,120,,,,,619.37578,M+Na,+,1,0,60,,,,,614.42039,M+NH4,+,1,0,60,,,,,595.37928,M-H,-,1,0,60,,,
9'-cis-Neoxanthin,XIC,eTargetCompound,C40H56O4,,,ESI,5000,,0,,601.42514,M+H,+,1,0,120,,,,,623.40708,M+Na,+,1,0,60,,,,,618.45169,M+NH4,+,1,0,60,,,,,599.41058,M-H,-,1,0,60,,,
9-cis-Violaxanthin,XIC,eTargetCompound,C40H56O4,,,ESI,5000,,0,,601.42514,M+H,+,1,0,120,,,,,623.40708,M+Na,+,1,0,60,,,,,618.45169,M+NH4,+,1,0,60,,,,,599.41058,M-H,-,1,0,60,,,
Capsorubin,XIC,eTargetCompound,C40H56O4,,,ESI,5000,,0,,601.42514,M+H,+,1,0,120,,,,,623.40708,M+Na,+,1,0,60,,,,,618.45169,M+NH4,+,1,0,60,,,,,599.41058,M-H,-,1,0,60,,,
2-Phospho-4-(cytidine 5'-diphospho)-2-C-methyl-D-erythritol,XIC,eTargetCompound,C14H26N3O17P3,,,ESI,5000,,0,,602.05478,M+H,+,1,0,120,,,,,624.03673,M+Na,+,1,0,60,,,,,619.08133,M+NH4,+,1,0,60,,,,,600.04023,M-H,-,1,0,60,,,
"Guanosine 3',5'-bis(diphosphate)",XIC,eTargetCompound,C10H17N5O17P4,,,ESI,5000,,0,,603.96427,M+H,+,1,0,120,,,,,625.94621,M+Na,+,1,0,60,,,,,620.99082,M+NH4,+,1,0,60,,,,,601.94971,M-H,-,1,0,60,,,
Tween 80,XIC,eTargetCompound,C32H60O10,,,ESI,5000,,0,,605.42592,M+H,+,1,0,120,,,,,627.40787,M+Na,+,1,0,60,,,,,622.45247,M+NH4,+,1,0,60,,,,,603.41137,M-H,-,1,0,60,,,
GDP-alpha-D-mannose,XIC,eTargetCompound,C16H25N5O16P2,,,ESI,5000,,0,,606.08443,M+H,+,1,0,120,,,,,628.06637,M+Na,+,1,0,60,,,,,623.11098,M+NH4,+,1,0,60,,,,,604.06988,M-H,-,1,0,60,,,
GDP-glucose,XIC,eTargetCompound,C16H25N5O16P2,,,ESI,5000,,0,,606.08443,M+H,+,1,0,120,,,,,628.06637,M+Na,+,1,0,60,,,,,623.11098,M+NH4,+,1,0,60,,,,,604.06988,M-H,-,1,0,60,,,
GDP-L-galactose,XIC,eTargetCompound,C16H25N5O16P2,,,ESI,5000,,0,,606.08443,M+H,+,1,0,120,,,,,628.06637,M+Na,+,1,0,60,,,,,623.11098,M+NH4,+,1,0,60,,,,,604.06988,M-H,-,1,0,60,,,
GDP-L-gulose,XIC,eTargetCompound,C16H25N5O16P2,,,ESI,5000,,0,,606.08443,M+H,+,1,0,120,,,,,628.06637,M+Na,+,1,0,60,,,,,623.11098,M+NH4,+,1,0,60,,,,,604.06988,M-H,-,1,0,60,,,
AG013_GDP-D-mannose,XIC,eTargetCompound,,,,None,0,,,,,,,,,,,,,,,,,,,,,,,,,,,,,,,,,,604.0699,M-,-,1,37.34,60,,,
(23S)-23-25-dihdroxy-24-oxovitamineD323-(beta-glucuronide),XIC,eTargetCompound,C33H50O10,,,ESI,5000,,0,,607.34767,M+H,+,1,0,120,,,,,629.32962,M+Na,+,1,0,60,,,,,624.37422,M+NH4,+,1,0,60,,,,,605.33312,M-H,-,1,0,60,,,
UDP-N-acetyl-D-mannosamine,XIC,eTargetCompound,C17H27N3O17P2,,,ESI,5000,,0,,608.08885,M+H,+,1,0,120,,,,,630.07079,M+Na,+,1,0,60,,,,,625.11539,M+NH4,+,1,0,60,,,,,606.07429,M-H,-,1,0,60,,,
Uridine 5?-diphospho-N-acetylglucosamine,XIC,eTargetCompound,C17H27N3O17P2,,,ESI,5000,,0,,608.08885,M+H,+,1,0,120,,,,,630.07079,M+Na,+,1,0,60,,,,,625.11539,M+NH4,+,1,0,60,,,,,606.07429,M-H,-,1,0,60,,,
AU001_UDP-N-acetylgalactosamine,XIC,eTargetCompound,,,,None,0,,,,,,,,,,,,,,,,,,,,,,,,,,,,,,,,,,606.0743,M-,-,1,24.16,60,,,
7''-O-Phosphohygromycin,XIC,eTargetCompound,C20H38N3O16P,,,ESI,5000,,0,,608.20624,M+H,+,1,0,120,,,,,630.18819,M+Na,+,1,0,60,,,,,625.23279,M+NH4,+,1,0,60,,,,,606.19169,M-H,-,1,0,60,,,
Cyanidin 3-O-sophoroside,XIC,eTargetCompound,C27H30O16,,,ESI,5000,,0,,611.16066,M+H,+,1,0,120,,,,,633.14261,M+Na,+,1,0,60,,,,,628.18721,M+NH4,+,1,0,60,,,,,609.14611,M-H,-,1,0,60,,,
Cyanin,XIC,eTargetCompound,C27H30O16,,,ESI,5000,,0,,611.16066,M+H,+,1,0,120,,,,,633.14261,M+Na,+,1,0,60,,,,,628.18721,M+NH4,+,1,0,60,,,,,609.14611,M-H,-,1,0,60,,,
Kaempferol 3-O-beta-D-glucosyl-(1->2)-beta-D-glucoside,XIC,eTargetCompound,C27H30O16,,,ESI,5000,,0,,611.16066,M+H,+,1,0,120,,,,,633.14261,M+Na,+,1,0,60,,,,,628.18721,M+NH4,+,1,0,60,,,,,609.14611,M-H,-,1,0,60,,,
Rutin,XIC,eTargetCompound,C27H30O16,,,ESI,5000,,0,,611.16066,M+H,+,1,0,120,,,,,633.14261,M+Na,+,1,0,60,,,,,628.18721,M+NH4,+,1,0,60,,,,,609.14611,M-H,-,1,0,60,,,
Hesperidin,XIC,eTargetCompound,C28H34O15,,,ESI,5000,,0,,611.19705,M+H,+,1,0,120,,,,,633.17899,M+Na,+,1,0,60,,,,,628.2236,M+NH4,+,1,0,60,,,,,609.18249,M-H,-,1,0,60,,,
Neohesperidin,XIC,eTargetCompound,C28H34O15,,,ESI,5000,,0,,611.19705,M+H,+,1,0,120,,,,,633.17899,M+Na,+,1,0,60,,,,,628.2236,M+NH4,+,1,0,60,,,,,609.18249,M-H,-,1,0,60,,,
Oxidized glutathione,XIC,eTargetCompound,C20H32N6O12S2,,,ESI,5000,,0,,613.15924,M+H,+,1,0,120,,,,,635.14118,M+Na,+,1,0,60,,,,,630.18579,M+NH4,+,1,0,60,,,,,611.14468,M-H,-,1,0,60,,,
ferrileghemoglobin,XIC,eTargetCompound,C36H36FeN4O2,,,ESI,5000,,0,,613.22605,M+H,+,1,0,120,,,,,635.20799,M+Na,+,1,0,60,,,,,630.25259,M+NH4,+,1,0,60,,,,,611.21149,M-H,-,1,0,60,,,
ferroleghemoglobin,XIC,eTargetCompound,C36H36FeN4O2,,,ESI,5000,,0,,613.22605,M+H,+,1,0,120,,,,,635.20799,M+Na,+,1,0,60,,,,,630.25259,M+NH4,+,1,0,60,,,,,611.21149,M-H,-,1,0,60,,,
Cholestane-3-7-12-25-tetrol-3-glucuronide,XIC,eTargetCompound,C33H56O10,,,ESI,5000,,0,,613.39462,M+H,+,1,0,120,,,,,635.37657,M+Na,+,1,0,60,,,,,630.42117,M+NH4,+,1,0,60,,,,,611.38007,M-H,-,1,0,60,,,
ferroxamine,XIC,eTargetCompound,C25H45FeN6O8,,,ESI,5000,,0,,614.27211,M+H,+,1,0,120,,,,,636.25405,M+Na,+,1,0,60,,,,,631.29865,M+NH4,+,1,0,60,,,,,612.25755,M-H,-,1,0,60,,,
CMP-N-acetylneuraminate,XIC,eTargetCompound,C20H31N4O16P,,,ESI,5000,,0,,615.15454,M+H,+,1,0,120,,,,,637.13649,M+Na,+,1,0,60,,,,,632.18109,M+NH4,+,1,0,60,,,,,613.13999,M-H,-,1,0,60,,,
AC004_CMP-N-acetylneuraminate,XIC,eTargetCompound,,,,None,0,,,,,,,,,,,,,,,,,,,,,,,,,,,,,,,,,,613.14,M-,-,1,15.14,60,,,
3-((3-Cholamidopropyl)dimethylammonium)-1-propanesulfonate,XIC,eTargetCompound,C32H58N2O7S,,,ESI,5000,,0,,615.40375,M+H,+,1,0,120,,,,,637.38569,M+Na,+,1,0,60,,,,,632.4303,M+NH4,+,1,0,60,,,,,613.3892,M-H,-,1,0,60,,,
ferriprotoporphyrin IX,XIC,eTargetCompound,C34H32FeN4O4,,,ESI,5000,,0,,617.18457,M+H,+,1,0,120,,,,,639.16652,M+Na,+,1,0,60,,,,,634.21112,M+NH4,+,1,0,60,,,,,615.17002,M-H,-,1,0,60,,,
Heme,XIC,eTargetCompound,C34H32N4O4Fe,,,ESI,5000,,0,,617.18457,M+H,+,1,0,120,,,,,639.16652,M+Na,+,1,0,60,,,,,634.21112,M+NH4,+,1,0,60,,,,,615.17002,M-H,-,1,0,60,,,
GDP-D-mannuronate,XIC,eTargetCompound,C16H23N5O17P2,,,ESI,5000,,0,,620.06369,M+H,+,1,0,120,,,,,642.04564,M+Na,+,1,0,60,,,,,637.09024,M+NH4,+,1,0,60,,,,,618.04914,M-H,-,1,0,60,,,
ADP-D-glycero-D-manno-heptose,XIC,eTargetCompound,C17H27N5O16P2,,,ESI,5000,,0,,620.10008,M+H,+,1,0,120,,,,,642.08202,M+Na,+,1,0,60,,,,,637.12663,M+NH4,+,1,0,60,,,,,618.08553,M-H,-,1,0,60,,,
ADP-L-glycero-D-manno-heptose,XIC,eTargetCompound,C17H27N5O16P2,,,ESI,5000,,0,,620.10008,M+H,+,1,0,120,,,,,642.08202,M+Na,+,1,0,60,,,,,637.12663,M+NH4,+,1,0,60,,,,,618.08553,M-H,-,1,0,60,,,
UDP-N-acetyl-2-amino-2-deoxy-D-glucuronate,XIC,eTargetCompound,C17H25N3O18P2,,,ESI,5000,,0,,622.06811,M+H,+,1,0,120,,,,,644.05005,M+Na,+,1,0,60,,,,,639.09466,M+NH4,+,1,0,60,,,,,620.05356,M-H,-,1,0,60,,,
UDP-N-acetyl-D-mannosaminouronate,XIC,eTargetCompound,C17H25N3O18P2,,,ESI,5000,,0,,622.06811,M+H,+,1,0,120,,,,,644.05005,M+Na,+,1,0,60,,,,,639.09466,M+NH4,+,1,0,60,,,,,620.05356,M-H,-,1,0,60,,,
"Cyanidin 3-O-3'',6''-O-dimalonylglucoside",XIC,eTargetCompound,C27H25O17,,,ESI,5000,,0,,622.11645,M+H,+,1,0,120,,,,,644.0984,M+Na,+,1,0,60,,,,,639.143,M+NH4,+,1,0,60,,,,,620.1019,M-H,-,1,0,60,,,
[SP (22:0)] N-(docosanoyl)-sphing-4-enine,XIC,eTargetCompound,C40H79NO3,,,ESI,5000,,0,,622.61327,M+H,+,1,0,120,,,,,644.59522,M+Na,+,1,0,60,,,,,639.63982,M+NH4,+,1,0,60,,,,,620.59872,M-H,-,1,0,60,,,
Cholesteryl palmitate,XIC,eTargetCompound,C43H76O2,,,ESI,5000,,0,,625.59181,M+H,+,1,0,120,,,,,647.57375,M+Na,+,1,0,60,,,,,642.61836,M+NH4,+,1,0,60,,,,,623.57725,M-H,-,1,0,60,,,
Leukotriene C4,XIC,eTargetCompound,C30H47N3O9S,,,ESI,5000,,0,,626.31058,M+H,+,1,0,120,,,,,648.29252,M+Na,+,1,0,60,,,,,643.33713,M+NH4,+,1,0,60,,,,,624.29602,M-H,-,1,0,60,,,
Glycochenodeoxycholicacid3-glucuronide,XIC,eTargetCompound,C32H51NO11,,,ESI,5000,,0,,626.35349,M+H,+,1,0,120,,,,,648.33543,M+Na,+,1,0,60,,,,,643.38004,M+NH4,+,1,0,60,,,,,624.33893,M-H,-,1,0,60,,,
Delphin,XIC,eTargetCompound,C27H31O17,,,ESI,5000,,0,,628.1634,M+H,+,1,0,120,,,,,650.14535,M+Na,+,1,0,60,,,,,645.18995,M+NH4,+,1,0,60,,,,,626.14885,M-H,-,1,0,60,,,
Delphinidin 3-O-sophoroside,XIC,eTargetCompound,C27H31O17,,,ESI,5000,,0,,628.1634,M+H,+,1,0,120,,,,,650.14535,M+Na,+,1,0,60,,,,,645.18995,M+NH4,+,1,0,60,,,,,626.14885,M-H,-,1,0,60,,,
red chlorophyll catabolite,XIC,eTargetCompound,C35H40N4O7,,,ESI,5000,,0,,629.29698,M+H,+,1,0,120,,,,,651.27892,M+Na,+,1,0,60,,,,,646.32353,M+NH4,+,1,0,60,,,,,627.28242,M-H,-,1,0,60,,,
UDP-6-sulfoquinovose,XIC,eTargetCompound,C15H23N2O19P2S,,,ESI,5000,,0,,630.01637,M+H,+,1,0,120,,,,,651.99832,M+Na,+,1,0,60,,,,,647.04292,M+NH4,+,1,0,60,,,,,628.00182,M-H,-,1,0,60,,,
Phosphatidylinositol-3-4-5-trisphosphate,XIC,eTargetCompound,C11H22O22P4,,,ESI,5000,,0,,630.96259,M+H,+,1,0,120,,,,,652.94454,M+Na,+,1,0,60,,,,,647.98914,M+NH4,+,1,0,60,,,,,628.94804,M-H,-,1,0,60,,,
CMP-N-glycoloylneuraminate,XIC,eTargetCompound,C20H31N4O17P,,,ESI,5000,,0,,631.14946,M+H,+,1,0,120,,,,,653.1314,M+Na,+,1,0,60,,,,,648.17601,M+NH4,+,1,0,60,,,,,629.13491,M-H,-,1,0,60,,,
Oleanoic acid 3-O-glucuronide,XIC,eTargetCompound,C36H56O9,,,ESI,5000,,0,,633.39971,M+H,+,1,0,120,,,,,655.38165,M+Na,+,1,0,60,,,,,650.42626,M+NH4,+,1,0,60,,,,,631.38516,M-H,-,1,0,60,,,
Actinorhodine,XIC,eTargetCompound,C32H26O14,,,ESI,5000,,0,,635.13953,M+H,+,1,0,120,,,,,657.12148,M+Na,+,1,0,60,,,,,652.16608,M+NH4,+,1,0,60,,,,,633.12498,M-H,-,1,0,60,,,
"1-O,2-O,6-O-Trigalloyl-beta-D-glucose",XIC,eTargetCompound,C27H24O18,,,ESI,5000,,0,,637.10354,M+H,+,1,0,120,,,,,659.08548,M+Na,+,1,0,60,,,,,654.13009,M+NH4,+,1,0,60,,,,,635.08899,M-H,-,1,0,60,,,
Heparansulfate,XIC,eTargetCompound,C14H23NO21S3,,,ESI,5000,,0,,637.99975,M+H,+,1,0,120,,,,,659.98169,M+Na,+,1,0,60,,,,,655.02629,M+NH4,+,1,0,60,,,,,635.98519,M-H,-,1,0,60,,,
Luteolin 7-O-[beta-D-glucuronosyl-(1->2)-beta-D-glucuronide],XIC,eTargetCompound,C27H26O18,,,ESI,5000,,0,,639.11919,M+H,+,1,0,120,,,,,661.10113,M+Na,+,1,0,60,,,,,656.14574,M+NH4,+,1,0,60,,,,,637.10464,M-H,-,1,0,60,,,
2-Octaprenylphenol,XIC,eTargetCompound,C46H70O,,,ESI,5000,,0,,639.54994,M+H,+,1,0,120,,,,,661.53189,M+Na,+,1,0,60,,,,,656.57649,M+NH4,+,1,0,60,,,,,637.53539,M-H,-,1,0,60,,,
ADPribose 2'-phosphate,XIC,eTargetCompound,C15H24N5O17P3,,,ESI,5000,,0,,640.04528,M+H,+,1,0,120,,,,,662.02722,M+Na,+,1,0,60,,,,,657.07183,M+NH4,+,1,0,60,,,,,638.03073,M-H,-,1,0,60,,,
Demethyl-desacetyl-rifamycin S,XIC,eTargetCompound,C34H41NO11,,,ESI,5000,,0,,640.27524,M+H,+,1,0,120,,,,,662.25718,M+Na,+,1,0,60,,,,,657.30179,M+NH4,+,1,0,60,,,,,638.26068,M-H,-,1,0,60,,,
34a-Deoxy-rifamycin W,XIC,eTargetCompound,C35H45NO10,,,ESI,5000,,0,,640.31162,M+H,+,1,0,120,,,,,662.29357,M+Na,+,1,0,60,,,,,657.33817,M+NH4,+,1,0,60,,,,,638.29707,M-H,-,1,0,60,,,
Demethyl-desacetyl-rifamycin SV,XIC,eTargetCompound,C34H43NO11,,,ESI,5000,,0,,642.29089,M+H,+,1,0,120,,,,,664.27283,M+Na,+,1,0,60,,,,,659.31744,M+NH4,+,1,0,60,,,,,640.27633,M-H,-,1,0,60,,,
Proansamycin X,XIC,eTargetCompound,C35H47NO10,,,ESI,5000,,0,,642.32727,M+H,+,1,0,120,,,,,664.30922,M+Na,+,1,0,60,,,,,659.35382,M+NH4,+,1,0,60,,,,,640.31272,M-H,-,1,0,60,,,
S-(PGA1)-glutathione,XIC,eTargetCompound,C30H49N3O10S,,,ESI,5000,,0,,644.32114,M+H,+,1,0,120,,,,,666.30309,M+Na,+,1,0,60,,,,,661.34769,M+NH4,+,1,0,60,,,,,642.30659,M-H,-,1,0,60,,,
[SP (24:0)] N-(15Z-tetracosenoyl)-sphing-4-enine,XIC,eTargetCompound,C42H81NO3,,,ESI,5000,,0,,648.62892,M+H,+,1,0,120,,,,,670.61087,M+Na,+,1,0,60,,,,,665.65547,M+NH4,+,1,0,60,,,,,646.61437,M-H,-,1,0,60,,,
PA(16:0/16:0),XIC,eTargetCompound,C35H69O8P,,,ESI,5000,,0,,649.48028,M+H,+,1,0,120,,,,,671.46223,M+Na,+,1,0,60,,,,,666.50683,M+NH4,+,1,0,60,,,,,647.46573,M-H,-,1,0,60,,,
"[ST (18:2)] cholest-5-en-3beta-yl (9Z,12Z-octadecadienoate)",XIC,eTargetCompound,C45H76O2,,,ESI,5000,,0,,649.59181,M+H,+,1,0,120,,,,,671.57375,M+Na,+,1,0,60,,,,,666.61836,M+NH4,+,1,0,60,,,,,647.57725,M-H,-,1,0,60,,,
"3,5,3'-triiodothyropyruvate",XIC,eTargetCompound,C15H9I3O5,,,ESI,5000,,0,,650.76568,M+H,+,1,0,120,,,,,672.74762,M+Na,+,1,0,60,,,,,667.79223,M+NH4,+,1,0,60,,,,,648.75113,M-H,-,1,0,60,,,
glucosyl-limonin,XIC,eTargetCompound,C32H42O14,,,ESI,5000,,0,,651.26473,M+H,+,1,0,120,,,,,673.24668,M+Na,+,1,0,60,,,,,668.29128,M+NH4,+,1,0,60,,,,,649.25018,M-H,-,1,0,60,,,
"3,3',5'-triiodo-L-thyronine",XIC,eTargetCompound,C15H12I3NO4,,,ESI,5000,,0,,651.79731,M+H,+,1,0,120,,,,,673.77926,M+Na,+,1,0,60,,,,,668.82386,M+NH4,+,1,0,60,,,,,649.78276,M-H,-,1,0,60,,,
Liothyronine,XIC,eTargetCompound,C15H12I3NO4,,,ESI,5000,,0,,651.79731,M+H,+,1,0,120,,,,,673.77926,M+Na,+,1,0,60,,,,,668.82386,M+NH4,+,1,0,60,,,,,649.78276,M-H,-,1,0,60,,,
Hemin,XIC,eTargetCompound,C34H32ClFeN4O4,,,ESI,5000,,0,,652.15343,M+H,+,1,0,120,,,,,674.13537,M+Na,+,1,0,60,,,,,669.17998,M+NH4,+,1,0,60,,,,,650.13887,M-H,-,1,0,60,,,
"[ST Acetyl(2:0)] 17-(N-Acetyl-D-glucosaminyl)-estra-1,3,5(10)-triene-3,17alpha-diol 3-D-glucuronide",XIC,eTargetCompound,C32H45NO13,,,ESI,5000,,0,,652.29637,M+H,+,1,0,120,,,,,674.27831,M+Na,+,1,0,60,,,,,669.32292,M+NH4,+,1,0,60,,,,,650.28181,M-H,-,1,0,60,,,
Rifamycin W-hemiacetal,XIC,eTargetCompound,C35H43NO11,,,ESI,5000,,0,,654.29089,M+H,+,1,0,120,,,,,676.27283,M+Na,+,1,0,60,,,,,671.31744,M+NH4,+,1,0,60,,,,,652.27633,M-H,-,1,0,60,,,
Coproporphyrin I,XIC,eTargetCompound,C36H38N4O8,,,ESI,5000,,0,,655.27624,M+H,+,1,0,120,,,,,677.25819,M+Na,+,1,0,60,,,,,672.30279,M+NH4,+,1,0,60,,,,,653.26169,M-H,-,1,0,60,,,
Coproporphyrin III,XIC,eTargetCompound,C36H38N4O8,,,ESI,5000,,0,,655.27624,M+H,+,1,0,120,,,,,677.25819,M+Na,+,1,0,60,,,,,672.30279,M+NH4,+,1,0,60,,,,,653.26169,M-H,-,1,0,60,,,
all-trans-Heptaprenyl diphosphate,XIC,eTargetCompound,C35H60O7P2,,,ESI,5000,,0,,655.3887,M+H,+,1,0,120,,,,,677.37065,M+Na,+,1,0,60,,,,,672.41525,M+NH4,+,1,0,60,,,,,653.37415,M-H,-,1,0,60,,,
"di-trans,poly-cis-heptaprenyl diphosphate",XIC,eTargetCompound,C35H60O7P2,,,ESI,5000,,0,,655.3887,M+H,+,1,0,120,,,,,677.37065,M+Na,+,1,0,60,,,,,672.41525,M+NH4,+,1,0,60,,,,,653.37415,M-H,-,1,0,60,,,
2-Octaprenyl-6-hydroxyphenol,XIC,eTargetCompound,C46H70O2,,,ESI,5000,,0,,655.54486,M+H,+,1,0,120,,,,,677.5268,M+Na,+,1,0,60,,,,,672.57141,M+NH4,+,1,0,60,,,,,653.5303,M-H,-,1,0,60,,,
Rifamycin W,XIC,eTargetCompound,C35H45NO11,,,ESI,5000,,0,,656.30654,M+H,+,1,0,120,,,,,678.28848,M+Na,+,1,0,60,,,,,673.33309,M+NH4,+,1,0,60,,,,,654.29198,M-H,-,1,0,60,,,
Globomycin,XIC,eTargetCompound,C32H57N5O9,,,ESI,5000,,0,,656.4229,M+H,+,1,0,120,,,,,678.40485,M+Na,+,1,0,60,,,,,673.44945,M+NH4,+,1,0,60,,,,,654.40835,M-H,-,1,0,60,,,
"PA(P-16:0e/18:2(9Z,12Z))",XIC,eTargetCompound,C37H69O7P,,,ESI,5000,,0,,657.48537,M+H,+,1,0,120,,,,,679.46731,M+Na,+,1,0,60,,,,,674.51192,M+NH4,+,1,0,60,,,,,655.47081,M-H,-,1,0,60,,,
myo-Inositol hexakisphosphate,XIC,eTargetCompound,C6H18O24P6,,,ESI,5000,,0,,660.86865,M+H,+,1,0,120,,,,,682.85059,M+Na,+,1,0,60,,,,,677.8952,M+NH4,+,1,0,60,,,,,658.85409,M-H,-,1,0,60,,,
Phytic acid; Myo-Inositol hexakisphosphate,XIC,eTargetCompound,C6H18O24P6,,,ESI,5000,,0,,660.86865,M+H,+,1,0,120,,,,,682.85059,M+Na,+,1,0,60,,,,,677.8952,M+NH4,+,1,0,60,,,,,658.85409,M-H,-,1,0,60,,,
Coproporphyrinogen III,XIC,eTargetCompound,C36H44N4O8,,,ESI,5000,,0,,661.32319,M+H,+,1,0,120,,,,,683.30514,M+Na,+,1,0,60,,,,,678.34974,M+NH4,+,1,0,60,,,,,659.30864,M-H,-,1,0,60,,,
Streptomycin 3''-phosphate,XIC,eTargetCompound,C21H40N7O15P,,,ESI,5000,,0,,662.23928,M+H,+,1,0,120,,,,,684.22122,M+Na,+,1,0,60,,,,,679.26583,M+NH4,+,1,0,60,,,,,660.22472,M-H,-,1,0,60,,,
Streptomycin 6-phosphate,XIC,eTargetCompound,C21H40N7O15P,,,ESI,5000,,0,,662.23928,M+H,+,1,0,120,,,,,684.22122,M+Na,+,1,0,60,,,,,679.26583,M+NH4,+,1,0,60,,,,,660.22472,M-H,-,1,0,60,,,
Dihydrostreptomycin 6-phosphate,XIC,eTargetCompound,C21H42N7O15P,,,ESI,5000,,0,,664.25493,M+H,+,1,0,120,,,,,686.23687,M+Na,+,1,0,60,,,,,681.28148,M+NH4,+,1,0,60,,,,,662.24037,M-H,-,1,0,60,,,
beta-Nicotinamide adenine dinucleotide (NAD+),XIC,eTargetCompound,C21H28N7O14P2,,,ESI,5000,,0,,665.12422,M+H,+,1,0,120,,,,,687.10617,M+Na,+,1,0,60,,,,,682.15077,M+NH4,+,1,0,60,,,,,663.10967,M-H,-,1,0,60,,,
Nicotinic acid adenine dinucleotide; NAADP,XIC,eTargetCompound,C21H27N6O15P2,,,ESI,5000,,0,,666.10824,M+H,+,1,0,120,,,,,688.09018,M+Na,+,1,0,60,,,,,683.13479,M+NH4,+,1,0,60,,,,,664.09369,M-H,-,1,0,60,,,
NADH,XIC,eTargetCompound,C21H29N7O14P2,,,ESI,5000,,0,,666.13205,M+H,+,1,0,120,,,,,688.11399,M+Na,+,1,0,60,,,,,683.1586,M+NH4,+,1,0,60,,,,,664.11749,M-H,-,1,0,60,,,
"1,3-alpha-D-Mannosyl-1,2-alpha-D-mannosyl-1,2-alpha-D-mannosyl-D- mannose",XIC,eTargetCompound,C24H42O21,,,ESI,5000,,0,,667.22913,M+H,+,1,0,120,,,,,689.21108,M+Na,+,1,0,60,,,,,684.25568,M+NH4,+,1,0,60,,,,,665.21458,M-H,-,1,0,60,,,
1F-alpha-D-Galactosylraffinose,XIC,eTargetCompound,C24H42O21,,,ESI,5000,,0,,667.22913,M+H,+,1,0,120,,,,,689.21108,M+Na,+,1,0,60,,,,,684.25568,M+NH4,+,1,0,60,,,,,665.21458,M-H,-,1,0,60,,,
Glycogen,XIC,eTargetCompound,C24H42O21,,,ESI,5000,,0,,667.22913,M+H,+,1,0,120,,,,,689.21108,M+Na,+,1,0,60,,,,,684.25568,M+NH4,+,1,0,60,,,,,665.21458,M-H,-,1,0,60,,,
Maltotetraose,XIC,eTargetCompound,C24H42O21,,,ESI,5000,,0,,667.22913,M+H,+,1,0,120,,,,,689.21108,M+Na,+,1,0,60,,,,,684.25568,M+NH4,+,1,0,60,,,,,665.21458,M-H,-,1,0,60,,,
Stachyose,XIC,eTargetCompound,C24H42O21,,,ESI,5000,,0,,667.22913,M+H,+,1,0,120,,,,,689.21108,M+Na,+,1,0,60,,,,,684.25568,M+NH4,+,1,0,60,,,,,665.21458,M-H,-,1,0,60,,,
CE(19:0),XIC,eTargetCompound,C46H82O2,,,ESI,5000,,0,,667.63876,M+H,+,1,0,120,,,,,689.6207,M+Na,+,1,0,60,,,,,684.66531,M+NH4,+,1,0,60,,,,,665.62421,M-H,-,1,0,60,,,
2-Octaprenyl-6-methoxyphenol,XIC,eTargetCompound,C47H72O2,,,ESI,5000,,0,,669.56051,M+H,+,1,0,120,,,,,691.54245,M+Na,+,1,0,60,,,,,686.58706,M+NH4,+,1,0,60,,,,,667.54595,M-H,-,1,0,60,,,
Enterochelin,XIC,eTargetCompound,C30H27N3O15,,,ESI,5000,,0,,670.15149,M+H,+,1,0,120,,,,,692.13344,M+Na,+,1,0,60,,,,,687.17804,M+NH4,+,1,0,60,,,,,668.13694,M-H,-,1,0,60,,,
"alpha-N-Acetylneuraminyl-2,6-beta-D-galactosyl-1,4-N-acetyl-beta-D- glucosamine",XIC,eTargetCompound,C25H42N2O19,,,ESI,5000,,0,,675.24545,M+H,+,1,0,120,,,,,697.2274,M+Na,+,1,0,60,,,,,692.272,M+NH4,+,1,0,60,,,,,673.2309,M-H,-,1,0,60,,,
Icariin,XIC,eTargetCompound,C33H40O15,,,ESI,5000,,0,,677.244,M+H,+,1,0,120,,,,,699.22594,M+Na,+,1,0,60,,,,,694.27055,M+NH4,+,1,0,60,,,,,675.22944,M-H,-,1,0,60,,,
Triethanolamine,XIC,eTargetCompound,C33H40O15,,,ESI,5000,,0,,677.244,M+H,+,1,0,120,,,,,699.22594,M+Na,+,1,0,60,,,,,694.27055,M+NH4,+,1,0,60,,,,,675.22944,M-H,-,1,0,60,,,
UDP-N-acetyl-3-(1-carboxyvinyl)-D-glucosamine,XIC,eTargetCompound,C20H29N3O19P2,,,ESI,5000,,0,,678.09432,M+H,+,1,0,120,,,,,700.07627,M+Na,+,1,0,60,,,,,695.12087,M+NH4,+,1,0,60,,,,,676.07977,M-H,-,1,0,60,,,
UDP-N-acetylmuramate,XIC,eTargetCompound,C20H31N3O19P2,,,ESI,5000,,0,,680.10997,M+H,+,1,0,120,,,,,702.09192,M+Na,+,1,0,60,,,,,697.13652,M+NH4,+,1,0,60,,,,,678.09542,M-H,-,1,0,60,,,
"2-Octaprenyl-6-methoxy-1,4-benzoquinone",XIC,eTargetCompound,C47H70O3,,,ESI,5000,,0,,683.53977,M+H,+,1,0,120,,,,,705.52172,M+Na,+,1,0,60,,,,,700.56632,M+NH4,+,1,0,60,,,,,681.52522,M-H,-,1,0,60,,,
3-Octaprenyl-4-hydroxybenzoate,XIC,eTargetCompound,C47H70O3,,,ESI,5000,,0,,683.53977,M+H,+,1,0,120,,,,,705.52172,M+Na,+,1,0,60,,,,,700.56632,M+NH4,+,1,0,60,,,,,681.52522,M-H,-,1,0,60,,,
Guanosine 3'-diphosphate 5'-triphosphate,XIC,eTargetCompound,C10H18N5O20P5,,,ESI,5000,,0,,683.9306,M+H,+,1,0,120,,,,,705.91254,M+Na,+,1,0,60,,,,,700.95715,M+NH4,+,1,0,60,,,,,681.91604,M-H,-,1,0,60,,,
27-O-Demethyl-rifamycin SV,XIC,eTargetCompound,C36H45NO12,,,ESI,5000,,0,,684.30145,M+H,+,1,0,120,,,,,706.2834,M+Na,+,1,0,60,,,,,701.328,M+NH4,+,1,0,60,,,,,682.2869,M-H,-,1,0,60,,,
Chitin,XIC,eTargetCompound,C28H49N3O16,,,ESI,5000,,0,,684.31856,M+H,+,1,0,120,,,,,706.3005,M+Na,+,1,0,60,,,,,701.34511,M+NH4,+,1,0,60,,,,,682.30401,M-H,-,1,0,60,,,
"(6S)-6-beta-Hydroxy-1,4,5,6-tetrahydronicotinamide-adenine dinucleotide",XIC,eTargetCompound,C21H32N7O15P2,,,ESI,5000,,0,,685.15044,M+H,+,1,0,120,,,,,707.13238,M+Na,+,1,0,60,,,,,702.17699,M+NH4,+,1,0,60,,,,,683.13588,M-H,-,1,0,60,,,
Viomycin,XIC,eTargetCompound,C25H43N13O10,,,ESI,5000,,0,,686.33286,M+H,+,1,0,120,,,,,708.31481,M+Na,+,1,0,60,,,,,703.35941,M+NH4,+,1,0,60,,,,,684.31831,M-H,-,1,0,60,,,
UDP-N-acetyl-D-galactosamine 4-sulfate,XIC,eTargetCompound,C17H27N3O20P2S,,,ESI,5000,,0,,688.04566,M+H,+,1,0,120,,,,,710.0276,M+Na,+,1,0,60,,,,,705.07221,M+NH4,+,1,0,60,,,,,686.03111,M-H,-,1,0,60,,,
3'-Dephospho-coenzyme A,XIC,eTargetCompound,C21H35N7O13P2S,,,ESI,5000,,0,,688.15615,M+H,+,1,0,120,,,,,710.1381,M+Na,+,1,0,60,,,,,705.1827,M+NH4,+,1,0,60,,,,,686.1416,M-H,-,1,0,60,,,
Oleandomycin,XIC,eTargetCompound,C35H61NO12,,,ESI,5000,,0,,688.42665,M+H,+,1,0,120,,,,,710.4086,M+Na,+,1,0,60,,,,,705.4532,M+NH4,+,1,0,60,,,,,686.4121,M-H,-,1,0,60,,,
"3',5'-Cyclic diGMP",XIC,eTargetCompound,C20H24N10O14P2,,,ESI,5000,,0,,691.10214,M+H,+,1,0,120,,,,,713.08409,M+Na,+,1,0,60,,,,,708.12869,M+NH4,+,1,0,60,,,,,689.08759,M-H,-,1,0,60,,,
Alpha-Tetrasaccharide,XIC,eTargetCompound,C26H45NO20,,,ESI,5000,,0,,692.26077,M+H,+,1,0,120,,,,,714.24271,M+Na,+,1,0,60,,,,,709.28732,M+NH4,+,1,0,60,,,,,690.24622,M-H,-,1,0,60,,,
curcumin diglucoside,XIC,eTargetCompound,C33H41O16,,,ESI,5000,,0,,694.24674,M+H,+,1,0,120,,,,,716.22868,M+Na,+,1,0,60,,,,,711.27329,M+NH4,+,1,0,60,,,,,692.23218,M-H,-,1,0,60,,,
ferrichrome,XIC,eTargetCompound,C27H51N9O12,,,ESI,5000,,0,,694.37299,M+H,+,1,0,120,,,,,716.35494,M+Na,+,1,0,60,,,,,711.39954,M+NH4,+,1,0,60,,,,,692.35844,M-H,-,1,0,60,,,
"2-Octaprenyl-3-methyl-6-methoxy-1,4-benzoquinone",XIC,eTargetCompound,C48H72O3,,,ESI,5000,,0,,697.55542,M+H,+,1,0,120,,,,,719.53737,M+Na,+,1,0,60,,,,,714.58197,M+NH4,+,1,0,60,,,,,695.54087,M-H,-,1,0,60,,,
"CE(22:6(4Z,7Z,10Z,13Z,16Z,19Z))",XIC,eTargetCompound,C49H76O2,,,ESI,5000,,0,,697.59181,M+H,+,1,0,120,,,,,719.57375,M+Na,+,1,0,60,,,,,714.61836,M+NH4,+,1,0,60,,,,,695.57725,M-H,-,1,0,60,,,
Rifamycin,XIC,eTargetCompound,C37H47NO12,,,ESI,5000,,0,,698.3171,M+H,+,1,0,120,,,,,720.29905,M+Na,+,1,0,60,,,,,715.34365,M+NH4,+,1,0,60,,,,,696.30255,M-H,-,1,0,60,,,
"[ST (22:4)] cholest-5-en-3beta-yl (7Z,10Z,13Z,16Z-docosatetraenoate)",XIC,eTargetCompound,C49H80O2,,,ESI,5000,,0,,701.62311,M+H,+,1,0,120,,,,,723.60505,M+Na,+,1,0,60,,,,,718.64966,M+NH4,+,1,0,60,,,,,699.60855,M-H,-,1,0,60,,,
demethylmenaquinone-8,XIC,eTargetCompound,C50H70O2,,,ESI,5000,,0,,703.54486,M+H,+,1,0,120,,,,,725.5268,M+Na,+,1,0,60,,,,,720.57141,M+NH4,+,1,0,60,,,,,701.5303,M-H,-,1,0,60,,,
Ecdysone palmitate,XIC,eTargetCompound,C43H74O7,,,ESI,5000,,0,,703.55073,M+H,+,1,0,120,,,,,725.53268,M+Na,+,1,0,60,,,,,720.57728,M+NH4,+,1,0,60,,,,,701.53618,M-H,-,1,0,60,,,
Tetrahydropteroyltri-L-glutamate,XIC,eTargetCompound,C29H37N9O12,,,ESI,5000,,0,,704.26344,M+H,+,1,0,120,,,,,726.24539,M+Na,+,1,0,60,,,,,721.28999,M+NH4,+,1,0,60,,,,,702.24889,M-H,-,1,0,60,,,
"CE(22:2(13Z,16Z))",XIC,eTargetCompound,C49H84O2,,,ESI,5000,,0,,705.65441,M+H,+,1,0,120,,,,,727.63635,M+Na,+,1,0,60,,,,,722.68096,M+NH4,+,1,0,60,,,,,703.63986,M-H,-,1,0,60,,,
Vibriobactin,XIC,eTargetCompound,C35H39N5O11,,,ESI,5000,,0,,706.27188,M+H,+,1,0,120,,,,,728.25383,M+Na,+,1,0,60,,,,,723.29843,M+NH4,+,1,0,60,,,,,704.25733,M-H,-,1,0,60,,,
Lacto-N-tetraose,XIC,eTargetCompound,C26H45NO21,,,ESI,5000,,0,,708.25568,M+H,+,1,0,120,,,,,730.23763,M+Na,+,1,0,60,,,,,725.28223,M+NH4,+,1,0,60,,,,,706.24113,M-H,-,1,0,60,,,
CE(22:0),XIC,eTargetCompound,C49H88O2,,,ESI,5000,,0,,709.68571,M+H,+,1,0,120,,,,,731.66765,M+Na,+,1,0,60,,,,,726.71226,M+NH4,+,1,0,60,,,,,707.67116,M-H,-,1,0,60,,,
Coproporphyrin III tetramethyl ester,XIC,eTargetCompound,C40H46N4O8,,,ESI,5000,,0,,711.33884,M+H,+,1,0,120,,,,,733.32079,M+Na,+,1,0,60,,,,,728.36539,M+NH4,+,1,0,60,,,,,709.32429,M-H,-,1,0,60,,,
"2,3-Bis(3-hydroxytetradecanoyl)-beta-D-glucosaminyl 1-phosphate",XIC,eTargetCompound,C34H66NO12P,,,ESI,5000,,0,,712.43954,M+H,+,1,0,120,,,,,734.42148,M+Na,+,1,0,60,,,,,729.46609,M+NH4,+,1,0,60,,,,,710.42499,M-H,-,1,0,60,,,
3-hydroxyacyl group of bacterial toxin,XIC,eTargetCompound,C34H66NO12P,,,ESI,5000,,0,,712.43954,M+H,+,1,0,120,,,,,734.42148,M+Na,+,1,0,60,,,,,729.46609,M+NH4,+,1,0,60,,,,,710.42499,M-H,-,1,0,60,,,
"2-Octaprenyl-3-methyl-5-hydroxy-6-methoxy-1,4-benzoquinone",XIC,eTargetCompound,C48H72O4,,,ESI,5000,,0,,713.55034,M+H,+,1,0,120,,,,,735.53228,M+Na,+,1,0,60,,,,,730.57689,M+NH4,+,1,0,60,,,,,711.53578,M-H,-,1,0,60,,,
Delphinidin 3-O-(6''-O-malonyl)-beta-glucoside-3'-O-beta-glucoside,XIC,eTargetCompound,C30H33O20,,,ESI,5000,,0,,714.16379,M+H,+,1,0,120,,,,,736.14574,M+Na,+,1,0,60,,,,,731.19034,M+NH4,+,1,0,60,,,,,712.14924,M-H,-,1,0,60,,,
N(omega)-(ADP-D-ribosyl)-L-arginine,XIC,eTargetCompound,C21H35N9O15P2,,,ESI,5000,,0,,716.18006,M+H,+,1,0,120,,,,,738.16201,M+Na,+,1,0,60,,,,,733.20661,M+NH4,+,1,0,60,,,,,714.16551,M-H,-,1,0,60,,,
"2,3-Bis-O-(geranylgeranyl)glycerol 1-phosphate",XIC,eTargetCompound,C43H73O6P,,,ESI,5000,,0,,717.52175,M+H,+,1,0,120,,,,,739.5037,M+Na,+,1,0,60,,,,,734.5483,M+NH4,+,1,0,60,,,,,715.5072,M-H,-,1,0,60,,,
5-Methyltetrahydropteroyltri-L-glutamate,XIC,eTargetCompound,C30H39N9O12,,,ESI,5000,,0,,718.27909,M+H,+,1,0,120,,,,,740.26104,M+Na,+,1,0,60,,,,,735.30564,M+NH4,+,1,0,60,,,,,716.26454,M-H,-,1,0,60,,,
tunicamycin,XIC,eTargetCompound,C30H46N4O16,,,ESI,5000,,0,,719.29816,M+H,+,1,0,120,,,,,741.2801,M+Na,+,1,0,60,,,,,736.32471,M+NH4,+,1,0,60,,,,,717.2836,M-H,-,1,0,60,,,
menaquinol-8,XIC,eTargetCompound,C51H74O2,,,ESI,5000,,0,,719.57616,M+H,+,1,0,120,,,,,741.5581,M+Na,+,1,0,60,,,,,736.60271,M+NH4,+,1,0,60,,,,,717.5616,M-H,-,1,0,60,,,
Phosphoribosyl-ATP,XIC,eTargetCompound,C15H26N5O20P4,,,ESI,5000,,0,,721.01944,M+H,+,1,0,120,,,,,743.00138,M+Na,+,1,0,60,,,,,738.04598,M+NH4,+,1,0,60,,,,,719.00488,M-H,-,1,0,60,,,
Trypanothione disulfide,XIC,eTargetCompound,C27H47N9O10S2,,,ESI,5000,,0,,722.29601,M+H,+,1,0,120,,,,,744.27795,M+Na,+,1,0,60,,,,,739.32256,M+NH4,+,1,0,60,,,,,720.28145,M-H,-,1,0,60,,,
Fumonisin B1,XIC,eTargetCompound,C34H59NO15,,,ESI,5000,,0,,722.39575,M+H,+,1,0,120,,,,,744.37769,M+Na,+,1,0,60,,,,,739.4223,M+NH4,+,1,0,60,,,,,720.38119,M-H,-,1,0,60,,,
" Octaprenyl diphosphate, trans-Octaprenyl diphosphate",XIC,eTargetCompound,C40H68O7P2,,,ESI,5000,,0,,723.4513,M+H,+,1,0,120,,,,,745.43325,M+Na,+,1,0,60,,,,,740.47785,M+NH4,+,1,0,60,,,,,721.43675,M-H,-,1,0,60,,,
"di-trans,poly-cis-octaprenyl diphosphate",XIC,eTargetCompound,C40H68O7P2,,,ESI,5000,,0,,723.4513,M+H,+,1,0,120,,,,,745.43325,M+Na,+,1,0,60,,,,,740.47785,M+NH4,+,1,0,60,,,,,721.43675,M-H,-,1,0,60,,,
"1,2-dipalmitoylphosphatidylglycerol (DPPG)",XIC,eTargetCompound,C38H75O10P,,,ESI,5000,,0,,723.51706,M+H,+,1,0,120,,,,,745.49901,M+Na,+,1,0,60,,,,,740.54361,M+NH4,+,1,0,60,,,,,721.50251,M-H,-,1,0,60,,,
Trypanothione,XIC,eTargetCompound,C27H49N9O10S2,,,ESI,5000,,0,,724.31166,M+H,+,1,0,120,,,,,746.2936,M+Na,+,1,0,60,,,,,741.33821,M+NH4,+,1,0,60,,,,,722.2971,M-H,-,1,0,60,,,
ferric enterobactin,XIC,eTargetCompound,C30H27FeN3O15,,,ESI,5000,,0,,726.08644,M+H,+,1,0,120,,,,,748.06838,M+Na,+,1,0,60,,,,,743.11298,M+NH4,+,1,0,60,,,,,724.07188,M-H,-,1,0,60,,,
Amaranthin,XIC,eTargetCompound,C30H34N2O19,,,ESI,5000,,0,,727.18285,M+H,+,1,0,120,,,,,749.1648,M+Na,+,1,0,60,,,,,744.2094,M+NH4,+,1,0,60,,,,,725.1683,M-H,-,1,0,60,,,
SM(d18:1/18:0),XIC,eTargetCompound,C41H83N2O6P,,,ESI,5000,,0,,731.60615,M+H,+,1,0,120,,,,,753.5881,M+Na,+,1,0,60,,,,,748.6327,M+NH4,+,1,0,60,,,,,729.5916,M-H,-,1,0,60,,,
Dipalmitoylphosphatidylcholine (DPPC),XIC,eTargetCompound,C40H80NO8P,,,ESI,5000,,0,,734.56943,M+H,+,1,0,120,,,,,756.55138,M+Na,+,1,0,60,,,,,751.59598,M+NH4,+,1,0,60,,,,,732.55488,M-H,-,1,0,60,,,
[ST (24:0)] cholest-5-en-3beta-yl (15Z-tetracosenoate),XIC,eTargetCompound,C51H90O2,,,ESI,5000,,0,,735.70136,M+H,+,1,0,120,,,,,757.6833,M+Na,+,1,0,60,,,,,752.72791,M+NH4,+,1,0,60,,,,,733.68681,M-H,-,1,0,60,,,
1-Diphosinositol pentakisphosphate,XIC,eTargetCompound,C6H19O27P7,,,ESI,5000,,0,,740.83498,M+H,+,1,0,120,,,,,762.81692,M+Na,+,1,0,60,,,,,757.86153,M+NH4,+,1,0,60,,,,,738.82042,M-H,-,1,0,60,,,
5-PP-InsP5,XIC,eTargetCompound,C6H19O27P7,,,ESI,5000,,0,,740.83498,M+H,+,1,0,120,,,,,762.81692,M+Na,+,1,0,60,,,,,757.86153,M+NH4,+,1,0,60,,,,,738.82042,M-H,-,1,0,60,,,
Pelargonidin 3-O-rutinoside 5-O-beta-D-glucoside,XIC,eTargetCompound,C33H40O19,,,ESI,5000,,0,,741.22366,M+H,+,1,0,120,,,,,763.2056,M+Na,+,1,0,60,,,,,758.2502,M+NH4,+,1,0,60,,,,,739.2091,M-H,-,1,0,60,,,
Pelargonidin 3-O-beta-D-glucoside 5-O-(6-coumaroyl-beta-D-glucoside),XIC,eTargetCompound,C36H37O17,,,ESI,5000,,0,,742.21035,M+H,+,1,0,120,,,,,764.1923,M+Na,+,1,0,60,,,,,759.2369,M+NH4,+,1,0,60,,,,,740.1958,M-H,-,1,0,60,,,
Glycoprotein,XIC,eTargetCompound,C28H47N5O18,,,ESI,5000,,0,,742.29889,M+H,+,1,0,120,,,,,764.28083,M+Na,+,1,0,60,,,,,759.32543,M+NH4,+,1,0,60,,,,,740.28433,M-H,-,1,0,60,,,
Quercetin 3-(2G-xylosylrutinoside),XIC,eTargetCompound,C32H38O20,,,ESI,5000,,0,,743.20292,M+H,+,1,0,120,,,,,765.18486,M+Na,+,1,0,60,,,,,760.22947,M+NH4,+,1,0,60,,,,,741.18837,M-H,-,1,0,60,,,
"Dihydrostreptomycin 3'alpha,6-bisphosphate",XIC,eTargetCompound,C21H43N7O18P2,,,ESI,5000,,0,,744.22126,M+H,+,1,0,120,,,,,766.2032,M+Na,+,1,0,60,,,,,761.24781,M+NH4,+,1,0,60,,,,,742.2067,M-H,-,1,0,60,,,
N-GlycoloylgangliosideGM2,XIC,eTargetCompound,C43H85NO8,,,ESI,5000,,0,,744.63479,M+H,+,1,0,120,,,,,766.61674,M+Na,+,1,0,60,,,,,761.66134,M+NH4,+,1,0,60,,,,,742.62024,M-H,-,1,0,60,,,
Nicotinamide adenine dinucleotide phosphate (NADP),XIC,eTargetCompound,C21H29N7O17P3,,,ESI,5000,,0,,745.09055,M+H,+,1,0,120,,,,,767.0725,M+Na,+,1,0,60,,,,,762.1171,M+NH4,+,1,0,60,,,,,743.076,M-H,-,1,0,60,,,
NN001_NADPH,XIC,eTargetCompound,,,,None,0,,,,,,,,,,,,,,,,,,,,,,,,,,,,,,,,,,744.0838,M-,-,1,40.19,30,,,
NADPH,XIC,eTargetCompound,C21H30N7O17P3,,,ESI,5000,,0,,746.09838,M+H,+,1,0,120,,,,,768.08032,M+Na,+,1,0,60,,,,,763.12493,M+NH4,+,1,0,60,,,,,744.08382,M-H,-,1,0,60,,,
NADPH; Nicotinamide adenine dinucleotide phosphate,XIC,eTargetCompound,C21H30N7O17P3,,,ESI,5000,,0,,746.09838,M+H,+,1,0,120,,,,,768.08032,M+Na,+,1,0,60,,,,,763.12493,M+NH4,+,1,0,60,,,,,744.08382,M-H,-,1,0,60,,,
Methanofuran,XIC,eTargetCompound,C34H44N4O15,,,ESI,5000,,0,,749.28759,M+H,+,1,0,120,,,,,771.26954,M+Na,+,1,0,60,,,,,766.31414,M+NH4,+,1,0,60,,,,,747.27304,M-H,-,1,0,60,,,
Plastoquinone-9,XIC,eTargetCompound,C53H80O2,,,ESI,5000,,0,,749.62311,M+H,+,1,0,120,,,,,771.60505,M+Na,+,1,0,60,,,,,766.64966,M+NH4,+,1,0,60,,,,,747.60855,M-H,-,1,0,60,,,
3'-N-Debenzoyltaxol,XIC,eTargetCompound,C40H47NO13,,,ESI,5000,,0,,750.31202,M+H,+,1,0,120,,,,,772.29396,M+Na,+,1,0,60,,,,,767.33857,M+NH4,+,1,0,60,,,,,748.29746,M-H,-,1,0,60,,,
UDP-N-acetylmuramoyl-L-alanine,XIC,eTargetCompound,C23H36N4O20P2,,,ESI,5000,,0,,751.14709,M+H,+,1,0,120,,,,,773.12903,M+Na,+,1,0,60,,,,,768.17364,M+NH4,+,1,0,60,,,,,749.13254,M-H,-,1,0,60,,,
Nonaprenyl-4-hydroxybenzoate,XIC,eTargetCompound,C52H78O3,,,ESI,5000,,0,,751.60237,M+H,+,1,0,120,,,,,773.58432,M+Na,+,1,0,60,,,,,768.62892,M+NH4,+,1,0,60,,,,,749.58782,M-H,-,1,0,60,,,
Rifamycin O,XIC,eTargetCompound,C39H47NO14,,,ESI,5000,,0,,754.30693,M+H,+,1,0,120,,,,,776.28888,M+Na,+,1,0,60,,,,,771.33348,M+NH4,+,1,0,60,,,,,752.29238,M-H,-,1,0,60,,,
Rifamycin B,XIC,eTargetCompound,C39H49NO14,,,ESI,5000,,0,,756.32258,M+H,+,1,0,120,,,,,778.30453,M+Na,+,1,0,60,,,,,773.34913,M+NH4,+,1,0,60,,,,,754.30803,M-H,-,1,0,60,,,
"P1,P3-Bis(5'-adenosyl) triphosphate",XIC,eTargetCompound,C20H27N10O16P3,,,ESI,5000,,0,,757.08921,M+H,+,1,0,120,,,,,779.07116,M+Na,+,1,0,60,,,,,774.11576,M+NH4,+,1,0,60,,,,,755.07466,M-H,-,1,0,60,,,
Nostocyclopeptide A1,XIC,eTargetCompound,C37H56N8O9,,,ESI,5000,,0,,757.4243,M+H,+,1,0,120,,,,,779.40625,M+Na,+,1,0,60,,,,,774.45085,M+NH4,+,1,0,60,,,,,755.40975,M-H,-,1,0,60,,,
Cyanidin 3-O-(6-O-p-coumaroyl)glucoside-5-O-glucoside,XIC,eTargetCompound,C36H37O18,,,ESI,5000,,0,,758.20527,M+H,+,1,0,120,,,,,780.18721,M+Na,+,1,0,60,,,,,775.23181,M+NH4,+,1,0,60,,,,,756.19071,M-H,-,1,0,60,,,
Pelargonidin 3-O-(6-caffeoyl-beta-D-glucoside) 5-O-beta-D-glucoside,XIC,eTargetCompound,C36H37O18,,,ESI,5000,,0,,758.20527,M+H,+,1,0,120,,,,,780.18721,M+Na,+,1,0,60,,,,,775.23181,M+NH4,+,1,0,60,,,,,756.19071,M-H,-,1,0,60,,,
Bilirubinglucuronide,XIC,eTargetCompound,C39H44N4O12,,,ESI,5000,,0,,761.30285,M+H,+,1,0,120,,,,,783.28479,M+Na,+,1,0,60,,,,,778.3294,M+NH4,+,1,0,60,,,,,759.2883,M-H,-,1,0,60,,,
Bilirubin-glucuronoside,XIC,eTargetCompound,C39H44N4O12,,,ESI,5000,,0,,761.30285,M+H,+,1,0,120,,,,,783.28479,M+Na,+,1,0,60,,,,,778.3294,M+NH4,+,1,0,60,,,,,759.2883,M-H,-,1,0,60,,,
O-Phosphoviomycin,XIC,eTargetCompound,C25H44N13O13P,,,ESI,5000,,0,,766.29919,M+H,+,1,0,120,,,,,788.28114,M+Na,+,1,0,60,,,,,783.32574,M+NH4,+,1,0,60,,,,,764.28464,M-H,-,1,0,60,,,
"di-trans,poly-cis-undecaprenol",XIC,eTargetCompound,C55H90O,,,ESI,5000,,0,,767.70644,M+H,+,1,0,120,,,,,789.68839,M+Na,+,1,0,60,,,,,784.73299,M+NH4,+,1,0,60,,,,,765.69189,M-H,-,1,0,60,,,
Undecaprenol,XIC,eTargetCompound,C55H90O,,,ESI,5000,,0,,767.70644,M+H,+,1,0,120,,,,,789.68839,M+Na,+,1,0,60,,,,,784.73299,M+NH4,+,1,0,60,,,,,765.69189,M-H,-,1,0,60,,,
"UDP-N-acetyl-D-galactosamine 4,6-bissulfate",XIC,eTargetCompound,C17H27N3O23P2S2,,,ESI,5000,,0,,768.00247,M+H,+,1,0,120,,,,,789.98442,M+Na,+,1,0,60,,,,,785.02902,M+NH4,+,1,0,60,,,,,765.98792,M-H,-,1,0,60,,,
CoA (Coenzyme A),XIC,eTargetCompound,C21H36N7O16P3S,,,ESI,5000,,0,,768.12248,M+H,+,1,0,120,,,,,790.10443,M+Na,+,1,0,60,,,,,785.14903,M+NH4,+,1,0,60,,,,,766.10793,M-H,-,1,0,60,,,
Oleandomycin 2'-O-phosphate,XIC,eTargetCompound,C35H62NO15P,,,ESI,5000,,0,,768.39298,M+H,+,1,0,120,,,,,790.37493,M+Na,+,1,0,60,,,,,785.41953,M+NH4,+,1,0,60,,,,,766.37843,M-H,-,1,0,60,,,
Kaempferol 3-O-beta-D-glucosyl-(1->2)-beta-D-glucosyl-(1->2)-beta-D-glucoside,XIC,eTargetCompound,C33H40O21,,,ESI,5000,,0,,773.21348,M+H,+,1,0,120,,,,,795.19543,M+Na,+,1,0,60,,,,,790.24003,M+NH4,+,1,0,60,,,,,771.19893,M-H,-,1,0,60,,,
Coenzyme F420,XIC,eTargetCompound,C29H36N5O18P,,,ESI,5000,,0,,774.18657,M+H,+,1,0,120,,,,,796.16852,M+Na,+,1,0,60,,,,,791.21312,M+NH4,+,1,0,60,,,,,772.17202,M-H,-,1,0,60,,,
Angiotensin IV,XIC,eTargetCompound,C40H54N8O8,,,ESI,5000,,0,,775.41374,M+H,+,1,0,120,,,,,797.39568,M+Na,+,1,0,60,,,,,792.44029,M+NH4,+,1,0,60,,,,,773.39918,M-H,-,1,0,60,,,
AngiotensinIV,XIC,eTargetCompound,C40H54N8O8,,,ESI,5000,,0,,775.41374,M+H,+,1,0,120,,,,,797.39568,M+Na,+,1,0,60,,,,,792.44029,M+NH4,+,1,0,60,,,,,773.39918,M-H,-,1,0,60,,,
Reduced coenzyme F420,XIC,eTargetCompound,C29H38N5O18P,,,ESI,5000,,0,,776.20222,M+H,+,1,0,120,,,,,798.18417,M+Na,+,1,0,60,,,,,793.22877,M+NH4,+,1,0,60,,,,,774.18767,M-H,-,1,0,60,,,
"5,6,7,8-Tetrahydromethanopterin",XIC,eTargetCompound,C30H45N6O16P,,,ESI,5000,,0,,777.27024,M+H,+,1,0,120,,,,,799.25219,M+Na,+,1,0,60,,,,,794.29679,M+NH4,+,1,0,60,,,,,775.25569,M-H,-,1,0,60,,,
"Thyroxine; 3,3',5,5''-Tetraiodo-L-thyronine",XIC,eTargetCompound,C15H11I4NO4,,,ESI,5000,,0,,777.69396,M+H,+,1,0,120,,,,,799.6759,M+Na,+,1,0,60,,,,,794.72051,M+NH4,+,1,0,60,,,,,775.6794,M-H,-,1,0,60,,,
Decaprenol phosphate,XIC,eTargetCompound,C50H83O4P,,,ESI,5000,,0,,779.61017,M+H,+,1,0,120,,,,,801.59212,M+Na,+,1,0,60,,,,,796.63672,M+NH4,+,1,0,60,,,,,777.59562,M-H,-,1,0,60,,,
N-N'-Diacetylchitobiosyldiphosphodolichol,XIC,eTargetCompound,C28H50N2O19P2,,,ESI,5000,,0,,781.25558,M+H,+,1,0,120,,,,,803.23752,M+Na,+,1,0,60,,,,,798.28213,M+NH4,+,1,0,60,,,,,779.24102,M-H,-,1,0,60,,,
Flavin adenine dinucleotide; FAD,XIC,eTargetCompound,C27H33N9O15P2,,,ESI,5000,,0,,786.16441,M+H,+,1,0,120,,,,,808.14636,M+Na,+,1,0,60,,,,,803.19096,M+NH4,+,1,0,60,,,,,784.14986,M-H,-,1,0,60,,,
FADH2,XIC,eTargetCompound,C27H35N9O15P2,,,ESI,5000,,0,,788.18006,M+H,+,1,0,120,,,,,810.16201,M+Na,+,1,0,60,,,,,805.20661,M+NH4,+,1,0,60,,,,,786.16551,M-H,-,1,0,60,,,
"5,10-Methenyltetrahydromethanopterin",XIC,eTargetCompound,C31H44N6O16P,,,ESI,5000,,0,,788.26242,M+H,+,1,0,120,,,,,810.24436,M+Na,+,1,0,60,,,,,805.28897,M+NH4,+,1,0,60,,,,,786.24786,M-H,-,1,0,60,,,
"1,2,3,6-Tetrakis-O-galloyl-beta-D-glucose",XIC,eTargetCompound,C34H28O22,,,ESI,5000,,0,,789.1145,M+H,+,1,0,120,,,,,811.09644,M+Na,+,1,0,60,,,,,806.14105,M+NH4,+,1,0,60,,,,,787.09995,M-H,-,1,0,60,,,
"Delphinidin 3,5,3'-triglucoside",XIC,eTargetCompound,C33H40O22,,,ESI,5000,,0,,789.2084,M+H,+,1,0,120,,,,,811.19034,M+Na,+,1,0,60,,,,,806.23495,M+NH4,+,1,0,60,,,,,787.19385,M-H,-,1,0,60,,,
"5,10-Methylenetetrahydromethanopterin",XIC,eTargetCompound,C31H45N6O16P,,,ESI,5000,,0,,789.27024,M+H,+,1,0,120,,,,,811.25219,M+Na,+,1,0,60,,,,,806.29679,M+NH4,+,1,0,60,,,,,787.25569,M-H,-,1,0,60,,,
Delphinidin 3-glucoside 5-caffoyl-glucoside,XIC,eTargetCompound,C36H37O20,,,ESI,5000,,0,,790.19509,M+H,+,1,0,120,,,,,812.17704,M+Na,+,1,0,60,,,,,807.22164,M+NH4,+,1,0,60,,,,,788.18054,M-H,-,1,0,60,,,
"P1,P4-Bis(5'-uridyl) tetraphosphate",XIC,eTargetCompound,C18H26N4O23P4,,,ESI,5000,,0,,791.00111,M+H,+,1,0,120,,,,,812.98305,M+Na,+,1,0,60,,,,,808.02765,M+NH4,+,1,0,60,,,,,788.98655,M-H,-,1,0,60,,,
"5-Methyl-5,6,7,8-tetrahydromethanopterin",XIC,eTargetCompound,C31H47N6O16P,,,ESI,5000,,0,,791.28589,M+H,+,1,0,120,,,,,813.26784,M+Na,+,1,0,60,,,,,808.31244,M+NH4,+,1,0,60,,,,,789.27134,M-H,-,1,0,60,,,
Nostocyclopeptide A2,XIC,eTargetCompound,C40H54N8O9,,,ESI,5000,,0,,791.40865,M+H,+,1,0,120,,,,,813.3906,M+Na,+,1,0,60,,,,,808.4352,M+NH4,+,1,0,60,,,,,789.3941,M-H,-,1,0,60,,,
all-trans-Nonaprenyl diphosphate,XIC,eTargetCompound,C45H76O7P2,,,ESI,5000,,0,,791.5139,M+H,+,1,0,120,,,,,813.49585,M+Na,+,1,0,60,,,,,808.54045,M+NH4,+,1,0,60,,,,,789.49935,M-H,-,1,0,60,,,
"di-trans,poly-cis-nonaprenyl diphosphate",XIC,eTargetCompound,C45H76O7P2,,,ESI,5000,,0,,791.5139,M+H,+,1,0,120,,,,,813.49585,M+Na,+,1,0,60,,,,,808.54045,M+NH4,+,1,0,60,,,,,789.49935,M-H,-,1,0,60,,,
UDP-3-O-(3-hydroxytetradecanoyl)-D-glucosamine,XIC,eTargetCompound,C29H51N3O18P2,,,ESI,5000,,0,,792.27156,M+H,+,1,0,120,,,,,814.25351,M+Na,+,1,0,60,,,,,809.29811,M+NH4,+,1,0,60,,,,,790.25701,M-H,-,1,0,60,,,
Spinasaponin A,XIC,eTargetCompound,C42H66O14,,,ESI,5000,,0,,795.45253,M+H,+,1,0,120,,,,,817.43448,M+Na,+,1,0,60,,,,,812.47908,M+NH4,+,1,0,60,,,,,793.43798,M-H,-,1,0,60,,,
Ubiquinone-9,XIC,eTargetCompound,C54H82O4,,,ESI,5000,,0,,795.62859,M+H,+,1,0,120,,,,,817.61053,M+Na,+,1,0,60,,,,,812.65514,M+NH4,+,1,0,60,,,,,793.61403,M-H,-,1,0,60,,,
Formyl-CoA,XIC,eTargetCompound,C22H36N7O17P3S,,,ESI,5000,,0,,796.1174,M+H,+,1,0,120,,,,,818.09934,M+Na,+,1,0,60,,,,,813.14395,M+NH4,+,1,0,60,,,,,794.10285,M-H,-,1,0,60,,,
heme a,XIC,eTargetCompound,C49H58N4O6,,,ESI,5000,,0,,799.44291,M+H,+,1,0,120,,,,,821.42486,M+Na,+,1,0,60,,,,,816.46946,M+NH4,+,1,0,60,,,,,797.42836,M-H,-,1,0,60,,,
m7G(5')pppAm,XIC,eTargetCompound,C22H32N10O17P3,,,ESI,5000,,0,,802.12325,M+H,+,1,0,120,,,,,824.10519,M+Na,+,1,0,60,,,,,819.1498,M+NH4,+,1,0,60,,,,,800.1087,M-H,-,1,0,60,,,
Tacrolimus,XIC,eTargetCompound,C44H69NO12,,,ESI,5000,,0,,804.48925,M+H,+,1,0,120,,,,,826.4712,M+Na,+,1,0,60,,,,,821.5158,M+NH4,+,1,0,60,,,,,802.4747,M-H,-,1,0,60,,,
"5-Formyl-5,6,7,8-tetrahydromethanopterin",XIC,eTargetCompound,C31H45N6O17P,,,ESI,5000,,0,,805.26516,M+H,+,1,0,120,,,,,827.2471,M+Na,+,1,0,60,,,,,822.29171,M+NH4,+,1,0,60,,,,,803.2506,M-H,-,1,0,60,,,
Nostocyclopeptide A3,XIC,eTargetCompound,C41H56N8O9,,,ESI,5000,,0,,805.4243,M+H,+,1,0,120,,,,,827.40625,M+Na,+,1,0,60,,,,,822.45085,M+NH4,+,1,0,60,,,,,803.40975,M-H,-,1,0,60,,,
Epimedin C,XIC,eTargetCompound,C38H48O19,,,ESI,5000,,0,,809.28626,M+H,+,1,0,120,,,,,831.2682,M+Na,+,1,0,60,,,,,826.3128,M+NH4,+,1,0,60,,,,,807.2717,M-H,-,1,0,60,,,
Acetyl-CoA,XIC,eTargetCompound,C23H38N7O17P3S,,,ESI,5000,,0,,810.13305,M+H,+,1,0,120,,,,,832.11499,M+Na,+,1,0,60,,,,,827.1596,M+NH4,+,1,0,60,,,,,808.1185,M-H,-,1,0,60,,,
Vinblastine,XIC,eTargetCompound,C46H58N4O9,,,ESI,5000,,0,,811.42766,M+H,+,1,0,120,,,,,833.4096,M+Na,+,1,0,60,,,,,828.4542,M+NH4,+,1,0,60,,,,,809.4131,M-H,-,1,0,60,,,
"1,2-Dipalmitoyl-Sn-Glycero-3-Phospho-(1-D-Myo-Inositol) ",XIC,eTargetCompound,C41H79O13P,,,ESI,5000,,0,,811.53311,M+H,+,1,0,120,,,,,833.51505,M+Na,+,1,0,60,,,,,828.55965,M+NH4,+,1,0,60,,,,,809.51855,M-H,-,1,0,60,,,
crocetin gentiobiosylglucosyl ester,XIC,eTargetCompound,C38H54O19,,,ESI,5000,,0,,815.33321,M+H,+,1,0,120,,,,,837.31515,M+Na,+,1,0,60,,,,,832.35975,M+NH4,+,1,0,60,,,,,813.31865,M-H,-,1,0,60,,,
m7G(5')pppm6Am,XIC,eTargetCompound,C23H34N10O17P3,,,ESI,5000,,0,,816.1389,M+H,+,1,0,120,,,,,838.12085,M+Na,+,1,0,60,,,,,833.16545,M+NH4,+,1,0,60,,,,,814.12435,M-H,-,1,0,60,,,
Staphyloxanthin,XIC,eTargetCompound,C51H78O8,,,ESI,5000,,0,,819.57695,M+H,+,1,0,120,,,,,841.55889,M+Na,+,1,0,60,,,,,836.60349,M+NH4,+,1,0,60,,,,,817.56239,M-H,-,1,0,60,,,
"alpha,alpha'-Trehalose 6-mycolate",XIC,eTargetCompound,C44H82O13,,,ESI,5000,,0,,819.58282,M+H,+,1,0,120,,,,,841.56476,M+Na,+,1,0,60,,,,,836.60937,M+NH4,+,1,0,60,,,,,817.56827,M-H,-,1,0,60,,,
Propenoyl-CoA,XIC,eTargetCompound,C24H38N7O17P3S,,,ESI,5000,,0,,822.13305,M+H,+,1,0,120,,,,,844.11499,M+Na,+,1,0,60,,,,,839.1596,M+NH4,+,1,0,60,,,,,820.1185,M-H,-,1,0,60,,,
Epimedin A,XIC,eTargetCompound,C39H50O19,,,ESI,5000,,0,,823.30191,M+H,+,1,0,120,,,,,845.28385,M+Na,+,1,0,60,,,,,840.32845,M+NH4,+,1,0,60,,,,,821.28735,M-H,-,1,0,60,,,
Epimedin B,XIC,eTargetCompound,C39H50O19,,,ESI,5000,,0,,823.30191,M+H,+,1,0,120,,,,,845.28385,M+Na,+,1,0,60,,,,,840.32845,M+NH4,+,1,0,60,,,,,821.28735,M-H,-,1,0,60,,,
Propanoyl-CoA,XIC,eTargetCompound,C24H40N7O17P3S,,,ESI,5000,,0,,824.1487,M+H,+,1,0,120,,,,,846.13064,M+Na,+,1,0,60,,,,,841.17525,M+NH4,+,1,0,60,,,,,822.13415,M-H,-,1,0,60,,,
Nodularin,XIC,eTargetCompound,C41H60N8O10,,,ESI,5000,,0,,825.45052,M+H,+,1,0,120,,,,,847.43246,M+Na,+,1,0,60,,,,,842.47707,M+NH4,+,1,0,60,,,,,823.43596,M-H,-,1,0,60,,,
Triiodothyronineglucuronide,XIC,eTargetCompound,C21H20I3NO10,,,ESI,5000,,0,,827.8294,M+H,+,1,0,120,,,,,849.81135,M+Na,+,1,0,60,,,,,844.85595,M+NH4,+,1,0,60,,,,,825.81485,M-H,-,1,0,60,,,
Mycobactin S,XIC,eTargetCompound,C44H69N5O10,,,ESI,5000,,0,,828.51172,M+H,+,1,0,120,,,,,850.49366,M+Na,+,1,0,60,,,,,845.53827,M+NH4,+,1,0,60,,,,,826.49717,M-H,-,1,0,60,,,
Amylopectin,XIC,eTargetCompound,C30H52O26,,,ESI,5000,,0,,829.28196,M+H,+,1,0,120,,,,,851.2639,M+Na,+,1,0,60,,,,,846.30851,M+NH4,+,1,0,60,,,,,827.2674,M-H,-,1,0,60,,,
beta-D-Fructofuranosyl O-alpha-D-galactopyranosyl-(1-6)-O-alpha-D-galactopyranosyl-(1-6)-O- alpha-D-galactopyranosyl-(1-6)-alpha-D-glucopyranoside,XIC,eTargetCompound,C30H52O26,,,ESI,5000,,0,,829.28196,M+H,+,1,0,120,,,,,851.2639,M+Na,+,1,0,60,,,,,846.30851,M+NH4,+,1,0,60,,,,,827.2674,M-H,-,1,0,60,,,
Uroporphyrin I,XIC,eTargetCompound,C40H38N4O16,,,ESI,5000,,0,,831.23556,M+H,+,1,0,120,,,,,853.2175,M+Na,+,1,0,60,,,,,848.26211,M+NH4,+,1,0,60,,,,,829.221,M-H,-,1,0,60,,,
Uroporphyrin III,XIC,eTargetCompound,C40H38N4O16,,,ESI,5000,,0,,831.23556,M+H,+,1,0,120,,,,,853.2175,M+Na,+,1,0,60,,,,,848.26211,M+NH4,+,1,0,60,,,,,829.221,M-H,-,1,0,60,,,
UDP-3-O-(3-hydroxytetradecanoyl)-N-acetylglucosamine,XIC,eTargetCompound,C31H53N3O19P2,,,ESI,5000,,0,,834.28213,M+H,+,1,0,120,,,,,856.26407,M+Na,+,1,0,60,,,,,851.30867,M+NH4,+,1,0,60,,,,,832.26757,M-H,-,1,0,60,,,
2-Methylprop-2-enoyl-CoA,XIC,eTargetCompound,C25H40N7O17P3S,,,ESI,5000,,0,,836.1487,M+H,+,1,0,120,,,,,858.13064,M+Na,+,1,0,60,,,,,853.17525,M+NH4,+,1,0,60,,,,,834.13415,M-H,-,1,0,60,,,
Crotonoyl-CoA,XIC,eTargetCompound,C25H40N7O17P3S,,,ESI,5000,,0,,836.1487,M+H,+,1,0,120,,,,,858.13064,M+Na,+,1,0,60,,,,,853.17525,M+NH4,+,1,0,60,,,,,834.13415,M-H,-,1,0,60,,,
Vinylacetyl-CoA,XIC,eTargetCompound,C25H40N7O17P3S,,,ESI,5000,,0,,836.1487,M+H,+,1,0,120,,,,,858.13064,M+Na,+,1,0,60,,,,,853.17525,M+NH4,+,1,0,60,,,,,834.13415,M-H,-,1,0,60,,,
"P1,P4-Bis(5'-adenosyl) tetraphosphate",XIC,eTargetCompound,C20H28N10O19P4,,,ESI,5000,,0,,837.05554,M+H,+,1,0,120,,,,,859.03749,M+Na,+,1,0,60,,,,,854.08209,M+NH4,+,1,0,60,,,,,835.04099,M-H,-,1,0,60,,,
Uroporphyrinogen I,XIC,eTargetCompound,C40H44N4O16,,,ESI,5000,,0,,837.28251,M+H,+,1,0,120,,,,,859.26445,M+Na,+,1,0,60,,,,,854.30906,M+NH4,+,1,0,60,,,,,835.26795,M-H,-,1,0,60,,,
Uroporphyrinogen III,XIC,eTargetCompound,C40H44N4O16,,,ESI,5000,,0,,837.28251,M+H,+,1,0,120,,,,,859.26445,M+Na,+,1,0,60,,,,,854.30906,M+NH4,+,1,0,60,,,,,835.26795,M-H,-,1,0,60,,,
3-Oxopropionyl-CoA,XIC,eTargetCompound,C24H38N7O18P3S,,,ESI,5000,,0,,838.12796,M+H,+,1,0,120,,,,,860.10991,M+Na,+,1,0,60,,,,,855.15451,M+NH4,+,1,0,60,,,,,836.11341,M-H,-,1,0,60,,,
2-Methylpropanoyl-CoA,XIC,eTargetCompound,C25H42N7O17P3S,,,ESI,5000,,0,,838.16435,M+H,+,1,0,120,,,,,860.14629,M+Na,+,1,0,60,,,,,855.1909,M+NH4,+,1,0,60,,,,,836.1498,M-H,-,1,0,60,,,
Butyryl-CoA,XIC,eTargetCompound,C25H42N7O17P3S,,,ESI,5000,,0,,838.16435,M+H,+,1,0,120,,,,,860.14629,M+Na,+,1,0,60,,,,,855.1909,M+NH4,+,1,0,60,,,,,836.1498,M-H,-,1,0,60,,,
beta-Alanyl-CoA,XIC,eTargetCompound,C24H41N8O17P3S,,,ESI,5000,,0,,839.1596,M+H,+,1,0,120,,,,,861.14154,M+Na,+,1,0,60,,,,,856.18615,M+NH4,+,1,0,60,,,,,837.14505,M-H,-,1,0,60,,,
Heme O,XIC,eTargetCompound,C49H58FeN4O5,,,ESI,5000,,0,,839.38294,M+H,+,1,0,120,,,,,861.36488,M+Na,+,1,0,60,,,,,856.40949,M+NH4,+,1,0,60,,,,,837.36839,M-H,-,1,0,60,,,
Oxalyl-CoA,XIC,eTargetCompound,C23H36N7O19P3S,,,ESI,5000,,0,,840.10723,M+H,+,1,0,120,,,,,862.08917,M+Na,+,1,0,60,,,,,857.13378,M+NH4,+,1,0,60,,,,,838.09268,M-H,-,1,0,60,,,
3-Hydroxypropionyl-CoA,XIC,eTargetCompound,C24H40N7O18P3S,,,ESI,5000,,0,,840.14361,M+H,+,1,0,120,,,,,862.12556,M+Na,+,1,0,60,,,,,857.17016,M+NH4,+,1,0,60,,,,,838.12906,M-H,-,1,0,60,,,
Lactoyl-CoA,XIC,eTargetCompound,C24H40N7O18P3S,,,ESI,5000,,0,,840.14361,M+H,+,1,0,120,,,,,862.12556,M+Na,+,1,0,60,,,,,857.17016,M+NH4,+,1,0,60,,,,,838.12906,M-H,-,1,0,60,,,
4'''-Demalonylsalvianin,XIC,eTargetCompound,C39H39O21,,,ESI,5000,,0,,844.20566,M+H,+,1,0,120,,,,,866.1876,M+Na,+,1,0,60,,,,,861.23221,M+NH4,+,1,0,60,,,,,842.19111,M-H,-,1,0,60,,,
Malonylshisonin,XIC,eTargetCompound,C39H39O21,,,ESI,5000,,0,,844.20566,M+H,+,1,0,120,,,,,866.1876,M+Na,+,1,0,60,,,,,861.23221,M+NH4,+,1,0,60,,,,,842.19111,M-H,-,1,0,60,,,
Undecaprenyl phosphate,XIC,eTargetCompound,C55H91O4P,,,ESI,5000,,0,,847.67277,M+H,+,1,0,120,,,,,869.65472,M+Na,+,1,0,60,,,,,864.69932,M+NH4,+,1,0,60,,,,,845.65822,M-H,-,1,0,60,,,
UDP-N-acetyl-6-(D-galactose-1-phospho)-D-glucosamine,XIC,eTargetCompound,C23H38N3O25P3,,,ESI,5000,,0,,850.108,M+H,+,1,0,120,,,,,872.08994,M+Na,+,1,0,60,,,,,867.13455,M+NH4,+,1,0,60,,,,,848.09345,M-H,-,1,0,60,,,
2-Methylbut-2-enoyl-CoA,XIC,eTargetCompound,C26H42N7O17P3S,,,ESI,5000,,0,,850.16435,M+H,+,1,0,120,,,,,872.14629,M+Na,+,1,0,60,,,,,867.1909,M+NH4,+,1,0,60,,,,,848.1498,M-H,-,1,0,60,,,
3-Methylcrotonyl-CoA,XIC,eTargetCompound,C26H42N7O17P3S,,,ESI,5000,,0,,850.16435,M+H,+,1,0,120,,,,,872.14629,M+Na,+,1,0,60,,,,,867.1909,M+NH4,+,1,0,60,,,,,848.1498,M-H,-,1,0,60,,,
Precorrin 1,XIC,eTargetCompound,C41H46N4O16,,,ESI,5000,,0,,851.29816,M+H,+,1,0,120,,,,,873.2801,M+Na,+,1,0,60,,,,,868.32471,M+NH4,+,1,0,60,,,,,849.2836,M-H,-,1,0,60,,,
Acetoacetyl-CoA,XIC,eTargetCompound,C25H40N7O18P3S,,,ESI,5000,,0,,852.14361,M+H,+,1,0,120,,,,,874.12556,M+Na,+,1,0,60,,,,,869.17016,M+NH4,+,1,0,60,,,,,850.12906,M-H,-,1,0,60,,,
2-Methylbutanoyl-CoA,XIC,eTargetCompound,C26H44N7O17P3S,,,ESI,5000,,0,,852.18,M+H,+,1,0,120,,,,,874.16194,M+Na,+,1,0,60,,,,,869.20655,M+NH4,+,1,0,60,,,,,850.16545,M-H,-,1,0,60,,,
3-Methylbutanoyl-CoA,XIC,eTargetCompound,C26H44N7O17P3S,,,ESI,5000,,0,,852.18,M+H,+,1,0,120,,,,,874.16194,M+Na,+,1,0,60,,,,,869.20655,M+NH4,+,1,0,60,,,,,850.16545,M-H,-,1,0,60,,,
Pentanoyl-CoA,XIC,eTargetCompound,C26H44N7O17P3S,,,ESI,5000,,0,,852.18,M+H,+,1,0,120,,,,,874.16194,M+Na,+,1,0,60,,,,,869.20655,M+NH4,+,1,0,60,,,,,850.16545,M-H,-,1,0,60,,,
alpha-Chaconine,XIC,eTargetCompound,C45H73NO14,,,ESI,5000,,0,,852.51038,M+H,+,1,0,120,,,,,874.49233,M+Na,+,1,0,60,,,,,869.53693,M+NH4,+,1,0,60,,,,,850.49583,M-H,-,1,0,60,,,
4-Aminobutanoyl-CoA,XIC,eTargetCompound,C25H43N8O17P3S,,,ESI,5000,,0,,853.17525,M+H,+,1,0,120,,,,,875.15719,M+Na,+,1,0,60,,,,,870.2018,M+NH4,+,1,0,60,,,,,851.1607,M-H,-,1,0,60,,,
L-3-Aminobutyryl-CoA,XIC,eTargetCompound,C25H43N8O17P3S,,,ESI,5000,,0,,853.17525,M+H,+,1,0,120,,,,,875.15719,M+Na,+,1,0,60,,,,,870.2018,M+NH4,+,1,0,60,,,,,851.1607,M-H,-,1,0,60,,,
Heme A,XIC,eTargetCompound,C49H56FeN4O6,,,ESI,5000,,0,,853.3622,M+H,+,1,0,120,,,,,875.34415,M+Na,+,1,0,60,,,,,870.38875,M+NH4,+,1,0,60,,,,,851.34765,M-H,-,1,0,60,,,
Malonyl-CoA,XIC,eTargetCompound,C24H38N7O19P3S,,,ESI,5000,,0,,854.12288,M+H,+,1,0,120,,,,,876.10482,M+Na,+,1,0,60,,,,,871.14943,M+NH4,+,1,0,60,,,,,852.10833,M-H,-,1,0,60,,,
(R)-3-Hydroxybutanoyl-CoA,XIC,eTargetCompound,C25H42N7O18P3S,,,ESI,5000,,0,,854.15926,M+H,+,1,0,120,,,,,876.14121,M+Na,+,1,0,60,,,,,871.18581,M+NH4,+,1,0,60,,,,,852.14471,M-H,-,1,0,60,,,
(S)-3-Hydroxybutanoyl-CoA,XIC,eTargetCompound,C25H42N7O18P3S,,,ESI,5000,,0,,854.15926,M+H,+,1,0,120,,,,,876.14121,M+Na,+,1,0,60,,,,,871.18581,M+NH4,+,1,0,60,,,,,852.14471,M-H,-,1,0,60,,,
(S)-3-Hydroxyisobutyryl-CoA,XIC,eTargetCompound,C25H42N7O18P3S,,,ESI,5000,,0,,854.15926,M+H,+,1,0,120,,,,,876.14121,M+Na,+,1,0,60,,,,,871.18581,M+NH4,+,1,0,60,,,,,852.14471,M-H,-,1,0,60,,,
4-Hydroxybutyryl-CoA,XIC,eTargetCompound,C25H42N7O18P3S,,,ESI,5000,,0,,854.15926,M+H,+,1,0,120,,,,,876.14121,M+Na,+,1,0,60,,,,,871.18581,M+NH4,+,1,0,60,,,,,852.14471,M-H,-,1,0,60,,,
Paclitaxel,XIC,eTargetCompound,C47H51NO14,,,ESI,5000,,0,,854.33823,M+H,+,1,0,120,,,,,876.32018,M+Na,+,1,0,60,,,,,871.36478,M+NH4,+,1,0,60,,,,,852.32368,M-H,-,1,0,60,,,
Hydroxymethylbilane,XIC,eTargetCompound,C40H46N4O17,,,ESI,5000,,0,,855.29307,M+H,+,1,0,120,,,,,877.27502,M+Na,+,1,0,60,,,,,872.31962,M+NH4,+,1,0,60,,,,,853.27852,M-H,-,1,0,60,,,
"di-trans,poly-cis-Decaprenyl diphosphate",XIC,eTargetCompound,C50H84O7P2,,,ESI,5000,,0,,859.5765,M+H,+,1,0,120,,,,,881.55845,M+Na,+,1,0,60,,,,,876.60305,M+NH4,+,1,0,60,,,,,857.56195,M-H,-,1,0,60,,,
2-Furoyl-CoA,XIC,eTargetCompound,C26H38N7O18P3S,,,ESI,5000,,0,,862.12796,M+H,+,1,0,120,,,,,884.10991,M+Na,+,1,0,60,,,,,879.15451,M+NH4,+,1,0,60,,,,,860.11341,M-H,-,1,0,60,,,
Sennoside B,XIC,eTargetCompound,C42H38O20,,,ESI,5000,,0,,863.20292,M+H,+,1,0,120,,,,,885.18486,M+Na,+,1,0,60,,,,,880.22947,M+NH4,+,1,0,60,,,,,861.18837,M-H,-,1,0,60,,,
Sirohydrochlorin,XIC,eTargetCompound,C42H46N4O16,,,ESI,5000,,0,,863.29816,M+H,+,1,0,120,,,,,885.2801,M+Na,+,1,0,60,,,,,880.32471,M+NH4,+,1,0,60,,,,,861.2836,M-H,-,1,0,60,,,
trans-Hex-2-enoyl-CoA,XIC,eTargetCompound,C27H44N7O17P3S,,,ESI,5000,,0,,864.18,M+H,+,1,0,120,,,,,886.16194,M+Na,+,1,0,60,,,,,881.20655,M+NH4,+,1,0,60,,,,,862.16545,M-H,-,1,0,60,,,
Diguanosine tetraphosphate,XIC,eTargetCompound,C20H24N10O21P4,,,ESI,5000,,0,,865.01407,M+H,+,1,0,120,,,,,886.99601,M+Na,+,1,0,60,,,,,882.04062,M+NH4,+,1,0,60,,,,,862.99952,M-H,-,1,0,60,,,
Precorrin 2,XIC,eTargetCompound,C42H48N4O16,,,ESI,5000,,0,,865.31381,M+H,+,1,0,120,,,,,887.29575,M+Na,+,1,0,60,,,,,882.34036,M+NH4,+,1,0,60,,,,,863.29925,M-H,-,1,0,60,,,
2-Methylacetoacetyl-CoA,XIC,eTargetCompound,C26H42N7O18P3S,,,ESI,5000,,0,,866.15926,M+H,+,1,0,120,,,,,888.14121,M+Na,+,1,0,60,,,,,883.18581,M+NH4,+,1,0,60,,,,,864.14471,M-H,-,1,0,60,,,
Hexanoyl-CoA,XIC,eTargetCompound,C27H46N7O17P3S,,,ESI,5000,,0,,866.19565,M+H,+,1,0,120,,,,,888.17759,M+Na,+,1,0,60,,,,,883.2222,M+NH4,+,1,0,60,,,,,864.1811,M-H,-,1,0,60,,,
Concanamycin A,XIC,eTargetCompound,C46H75NO14,,,ESI,5000,,0,,866.52603,M+H,+,1,0,120,,,,,888.50798,M+Na,+,1,0,60,,,,,883.55258,M+NH4,+,1,0,60,,,,,864.51148,M-H,-,1,0,60,,,
(R)-2-Methyl-3-oxopropanoyl-CoA,XIC,eTargetCompound,C25H40N7O19P3S,,,ESI,5000,,0,,868.13853,M+H,+,1,0,120,,,,,890.12047,M+Na,+,1,0,60,,,,,885.16508,M+NH4,+,1,0,60,,,,,866.12398,M-H,-,1,0,60,,,
(S)-2-Methyl-3-oxopropanoyl-CoA,XIC,eTargetCompound,C25H40N7O19P3S,,,ESI,5000,,0,,868.13853,M+H,+,1,0,120,,,,,890.12047,M+Na,+,1,0,60,,,,,885.16508,M+NH4,+,1,0,60,,,,,866.12398,M-H,-,1,0,60,,,
Methylmalonyl-CoA,XIC,eTargetCompound,C25H40N7O19P3S,,,ESI,5000,,0,,868.13853,M+H,+,1,0,120,,,,,890.12047,M+Na,+,1,0,60,,,,,885.16508,M+NH4,+,1,0,60,,,,,866.12398,M-H,-,1,0,60,,,
Succinyl-CoA,XIC,eTargetCompound,C25H40N7O19P3S,,,ESI,5000,,0,,868.13853,M+H,+,1,0,120,,,,,890.12047,M+Na,+,1,0,60,,,,,885.16508,M+NH4,+,1,0,60,,,,,866.12398,M-H,-,1,0,60,,,
NS001_Succinyl_CoA,XIC,eTargetCompound,,,,None,0,,,,,,,,,,,,,,,,,,,,,,,,,,,,,,,,,,866.124,M-,-,1,1,30,,,
"(2S,3S)-3-Hydroxy-2-methylbutanoyl-CoA",XIC,eTargetCompound,C26H44N7O18P3S,,,ESI,5000,,0,,868.17491,M+H,+,1,0,120,,,,,890.15686,M+Na,+,1,0,60,,,,,885.20146,M+NH4,+,1,0,60,,,,,866.16036,M-H,-,1,0,60,,,
3-Hydroxyisovaleryl-CoA,XIC,eTargetCompound,C26H44N7O18P3S,,,ESI,5000,,0,,868.17491,M+H,+,1,0,120,,,,,890.15686,M+Na,+,1,0,60,,,,,885.20146,M+NH4,+,1,0,60,,,,,866.16036,M-H,-,1,0,60,,,
5-Hydroxypentanoyl-CoA,XIC,eTargetCompound,C26H44N7O18P3S,,,ESI,5000,,0,,868.17491,M+H,+,1,0,120,,,,,890.15686,M+Na,+,1,0,60,,,,,885.20146,M+NH4,+,1,0,60,,,,,866.16036,M-H,-,1,0,60,,,
Solanine,XIC,eTargetCompound,C45H73NO15,,,ESI,5000,,0,,868.5053,M+H,+,1,0,120,,,,,890.48724,M+Na,+,1,0,60,,,,,885.53185,M+NH4,+,1,0,60,,,,,866.49074,M-H,-,1,0,60,,,
Diguanosine tetraphosphate (GP4G),XIC,eTargetCompound,C20H28N10O21P4,,,ESI,5000,,0,,869.04537,M+H,+,1,0,120,,,,,891.02731,M+Na,+,1,0,60,,,,,886.07192,M+NH4,+,1,0,60,,,,,867.03082,M-H,-,1,0,60,,,
"P1,P4-Bis(5'-guanosyl) tetraphosphate",XIC,eTargetCompound,C20H28N10O21P4,,,ESI,5000,,0,,869.04537,M+H,+,1,0,120,,,,,891.02731,M+Na,+,1,0,60,,,,,886.07192,M+NH4,+,1,0,60,,,,,867.03082,M-H,-,1,0,60,,,
"1,3-alpha-D-Mannosyl-(1,2-N-acetyl-alpha-D-glucosaminyl)-1,2-alpha- D-mannosyl-1,2-alpha-D-mannosyl-D-mannose",XIC,eTargetCompound,C32H55NO26,,,ESI,5000,,0,,870.30851,M+H,+,1,0,120,,,,,892.29045,M+Na,+,1,0,60,,,,,887.33506,M+NH4,+,1,0,60,,,,,868.29395,M-H,-,1,0,60,,,
"P1,P4-Bis(5'-xanthosyl) tetraphosphate",XIC,eTargetCompound,C20H26N8O23P4,,,ESI,5000,,0,,871.0134,M+H,+,1,0,120,,,,,892.99535,M+Na,+,1,0,60,,,,,888.03995,M+NH4,+,1,0,60,,,,,868.99885,M-H,-,1,0,60,,,
S-Benzoate coenzyme A,XIC,eTargetCompound,C28H40N7O17P3S,,,ESI,5000,,0,,872.1487,M+H,+,1,0,120,,,,,894.13064,M+Na,+,1,0,60,,,,,889.17525,M+NH4,+,1,0,60,,,,,870.13415,M-H,-,1,0,60,,,
Ternatin C5,XIC,eTargetCompound,C36H43O25,,,ESI,5000,,0,,876.21662,M+H,+,1,0,120,,,,,898.19856,M+Na,+,1,0,60,,,,,893.24317,M+NH4,+,1,0,60,,,,,874.20206,M-H,-,1,0,60,,,
Thiophene-2-carbonyl-CoA,XIC,eTargetCompound,C26H38N7O17P3S2,,,ESI,5000,,0,,878.10512,M+H,+,1,0,120,,,,,900.08706,M+Na,+,1,0,60,,,,,895.13167,M+NH4,+,1,0,60,,,,,876.09057,M-H,-,1,0,60,,,
S-(5-Hydroxy-2-furoyl)-CoA,XIC,eTargetCompound,C26H38N7O19P3S,,,ESI,5000,,0,,878.12288,M+H,+,1,0,120,,,,,900.10482,M+Na,+,1,0,60,,,,,895.14943,M+NH4,+,1,0,60,,,,,876.10833,M-H,-,1,0,60,,,
Precorrin 3A,XIC,eTargetCompound,C43H50N4O16,,,ESI,5000,,0,,879.32946,M+H,+,1,0,120,,,,,901.3114,M+Na,+,1,0,60,,,,,896.35601,M+NH4,+,1,0,60,,,,,877.3149,M-H,-,1,0,60,,,
"Hydrogenobyrinate a,c diamide",XIC,eTargetCompound,C45H62N6O12,,,ESI,5000,,0,,879.44985,M+H,+,1,0,120,,,,,901.43179,M+Na,+,1,0,60,,,,,896.4764,M+NH4,+,1,0,60,,,,,877.43529,M-H,-,1,0,60,,,
Itaconyl-CoA,XIC,eTargetCompound,C26H40N7O19P3S,,,ESI,5000,,0,,880.13853,M+H,+,1,0,120,,,,,902.12047,M+Na,+,1,0,60,,,,,897.16508,M+NH4,+,1,0,60,,,,,878.12398,M-H,-,1,0,60,,,
Mesaconyl-CoA,XIC,eTargetCompound,C26H40N7O19P3S,,,ESI,5000,,0,,880.13853,M+H,+,1,0,120,,,,,902.12047,M+Na,+,1,0,60,,,,,897.16508,M+NH4,+,1,0,60,,,,,878.12398,M-H,-,1,0,60,,,
3-Oxohexanoyl-CoA,XIC,eTargetCompound,C27H44N7O18P3S,,,ESI,5000,,0,,880.17491,M+H,+,1,0,120,,,,,902.15686,M+Na,+,1,0,60,,,,,897.20146,M+NH4,+,1,0,60,,,,,878.16036,M-H,-,1,0,60,,,
UDP-N-acetylmuramoyl-L-alanyl-D-glutamate,XIC,eTargetCompound,C28H43N5O23P2,,,ESI,5000,,0,,880.18968,M+H,+,1,0,120,,,,,902.17163,M+Na,+,1,0,60,,,,,897.21623,M+NH4,+,1,0,60,,,,,878.17513,M-H,-,1,0,60,,,
Hydrogenobyrinate,XIC,eTargetCompound,C45H60N4O14,,,ESI,5000,,0,,881.41788,M+H,+,1,0,120,,,,,903.39982,M+Na,+,1,0,60,,,,,898.44443,M+NH4,+,1,0,60,,,,,879.40333,M-H,-,1,0,60,,,
Precorrin 8X,XIC,eTargetCompound,C45H60N4O14,,,ESI,5000,,0,,881.41788,M+H,+,1,0,120,,,,,903.39982,M+Na,+,1,0,60,,,,,898.44443,M+NH4,+,1,0,60,,,,,879.40333,M-H,-,1,0,60,,,
ethylmalonyl-CoA,XIC,eTargetCompound,C26H42N7O19P3S,,,ESI,5000,,0,,882.15418,M+H,+,1,0,120,,,,,904.13612,M+Na,+,1,0,60,,,,,899.18073,M+NH4,+,1,0,60,,,,,880.13963,M-H,-,1,0,60,,,
Glutaryl-CoA,XIC,eTargetCompound,C26H42N7O19P3S,,,ESI,5000,,0,,882.15418,M+H,+,1,0,120,,,,,904.13612,M+Na,+,1,0,60,,,,,899.18073,M+NH4,+,1,0,60,,,,,880.13963,M-H,-,1,0,60,,,
(S)-Hydroxyhexanoyl-CoA,XIC,eTargetCompound,C27H46N7O18P3S,,,ESI,5000,,0,,882.19056,M+H,+,1,0,120,,,,,904.17251,M+Na,+,1,0,60,,,,,899.21711,M+NH4,+,1,0,60,,,,,880.17601,M-H,-,1,0,60,,,
Corynebactin,XIC,eTargetCompound,C39H42N6O18,,,ESI,5000,,0,,883.26283,M+H,+,1,0,120,,,,,905.24478,M+Na,+,1,0,60,,,,,900.28938,M+NH4,+,1,0,60,,,,,881.24828,M-H,-,1,0,60,,,
(3S)-3-Carboxy-3-hydroxypropanoyl-CoA,XIC,eTargetCompound,C25H40N7O20P3S,,,ESI,5000,,0,,884.13344,M+H,+,1,0,120,,,,,906.11539,M+Na,+,1,0,60,,,,,901.15999,M+NH4,+,1,0,60,,,,,882.11889,M-H,-,1,0,60,,,
Glycerine trioleate,XIC,eTargetCompound,C57H104O6,,,ESI,5000,,0,,885.79057,M+H,+,1,0,120,,,,,907.77251,M+Na,+,1,0,60,,,,,902.81712,M+NH4,+,1,0,60,,,,,883.77601,M-H,-,1,0,60,,,
Phenylacetyl-CoA,XIC,eTargetCompound,C29H42N7O17P3S,,,ESI,5000,,0,,886.16435,M+H,+,1,0,120,,,,,908.14629,M+Na,+,1,0,60,,,,,903.1909,M+NH4,+,1,0,60,,,,,884.1498,M-H,-,1,0,60,,,
Emamectin B1a,XIC,eTargetCompound,C49H75NO13,,,ESI,5000,,0,,886.53112,M+H,+,1,0,120,,,,,908.51306,M+Na,+,1,0,60,,,,,903.55767,M+NH4,+,1,0,60,,,,,884.51656,M-H,-,1,0,60,,,
3-Hydroxybenzoyl-CoA,XIC,eTargetCompound,C28H40N7O18P3S,,,ESI,5000,,0,,888.14361,M+H,+,1,0,120,,,,,910.12556,M+Na,+,1,0,60,,,,,905.17016,M+NH4,+,1,0,60,,,,,886.12906,M-H,-,1,0,60,,,
Demethylmacrocin,XIC,eTargetCompound,C44H73NO17,,,ESI,5000,,0,,888.49513,M+H,+,1,0,120,,,,,910.47707,M+Na,+,1,0,60,,,,,905.52168,M+NH4,+,1,0,60,,,,,886.48057,M-H,-,1,0,60,,,
trans-Oct-2-enoyl-CoA,XIC,eTargetCompound,C29H48N7O17P3S,,,ESI,5000,,0,,892.2113,M+H,+,1,0,120,,,,,914.19324,M+Na,+,1,0,60,,,,,909.23785,M+NH4,+,1,0,60,,,,,890.19675,M-H,-,1,0,60,,,
5-Hydroxythiophene-2-carbonyl-CoA,XIC,eTargetCompound,C26H38N7O18P3S2,,,ESI,5000,,0,,894.10003,M+H,+,1,0,120,,,,,916.08198,M+Na,+,1,0,60,,,,,911.12658,M+NH4,+,1,0,60,,,,,892.08548,M-H,-,1,0,60,,,
3-Methylglutaconyl-CoA,XIC,eTargetCompound,C27H42N7O19P3S,,,ESI,5000,,0,,894.15418,M+H,+,1,0,120,,,,,916.13612,M+Na,+,1,0,60,,,,,911.18073,M+NH4,+,1,0,60,,,,,892.13963,M-H,-,1,0,60,,,
Octanoyl Coenzyme A,XIC,eTargetCompound,C29H50N7O17P3S,,,ESI,5000,,0,,894.22695,M+H,+,1,0,120,,,,,916.20889,M+Na,+,1,0,60,,,,,911.2535,M+NH4,+,1,0,60,,,,,892.2124,M-H,-,1,0,60,,,
4-Acetamidobutanoyl-CoA,XIC,eTargetCompound,C27H45N8O18P3S,,,ESI,5000,,0,,895.18581,M+H,+,1,0,120,,,,,917.16776,M+Na,+,1,0,60,,,,,912.21236,M+NH4,+,1,0,60,,,,,893.17126,M-H,-,1,0,60,,,
Precorrin 3B,XIC,eTargetCompound,C43H50N4O17,,,ESI,5000,,0,,895.32437,M+H,+,1,0,120,,,,,917.30632,M+Na,+,1,0,60,,,,,912.35092,M+NH4,+,1,0,60,,,,,893.30982,M-H,-,1,0,60,,,
Precorrin 6X,XIC,eTargetCompound,C44H54N4O16,,,ESI,5000,,0,,895.36076,M+H,+,1,0,120,,,,,917.3427,M+Na,+,1,0,60,,,,,912.38731,M+NH4,+,1,0,60,,,,,893.3462,M-H,-,1,0,60,,,
Precorrin 6Y,XIC,eTargetCompound,C44H56N4O16,,,ESI,5000,,0,,897.37641,M+H,+,1,0,120,,,,,919.35835,M+Na,+,1,0,60,,,,,914.40296,M+NH4,+,1,0,60,,,,,895.36185,M-H,-,1,0,60,,,
(3S)-Citramalyl-CoA,XIC,eTargetCompound,C26H42N7O20P3S,,,ESI,5000,,0,,898.14909,M+H,+,1,0,120,,,,,920.13104,M+Na,+,1,0,60,,,,,915.17564,M+NH4,+,1,0,60,,,,,896.13454,M-H,-,1,0,60,,,
2-Hydroxyglutaryl-CoA,XIC,eTargetCompound,C26H42N7O20P3S,,,ESI,5000,,0,,898.14909,M+H,+,1,0,120,,,,,920.13104,M+Na,+,1,0,60,,,,,915.17564,M+NH4,+,1,0,60,,,,,896.13454,M-H,-,1,0,60,,,
L-erythro-3-Methylmalyl-CoA,XIC,eTargetCompound,C26H42N7O20P3S,,,ESI,5000,,0,,898.14909,M+H,+,1,0,120,,,,,920.13104,M+Na,+,1,0,60,,,,,915.17564,M+NH4,+,1,0,60,,,,,896.13454,M-H,-,1,0,60,,,
Cinnamoyl-CoA,XIC,eTargetCompound,C30H42N7O17P3S,,,ESI,5000,,0,,898.16435,M+H,+,1,0,120,,,,,920.14629,M+Na,+,1,0,60,,,,,915.1909,M+NH4,+,1,0,60,,,,,896.1498,M-H,-,1,0,60,,,
Phenylglyoxylyl-CoA,XIC,eTargetCompound,C29H40N7O18P3S,,,ESI,5000,,0,,900.14361,M+H,+,1,0,120,,,,,922.12556,M+Na,+,1,0,60,,,,,917.17016,M+NH4,+,1,0,60,,,,,898.12906,M-H,-,1,0,60,,,
N-Methylanthraniloyl-CoA,XIC,eTargetCompound,C29H43N8O17P3S,,,ESI,5000,,0,,901.17525,M+H,+,1,0,120,,,,,923.15719,M+Na,+,1,0,60,,,,,918.2018,M+NH4,+,1,0,60,,,,,899.1607,M-H,-,1,0,60,,,
4-Hydroxyphenylacetyl-CoA,XIC,eTargetCompound,C29H42N7O18P3S,,,ESI,5000,,0,,902.15926,M+H,+,1,0,120,,,,,924.14121,M+Na,+,1,0,60,,,,,919.18581,M+NH4,+,1,0,60,,,,,900.14471,M-H,-,1,0,60,,,
Macrocin,XIC,eTargetCompound,C45H75NO17,,,ESI,5000,,0,,902.51078,M+H,+,1,0,120,,,,,924.49272,M+Na,+,1,0,60,,,,,919.53733,M+NH4,+,1,0,60,,,,,900.49622,M-H,-,1,0,60,,,
Celosianin II,XIC,eTargetCompound,C40H42N2O22,,,ESI,5000,,0,,903.2302,M+H,+,1,0,120,,,,,925.21214,M+Na,+,1,0,60,,,,,920.25675,M+NH4,+,1,0,60,,,,,901.21564,M-H,-,1,0,60,,,
reactive black 5,XIC,eTargetCompound,C26H25N5O19S6,,,ESI,5000,,0,,903.95407,M+H,+,1,0,120,,,,,925.93602,M+Na,+,1,0,60,,,,,920.98062,M+NH4,+,1,0,60,,,,,901.93952,M-H,-,1,0,60,,,
D-Mannosylglycoprotein,XIC,eTargetCompound,C34H57N5O23,,,ESI,5000,,0,,904.35171,M+H,+,1,0,120,,,,,926.33365,M+Na,+,1,0,60,,,,,921.37826,M+NH4,+,1,0,60,,,,,902.33716,M-H,-,1,0,60,,,
oxidized reactive black 5,XIC,eTargetCompound,C26H27N5O19S6,,,ESI,5000,,0,,905.96972,M+H,+,1,0,120,,,,,927.95167,M+Na,+,1,0,60,,,,,922.99627,M+NH4,+,1,0,60,,,,,903.95517,M-H,-,1,0,60,,,
coenzyme F430,XIC,eTargetCompound,C42H51N6NiO13,,,ESI,5000,,0,,906.29403,M+H,+,1,0,120,,,,,928.27598,M+Na,+,1,0,60,,,,,923.32058,M+NH4,+,1,0,60,,,,,904.27948,M-H,-,1,0,60,,,
chlorophyll b,XIC,eTargetCompound,C55H70MgN4O6,,,ESI,5000,,0,,907.52185,M+H,+,1,0,120,,,,,929.5038,M+Na,+,1,0,60,,,,,924.5484,M+NH4,+,1,0,60,,,,,905.5073,M-H,-,1,0,60,,,
(1-Hydroxycyclohexan-1-yl)acetyl-CoA,XIC,eTargetCompound,C29H48N7O18P3S,,,ESI,5000,,0,,908.20621,M+H,+,1,0,120,,,,,930.18816,M+Na,+,1,0,60,,,,,925.23276,M+NH4,+,1,0,60,,,,,906.19166,M-H,-,1,0,60,,,
3-Oxooctanoyl-CoA,XIC,eTargetCompound,C29H48N7O18P3S,,,ESI,5000,,0,,908.20621,M+H,+,1,0,120,,,,,930.18816,M+Na,+,1,0,60,,,,,925.23276,M+NH4,+,1,0,60,,,,,906.19166,M-H,-,1,0,60,,,
Nonanoyl-CoA,XIC,eTargetCompound,C30H52N7O17P3S,,,ESI,5000,,0,,908.2426,M+H,+,1,0,120,,,,,930.22454,M+Na,+,1,0,60,,,,,925.26915,M+NH4,+,1,0,60,,,,,906.22805,M-H,-,1,0,60,,,
Precorrin 4,XIC,eTargetCompound,C44H52N4O17,,,ESI,5000,,0,,909.34002,M+H,+,1,0,120,,,,,931.32197,M+Na,+,1,0,60,,,,,926.36657,M+NH4,+,1,0,60,,,,,907.32547,M-H,-,1,0,60,,,
(S)-Hydroxyoctanoyl-CoA,XIC,eTargetCompound,C29H50N7O18P3S,,,ESI,5000,,0,,910.22186,M+H,+,1,0,120,,,,,932.20381,M+Na,+,1,0,60,,,,,927.24841,M+NH4,+,1,0,60,,,,,908.20731,M-H,-,1,0,60,,,
3''-Adenylylstreptomycin,XIC,eTargetCompound,C31H51N12O18P,,,ESI,5000,,0,,911.32547,M+H,+,1,0,120,,,,,933.30741,M+Na,+,1,0,60,,,,,928.35201,M+NH4,+,1,0,60,,,,,909.31091,M-H,-,1,0,60,,,
bacteriochlorophyll a,XIC,eTargetCompound,C55H74MgN4O6,,,ESI,5000,,0,,911.55315,M+H,+,1,0,120,,,,,933.5351,M+Na,+,1,0,60,,,,,928.5797,M+NH4,+,1,0,60,,,,,909.5386,M-H,-,1,0,60,,,
(S)-3-Hydroxy-3-methylglutaryl-CoA,XIC,eTargetCompound,C27H44N7O20P3S,,,ESI,5000,,0,,912.16474,M+H,+,1,0,120,,,,,934.14669,M+Na,+,1,0,60,,,,,929.19129,M+NH4,+,1,0,60,,,,,910.15019,M-H,-,1,0,60,,,
p-Coumaroyl-CoA,XIC,eTargetCompound,C30H42N7O18P3S,,,ESI,5000,,0,,914.15926,M+H,+,1,0,120,,,,,936.14121,M+Na,+,1,0,60,,,,,931.18581,M+NH4,+,1,0,60,,,,,912.14471,M-H,-,1,0,60,,,
(R)-Phenyllactyl-CoA,XIC,eTargetCompound,C30H44N7O18P3S,,,ESI,5000,,0,,916.17491,M+H,+,1,0,120,,,,,938.15686,M+Na,+,1,0,60,,,,,933.20146,M+NH4,+,1,0,60,,,,,914.16036,M-H,-,1,0,60,,,
3-hydroxy-3-phenylpropionyl-CoA,XIC,eTargetCompound,C30H44N7O18P3S,,,ESI,5000,,0,,916.17491,M+H,+,1,0,120,,,,,938.15686,M+Na,+,1,0,60,,,,,933.20146,M+NH4,+,1,0,60,,,,,914.16036,M-H,-,1,0,60,,,
Tylosin,XIC,eTargetCompound,C46H77NO17,,,ESI,5000,,0,,916.52643,M+H,+,1,0,120,,,,,938.50837,M+Na,+,1,0,60,,,,,933.55298,M+NH4,+,1,0,60,,,,,914.51187,M-H,-,1,0,60,,,
Bis(5'-adenosyl) pentaphosphate,XIC,eTargetCompound,C20H29N10O22P5,,,ESI,5000,,0,,917.02187,M+H,+,1,0,120,,,,,939.00382,M+Na,+,1,0,60,,,,,934.04842,M+NH4,+,1,0,60,,,,,915.00732,M-H,-,1,0,60,,,
"cis-2-Methyl-5-isopropylhexa-2,5-dienoyl-CoA",XIC,eTargetCompound,C31H50N7O17P3S,,,ESI,5000,,0,,918.22695,M+H,+,1,0,120,,,,,940.20889,M+Na,+,1,0,60,,,,,935.2535,M+NH4,+,1,0,60,,,,,916.2124,M-H,-,1,0,60,,,
"trans-2-Methyl-5-isopropylhexa-2,5-dienoyl-CoA",XIC,eTargetCompound,C31H50N7O17P3S,,,ESI,5000,,0,,918.22695,M+H,+,1,0,120,,,,,940.20889,M+Na,+,1,0,60,,,,,935.2535,M+NH4,+,1,0,60,,,,,916.2124,M-H,-,1,0,60,,,
Peonidin-3-(p-coumaroyl)-rutinoside-5-glucoside,XIC,eTargetCompound,C43H49O22,,,ESI,5000,,0,,918.27882,M+H,+,1,0,120,,,,,940.26077,M+Na,+,1,0,60,,,,,935.30537,M+NH4,+,1,0,60,,,,,916.26427,M-H,-,1,0,60,,,
Kaempferol 3-O-[6-(4-coumaroyl)-beta-D-glucosyl-(1->2)-beta-D-glucosyl-(1->2)- beta-D-glucoside],XIC,eTargetCompound,C42H46O23,,,ESI,5000,,0,,919.25026,M+H,+,1,0,120,,,,,941.23221,M+Na,+,1,0,60,,,,,936.27681,M+NH4,+,1,0,60,,,,,917.23571,M-H,-,1,0,60,,,
trans-Dec-2-enoyl-CoA,XIC,eTargetCompound,C31H52N7O17P3S,,,ESI,5000,,0,,920.2426,M+H,+,1,0,120,,,,,942.22454,M+Na,+,1,0,60,,,,,937.26915,M+NH4,+,1,0,60,,,,,918.22805,M-H,-,1,0,60,,,
7-Methyl-3-oxooctanoyl-CoA,XIC,eTargetCompound,C30H50N7O18P3S,,,ESI,5000,,0,,922.22186,M+H,+,1,0,120,,,,,944.20381,M+Na,+,1,0,60,,,,,939.24841,M+NH4,+,1,0,60,,,,,920.20731,M-H,-,1,0,60,,,
Decanoyl-CoA,XIC,eTargetCompound,C31H54N7O17P3S,,,ESI,5000,,0,,922.25825,M+H,+,1,0,120,,,,,944.24019,M+Na,+,1,0,60,,,,,939.2848,M+NH4,+,1,0,60,,,,,920.2437,M-H,-,1,0,60,,,
Precorrin 5,XIC,eTargetCompound,C45H54N4O17,,,ESI,5000,,0,,923.35567,M+H,+,1,0,120,,,,,945.33762,M+Na,+,1,0,60,,,,,940.38222,M+NH4,+,1,0,60,,,,,921.34112,M-H,-,1,0,60,,,
S-2-(Indol-3-yl)acetyl-CoA,XIC,eTargetCompound,C31H43N8O17P3S,,,ESI,5000,,0,,925.17525,M+H,+,1,0,120,,,,,947.15719,M+Na,+,1,0,60,,,,,942.2018,M+NH4,+,1,0,60,,,,,923.1607,M-H,-,1,0,60,,,
Undecaprenyl diphosphate,XIC,eTargetCompound,C55H92O7P2,,,ESI,5000,,0,,927.6391,M+H,+,1,0,120,,,,,949.62105,M+Na,+,1,0,60,,,,,944.66565,M+NH4,+,1,0,60,,,,,925.62455,M-H,-,1,0,60,,,
Caffeoyl-CoA,XIC,eTargetCompound,C30H42N7O19P3S,,,ESI,5000,,0,,930.15418,M+H,+,1,0,120,,,,,952.13612,M+Na,+,1,0,60,,,,,947.18073,M+NH4,+,1,0,60,,,,,928.13963,M-H,-,1,0,60,,,
Salvianin,XIC,eTargetCompound,C42H41O24,,,ESI,5000,,0,,930.20605,M+H,+,1,0,120,,,,,952.188,M+Na,+,1,0,60,,,,,947.2326,M+NH4,+,1,0,60,,,,,928.1915,M-H,-,1,0,60,,,
Angiotensin III,XIC,eTargetCompound,C46H66N12O9,,,ESI,5000,,0,,931.51485,M+H,+,1,0,120,,,,,953.49679,M+Na,+,1,0,60,,,,,948.5414,M+NH4,+,1,0,60,,,,,929.50029,M-H,-,1,0,60,,,
"2-Oxo-delta3-4,5,5-trimethylcyclopentenylacetyl-CoA",XIC,eTargetCompound,C31H48N7O18P3S,,,ESI,5000,,0,,932.20621,M+H,+,1,0,120,,,,,954.18816,M+Na,+,1,0,60,,,,,949.23276,M+NH4,+,1,0,60,,,,,930.19166,M-H,-,1,0,60,,,
(3R)-3-Isopropenyl-6-oxoheptanoyl-CoA,XIC,eTargetCompound,C31H50N7O18P3S,,,ESI,5000,,0,,934.22186,M+H,+,1,0,120,,,,,956.20381,M+Na,+,1,0,60,,,,,951.24841,M+NH4,+,1,0,60,,,,,932.20731,M-H,-,1,0,60,,,
(3S)-3-Isopropenyl-6-oxoheptanoyl-CoA,XIC,eTargetCompound,C31H50N7O18P3S,,,ESI,5000,,0,,934.22186,M+H,+,1,0,120,,,,,956.20381,M+Na,+,1,0,60,,,,,951.24841,M+NH4,+,1,0,60,,,,,932.20731,M-H,-,1,0,60,,,
Pseudoecgonyl-CoA,XIC,eTargetCompound,C30H49N8O18P3S,,,ESI,5000,,0,,935.21711,M+H,+,1,0,120,,,,,957.19906,M+Na,+,1,0,60,,,,,952.24366,M+NH4,+,1,0,60,,,,,933.20256,M-H,-,1,0,60,,,
"3-Hydroxy-2,6-dimethyl-5-methylene-heptanoyl-CoA",XIC,eTargetCompound,C31H52N7O18P3S,,,ESI,5000,,0,,936.23751,M+H,+,1,0,120,,,,,958.21946,M+Na,+,1,0,60,,,,,953.26406,M+NH4,+,1,0,60,,,,,934.22296,M-H,-,1,0,60,,,
3-Oxodecanoyl-CoA,XIC,eTargetCompound,C31H52N7O18P3S,,,ESI,5000,,0,,936.23751,M+H,+,1,0,120,,,,,958.21946,M+Na,+,1,0,60,,,,,953.26406,M+NH4,+,1,0,60,,,,,934.22296,M-H,-,1,0,60,,,
Bilirubin beta-diglucuronide,XIC,eTargetCompound,C45H52N4O18,,,ESI,5000,,0,,937.33494,M+H,+,1,0,120,,,,,959.31688,M+Na,+,1,0,60,,,,,954.36149,M+NH4,+,1,0,60,,,,,935.32038,M-H,-,1,0,60,,,
(S)-Hydroxydecanoyl-CoA,XIC,eTargetCompound,C31H54N7O18P3S,,,ESI,5000,,0,,938.25316,M+H,+,1,0,120,,,,,960.23511,M+Na,+,1,0,60,,,,,955.27971,M+NH4,+,1,0,60,,,,,936.23861,M-H,-,1,0,60,,,
Eugeniin,XIC,eTargetCompound,C41H30O26,,,ESI,5000,,0,,939.10981,M+H,+,1,0,120,,,,,961.09175,M+Na,+,1,0,60,,,,,956.13636,M+NH4,+,1,0,60,,,,,937.09525,M-H,-,1,0,60,,,
Cobyrinate,XIC,eTargetCompound,C45H60CoN4O14,,,ESI,5000,,0,,940.35108,M+H,+,1,0,120,,,,,962.33302,M+Na,+,1,0,60,,,,,957.37763,M+NH4,+,1,0,60,,,,,938.33653,M-H,-,1,0,60,,,
"1,2,3,4,6-Pentakis-O-galloyl-beta-D-glucose",XIC,eTargetCompound,C41H32O26,,,ESI,5000,,0,,941.12546,M+H,+,1,0,120,,,,,963.1074,M+Na,+,1,0,60,,,,,958.15201,M+NH4,+,1,0,60,,,,,939.1109,M-H,-,1,0,60,,,
beta-D-Mannosylphosphodecaprenol,XIC,eTargetCompound,C56H93O9P,,,ESI,5000,,0,,941.663,M+H,+,1,0,120,,,,,963.64494,M+Na,+,1,0,60,,,,,958.68955,M+NH4,+,1,0,60,,,,,939.64844,M-H,-,1,0,60,,,
(3S)-Citryl-CoA,XIC,eTargetCompound,C27H42N7O22P3S,,,ESI,5000,,0,,942.13892,M+H,+,1,0,120,,,,,964.12087,M+Na,+,1,0,60,,,,,959.16547,M+NH4,+,1,0,60,,,,,940.12437,M-H,-,1,0,60,,,
Feruloyl-CoA,XIC,eTargetCompound,C31H44N7O19P3S,,,ESI,5000,,0,,944.16983,M+H,+,1,0,120,,,,,966.15177,M+Na,+,1,0,60,,,,,961.19638,M+NH4,+,1,0,60,,,,,942.15528,M-H,-,1,0,60,,,
"cis,cis-3,6-Dodecadienoyl-CoA",XIC,eTargetCompound,C33H54N7O17P3S,,,ESI,5000,,0,,946.25825,M+H,+,1,0,120,,,,,968.24019,M+Na,+,1,0,60,,,,,963.2848,M+NH4,+,1,0,60,,,,,944.2437,M-H,-,1,0,60,,,
2-trans-Dodecenoyl-CoA,XIC,eTargetCompound,C33H56N7O17P3S,,,ESI,5000,,0,,948.2739,M+H,+,1,0,120,,,,,970.25584,M+Na,+,1,0,60,,,,,965.30045,M+NH4,+,1,0,60,,,,,946.25935,M-H,-,1,0,60,,,
3-cis-Dodecenoyl-CoA,XIC,eTargetCompound,C33H56N7O17P3S,,,ESI,5000,,0,,948.2739,M+H,+,1,0,120,,,,,970.25584,M+Na,+,1,0,60,,,,,965.30045,M+NH4,+,1,0,60,,,,,946.25935,M-H,-,1,0,60,,,
Lauroyl-CoA,XIC,eTargetCompound,C33H58N7O17P3S,,,ESI,5000,,0,,950.28955,M+H,+,1,0,120,,,,,972.27149,M+Na,+,1,0,60,,,,,967.3161,M+NH4,+,1,0,60,,,,,948.275,M-H,-,1,0,60,,,
Anabaenopeptilide 90A,XIC,eTargetCompound,C46H64N8O14,,,ESI,5000,,0,,953.46147,M+H,+,1,0,120,,,,,975.44342,M+Na,+,1,0,60,,,,,970.48802,M+NH4,+,1,0,60,,,,,951.44692,M-H,-,1,0,60,,,
Thyroxineglucuronide,XIC,eTargetCompound,C21H19I4NO10,,,ESI,5000,,0,,953.72604,M+H,+,1,0,120,,,,,975.70799,M+Na,+,1,0,60,,,,,970.75259,M+NH4,+,1,0,60,,,,,951.71149,M-H,-,1,0,60,,,
"1,4-Dihydroxy-2-naphthoyl-CoA",XIC,eTargetCompound,C32H42N7O19P3S,,,ESI,5000,,0,,954.15418,M+H,+,1,0,120,,,,,976.13612,M+Na,+,1,0,60,,,,,971.18073,M+NH4,+,1,0,60,,,,,952.13963,M-H,-,1,0,60,,,
p-coumaroyldiketide-CoA,XIC,eTargetCompound,C32H44N7O19P3S,,,ESI,5000,,0,,956.16983,M+H,+,1,0,120,,,,,978.15177,M+Na,+,1,0,60,,,,,973.19638,M+NH4,+,1,0,60,,,,,954.15528,M-H,-,1,0,60,,,
5-Hydroxyferuloyl-CoA,XIC,eTargetCompound,C31H44N7O20P3S,,,ESI,5000,,0,,960.16474,M+H,+,1,0,120,,,,,982.14669,M+Na,+,1,0,60,,,,,977.19129,M+NH4,+,1,0,60,,,,,958.15019,M-H,-,1,0,60,,,
4-Hydroxy-3-methoxyphenyl-beta-hydroxypropionyl-CoA,XIC,eTargetCompound,C31H46N7O20P3S,,,ESI,5000,,0,,962.18039,M+H,+,1,0,120,,,,,984.16234,M+Na,+,1,0,60,,,,,979.20694,M+NH4,+,1,0,60,,,,,960.16584,M-H,-,1,0,60,,,
3-Oxododecanoyl-CoA,XIC,eTargetCompound,C33H56N7O18P3S,,,ESI,5000,,0,,964.26881,M+H,+,1,0,120,,,,,986.25076,M+Na,+,1,0,60,,,,,981.29536,M+NH4,+,1,0,60,,,,,962.25426,M-H,-,1,0,60,,,
(S)-3-Hydroxydodecanoyl-CoA,XIC,eTargetCompound,C33H58N7O18P3S,,,ESI,5000,,0,,966.28446,M+H,+,1,0,120,,,,,988.26641,M+Na,+,1,0,60,,,,,983.31101,M+NH4,+,1,0,60,,,,,964.26991,M-H,-,1,0,60,,,
"(E,E)-Piperoyl-CoA",XIC,eTargetCompound,C33H44N7O19P3S,,,ESI,5000,,0,,968.16983,M+H,+,1,0,120,,,,,990.15177,M+Na,+,1,0,60,,,,,985.19638,M+NH4,+,1,0,60,,,,,966.15528,M-H,-,1,0,60,,,
Mycothione,XIC,eTargetCompound,C34H58N4O24S2,,,ESI,5000,,0,,971.29552,M+H,+,1,0,120,,,,,993.27746,M+Na,+,1,0,60,,,,,988.32207,M+NH4,+,1,0,60,,,,,969.28096,M-H,-,1,0,60,,,
2-Succinylbenzoyl-CoA,XIC,eTargetCompound,C32H44N7O20P3S,,,ESI,5000,,0,,972.16474,M+H,+,1,0,120,,,,,994.14669,M+Na,+,1,0,60,,,,,989.19129,M+NH4,+,1,0,60,,,,,970.15019,M-H,-,1,0,60,,,
Anabaenopeptilide 90B,XIC,eTargetCompound,C45H61N8O14Cl,,,ESI,5000,,0,,973.40685,M+H,+,1,0,120,,,,,995.3888,M+Na,+,1,0,60,,,,,990.4334,M+NH4,+,1,0,60,,,,,971.3923,M-H,-,1,0,60,,,
Sinapoyl-CoA,XIC,eTargetCompound,C32H46N7O20P3S,,,ESI,5000,,0,,974.18039,M+H,+,1,0,120,,,,,996.16234,M+Na,+,1,0,60,,,,,991.20694,M+NH4,+,1,0,60,,,,,972.16584,M-H,-,1,0,60,,,
(E)-11-Tetradecenoyl-CoA,XIC,eTargetCompound,C35H60N7O17P3S,,,ESI,5000,,0,,976.3052,M+H,+,1,0,120,,,,,998.28714,M+Na,+,1,0,60,,,,,993.33175,M+NH4,+,1,0,60,,,,,974.29065,M-H,-,1,0,60,,,
(Z)-11-Tetradecenoyl-CoA,XIC,eTargetCompound,C35H60N7O17P3S,,,ESI,5000,,0,,976.3052,M+H,+,1,0,120,,,,,998.28714,M+Na,+,1,0,60,,,,,993.33175,M+NH4,+,1,0,60,,,,,974.29065,M-H,-,1,0,60,,,
trans-Tetradec-2-enoyl-CoA,XIC,eTargetCompound,C35H60N7O17P3S,,,ESI,5000,,0,,976.3052,M+H,+,1,0,120,,,,,998.28714,M+Na,+,1,0,60,,,,,993.33175,M+NH4,+,1,0,60,,,,,974.29065,M-H,-,1,0,60,,,
Crocin,XIC,eTargetCompound,C44H64O24,,,ESI,5000,,0,,977.38603,M+H,+,1,0,120,,,,,999.36797,M+Na,+,1,0,60,,,,,994.41258,M+NH4,+,1,0,60,,,,,975.37148,M-H,-,1,0,60,,,
Tetradecanoyl-CoA,XIC,eTargetCompound,C35H62N7O17P3S,,,ESI,5000,,0,,978.32085,M+H,+,1,0,120,,,,,1000.30279,M+Na,+,1,0,60,,,,,995.3474,M+NH4,+,1,0,60,,,,,976.3063,M-H,-,1,0,60,,,
Undecaprenyl phosphate alpha-L-Ara4N,XIC,eTargetCompound,C60H100NO7P,,,ESI,5000,,0,,978.73102,M+H,+,1,0,120,,,,,1000.71296,M+Na,+,1,0,60,,,,,995.75757,M+NH4,+,1,0,60,,,,,976.71646,M-H,-,1,0,60,,,
O-Palmitoylglycoprotein,XIC,eTargetCompound,C44H77N5O19,,,ESI,5000,,0,,980.52855,M+H,+,1,0,120,,,,,1002.5105,M+Na,+,1,0,60,,,,,997.5551,M+NH4,+,1,0,60,,,,,978.514,M-H,-,1,0,60,,,
Glycoprotein phospho-D-mannose,XIC,eTargetCompound,C34H58N5O26P,,,ESI,5000,,0,,984.31804,M+H,+,1,0,120,,,,,1006.29998,M+Na,+,1,0,60,,,,,1001.34459,M+NH4,+,1,0,60,,,,,982.30349,M-H,-,1,0,60,,,
feruloyl-diketide-CoA,XIC,eTargetCompound,C33H46N7O20P3S,,,ESI,5000,,0,,986.18039,M+H,+,1,0,120,,,,,1008.16234,M+Na,+,1,0,60,,,,,1003.20694,M+NH4,+,1,0,60,,,,,984.16584,M-H,-,1,0,60,,,
trans-2-Enoyl-OPC4-CoA,XIC,eTargetCompound,C35H54N7O18P3S,,,ESI,5000,,0,,986.25316,M+H,+,1,0,120,,,,,1008.23511,M+Na,+,1,0,60,,,,,1003.27971,M+NH4,+,1,0,60,,,,,984.23861,M-H,-,1,0,60,,,
OPC4-CoA,XIC,eTargetCompound,C35H56N7O18P3S,,,ESI,5000,,0,,988.26881,M+H,+,1,0,120,,,,,1010.25076,M+Na,+,1,0,60,,,,,1005.29536,M+NH4,+,1,0,60,,,,,986.25426,M-H,-,1,0,60,,,
alpha-Galactosyl-(1-6)-alpha-galactosyl-(1-6)-alpha-galactosyl-(1- 6)-alpha-galactosyl-(1-6)-alpha-glucosyl-(1-2)-beta-fructose,XIC,eTargetCompound,C36H62O31,,,ESI,5000,,0,,991.33478,M+H,+,1,0,120,,,,,1013.31673,M+Na,+,1,0,60,,,,,1008.36133,M+NH4,+,1,0,60,,,,,989.32023,M-H,-,1,0,60,,,
Maltohexaose,XIC,eTargetCompound,C36H62O31,,,ESI,5000,,0,,991.33478,M+H,+,1,0,120,,,,,1013.31673,M+Na,+,1,0,60,,,,,1008.36133,M+NH4,+,1,0,60,,,,,989.32023,M-H,-,1,0,60,,,
3-Oxotetradecanoyl-CoA,XIC,eTargetCompound,C35H60N7O18P3S,,,ESI,5000,,0,,992.30011,M+H,+,1,0,120,,,,,1014.28206,M+Na,+,1,0,60,,,,,1009.32666,M+NH4,+,1,0,60,,,,,990.28556,M-H,-,1,0,60,,,
Biotinyl-CoA,XIC,eTargetCompound,C31H50N9O18P3S2,,,ESI,5000,,0,,994.20008,M+H,+,1,0,120,,,,,1016.18203,M+Na,+,1,0,60,,,,,1011.22663,M+NH4,+,1,0,60,,,,,992.18553,M-H,-,1,0,60,,,
(S)-3-Hydroxytetradecanoyl-CoA,XIC,eTargetCompound,C35H62N7O18P3S,,,ESI,5000,,0,,994.31576,M+H,+,1,0,120,,,,,1016.29771,M+Na,+,1,0,60,,,,,1011.34231,M+NH4,+,1,0,60,,,,,992.30121,M-H,-,1,0,60,,,
trans-Hexadec-2-enoyl-CoA,XIC,eTargetCompound,C37H64N7O17P3S,,,ESI,5000,,0,,1004.3365,M+H,+,1,0,120,,,,,1026.31844,M+Na,+,1,0,60,,,,,1021.36305,M+NH4,+,1,0,60,,,,,1002.32195,M-H,-,1,0,60,,,
"4,8,12-Trimethyltridecanoyl-CoA",XIC,eTargetCompound,C37H66N7O17P3S,,,ESI,5000,,0,,1006.35215,M+H,+,1,0,120,,,,,1028.33409,M+Na,+,1,0,60,,,,,1023.3787,M+NH4,+,1,0,60,,,,,1004.3376,M-H,-,1,0,60,,,
Palmitoyl-CoA,XIC,eTargetCompound,C37H66N7O17P3S,,,ESI,5000,,0,,1006.35215,M+H,+,1,0,120,,,,,1028.33409,M+Na,+,1,0,60,,,,,1023.3787,M+NH4,+,1,0,60,,,,,1004.3376,M-H,-,1,0,60,,,
Undecaprenyl phosphate alpha-L-Ara4FN,XIC,eTargetCompound,C61H100NO8P,,,ESI,5000,,0,,1006.72593,M+H,+,1,0,120,,,,,1028.70788,M+Na,+,1,0,60,,,,,1023.75248,M+NH4,+,1,0,60,,,,,1004.71138,M-H,-,1,0,60,,,
UDP-N-acetylmuramoyl-L-alanyl-D-glutamyl-L-lysine,XIC,eTargetCompound,C34H55N7O24P2,,,ESI,5000,,0,,1008.28464,M+H,+,1,0,120,,,,,1030.26659,M+Na,+,1,0,60,,,,,1025.31119,M+NH4,+,1,0,60,,,,,1006.27009,M-H,-,1,0,60,,,
D-Mannosyl-1-phosphoundecaprenol,XIC,eTargetCompound,C61H101O9P,,,ESI,5000,,0,,1009.7256,M+H,+,1,0,120,,,,,1031.70754,M+Na,+,1,0,60,,,,,1026.75215,M+NH4,+,1,0,60,,,,,1007.71104,M-H,-,1,0,60,,,
trans-2-Enoyl-OPC6-CoA,XIC,eTargetCompound,C37H58N7O18P3S,,,ESI,5000,,0,,1014.28446,M+H,+,1,0,120,,,,,1036.26641,M+Na,+,1,0,60,,,,,1031.31101,M+NH4,+,1,0,60,,,,,1012.26991,M-H,-,1,0,60,,,
OPC6-CoA,XIC,eTargetCompound,C37H60N7O18P3S,,,ESI,5000,,0,,1016.30011,M+H,+,1,0,120,,,,,1038.28206,M+Na,+,1,0,60,,,,,1033.32666,M+NH4,+,1,0,60,,,,,1014.28556,M-H,-,1,0,60,,,
"UDP-2,3-bis(3-hydroxytetradecanoyl)glucosamine",XIC,eTargetCompound,C43H77N3O20P2,,,ESI,5000,,0,,1018.46484,M+H,+,1,0,120,,,,,1040.44679,M+Na,+,1,0,60,,,,,1035.49139,M+NH4,+,1,0,60,,,,,1016.45029,M-H,-,1,0,60,,,
3-Oxopalmitoyl-CoA,XIC,eTargetCompound,C37H64N7O18P3S,,,ESI,5000,,0,,1020.33141,M+H,+,1,0,120,,,,,1042.31336,M+Na,+,1,0,60,,,,,1037.35796,M+NH4,+,1,0,60,,,,,1018.31686,M-H,-,1,0,60,,,
(S)-3-Hydroxyhexadecanoyl-CoA,XIC,eTargetCompound,C37H66N7O18P3S,,,ESI,5000,,0,,1022.34706,M+H,+,1,0,120,,,,,1044.32901,M+Na,+,1,0,60,,,,,1039.37361,M+NH4,+,1,0,60,,,,,1020.33251,M-H,-,1,0,60,,,
Aeruginopeptin 917S-C,XIC,eTargetCompound,C51H74N8O14,,,ESI,5000,,0,,1023.53973,M+H,+,1,0,120,,,,,1045.52167,M+Na,+,1,0,60,,,,,1040.56627,M+NH4,+,1,0,60,,,,,1021.52517,M-H,-,1,0,60,,,
"(6Z,9Z,12Z,15Z)-Octadecatetraenoyl-CoA",XIC,eTargetCompound,C39H62N7O17P3S,,,ESI,5000,,0,,1026.32085,M+H,+,1,0,120,,,,,1048.30279,M+Na,+,1,0,60,,,,,1043.3474,M+NH4,+,1,0,60,,,,,1024.3063,M-H,-,1,0,60,,,
"(9Z,12Z,15Z)-Octadecatrienoyl-CoA",XIC,eTargetCompound,C39H64N7O17P3S,,,ESI,5000,,0,,1028.3365,M+H,+,1,0,120,,,,,1050.31844,M+Na,+,1,0,60,,,,,1045.36305,M+NH4,+,1,0,60,,,,,1026.32195,M-H,-,1,0,60,,,
gamma-Linolenoyl-CoA,XIC,eTargetCompound,C39H64N7O17P3S,,,ESI,5000,,0,,1028.3365,M+H,+,1,0,120,,,,,1050.31844,M+Na,+,1,0,60,,,,,1045.36305,M+NH4,+,1,0,60,,,,,1026.32195,M-H,-,1,0,60,,,
Linoleoyl-CoA,XIC,eTargetCompound,C39H66N7O17P3S,,,ESI,5000,,0,,1030.35215,M+H,+,1,0,120,,,,,1052.33409,M+Na,+,1,0,60,,,,,1047.3787,M+NH4,+,1,0,60,,,,,1028.3376,M-H,-,1,0,60,,,
(2E)-Octadecenoyl-CoA,XIC,eTargetCompound,C39H68N7O17P3S,,,ESI,5000,,0,,1032.3678,M+H,+,1,0,120,,,,,1054.34974,M+Na,+,1,0,60,,,,,1049.39435,M+NH4,+,1,0,60,,,,,1030.35325,M-H,-,1,0,60,,,
Heparin,XIC,eTargetCompound,C26H41NO34S4,,,ESI,5000,,0,,1040.04656,M+H,+,1,0,120,,,,,1062.0285,M+Na,+,1,0,60,,,,,1057.07311,M+NH4,+,1,0,60,,,,,1038.032,M-H,-,1,0,60,,,
"1,2-di-(9Z-octadecenoyl)-sn-glycero-3-(cytidine diphosphate) (ammonium salt); 18:1 CDP DG",XIC,eTargetCompound,C48H91N5O15P2,,,ESI,5000,,0,,1040.60597,M+H,+,1,0,120,,,,,1062.58791,M+Na,+,1,0,60,,,,,1057.63252,M+NH4,+,1,0,60,,,,,1038.59141,M-H,-,1,0,60,,,
trans-2-Enoyl-OPC8-CoA,XIC,eTargetCompound,C39H62N7O18P3S,,,ESI,5000,,0,,1042.31576,M+H,+,1,0,120,,,,,1064.29771,M+Na,+,1,0,60,,,,,1059.34231,M+NH4,+,1,0,60,,,,,1040.30121,M-H,-,1,0,60,,,
OPC8-CoA,XIC,eTargetCompound,C39H64N7O18P3S,,,ESI,5000,,0,,1044.33141,M+H,+,1,0,120,,,,,1066.31336,M+Na,+,1,0,60,,,,,1061.35796,M+NH4,+,1,0,60,,,,,1042.31686,M-H,-,1,0,60,,,
Aeruginopeptin 228A,XIC,eTargetCompound,C52H68N8O15,,,ESI,5000,,0,,1045.48769,M+H,+,1,0,120,,,,,1067.46963,M+Na,+,1,0,60,,,,,1062.51424,M+NH4,+,1,0,60,,,,,1043.47314,M-H,-,1,0,60,,,
Angiotensin II,XIC,eTargetCompound,C50H71N13O12,,,ESI,5000,,0,,1046.54179,M+H,+,1,0,120,,,,,1068.52374,M+Na,+,1,0,60,,,,,1063.56834,M+NH4,+,1,0,60,,,,,1044.52724,M-H,-,1,0,60,,,
3-Oxostearoyl-CoA,XIC,eTargetCompound,C39H68N7O18P3S,,,ESI,5000,,0,,1048.36271,M+H,+,1,0,120,,,,,1070.34466,M+Na,+,1,0,60,,,,,1065.38926,M+NH4,+,1,0,60,,,,,1046.34816,M-H,-,1,0,60,,,
Aeruginopeptin 228B,XIC,eTargetCompound,C52H72N8O15,,,ESI,5000,,0,,1049.51899,M+H,+,1,0,120,,,,,1071.50093,M+Na,+,1,0,60,,,,,1066.54554,M+NH4,+,1,0,60,,,,,1047.50444,M-H,-,1,0,60,,,
3-Hydroxyoctadecanoyl-CoA,XIC,eTargetCompound,C39H70N7O18P3S,,,ESI,5000,,0,,1050.37836,M+H,+,1,0,120,,,,,1072.36031,M+Na,+,1,0,60,,,,,1067.40491,M+NH4,+,1,0,60,,,,,1048.36381,M-H,-,1,0,60,,,
"UDP-N-acetylmuramoyl-L-alanyl-D-gamma-glutamyl-meso-2,6- diaminopimelate",XIC,eTargetCompound,C35H55N7O26P2,,,ESI,5000,,0,,1052.27447,M+H,+,1,0,120,,,,,1074.25642,M+Na,+,1,0,60,,,,,1069.30102,M+NH4,+,1,0,60,,,,,1050.25992,M-H,-,1,0,60,,,
Keratan,XIC,eTargetCompound,C28H48N2O32S4,,,ESI,5000,,0,,1053.11458,M+H,+,1,0,120,,,,,1075.09652,M+Na,+,1,0,60,,,,,1070.14113,M+NH4,+,1,0,60,,,,,1051.10002,M-H,-,1,0,60,,,
Arachidonyl-CoA,XIC,eTargetCompound,C41H66N7O17P3S,,,ESI,5000,,0,,1054.35215,M+H,+,1,0,120,,,,,1076.33409,M+Na,+,1,0,60,,,,,1071.3787,M+NH4,+,1,0,60,,,,,1052.3376,M-H,-,1,0,60,,,
Bradykinin,XIC,eTargetCompound,C50H73N15O11,,,ESI,5000,,0,,1060.56867,M+H,+,1,0,120,,,,,1082.55062,M+Na,+,1,0,60,,,,,1077.59522,M+NH4,+,1,0,60,,,,,1058.55412,M-H,-,1,0,60,,,
3-Oxopristanoyl-CoA,XIC,eTargetCompound,C40H70N7O18P3S,,,ESI,5000,,0,,1062.37836,M+H,+,1,0,120,,,,,1084.36031,M+Na,+,1,0,60,,,,,1079.40491,M+NH4,+,1,0,60,,,,,1060.36381,M-H,-,1,0,60,,,
Eicosanoyl-CoA,XIC,eTargetCompound,C41H74N7O17P3S,,,ESI,5000,,0,,1062.41475,M+H,+,1,0,120,,,,,1084.39669,M+Na,+,1,0,60,,,,,1079.4413,M+NH4,+,1,0,60,,,,,1060.4002,M-H,-,1,0,60,,,
Phytanoyl-CoA,XIC,eTargetCompound,C41H74N7O17P3S,,,ESI,5000,,0,,1062.41475,M+H,+,1,0,120,,,,,1084.39669,M+Na,+,1,0,60,,,,,1079.4413,M+NH4,+,1,0,60,,,,,1060.4002,M-H,-,1,0,60,,,
Nostopeptolide A2,XIC,eTargetCompound,C52H78N10O14,,,ESI,5000,,0,,1067.57717,M+H,+,1,0,120,,,,,1089.55912,M+Na,+,1,0,60,,,,,1084.60372,M+NH4,+,1,0,60,,,,,1065.56262,M-H,-,1,0,60,,,
CoA-glutathione,XIC,eTargetCompound,C31H51N10O22P3S2,,,ESI,5000,,0,,1073.19064,M+H,+,1,0,120,,,,,1095.17258,M+Na,+,1,0,60,,,,,1090.21719,M+NH4,+,1,0,60,,,,,1071.17609,M-H,-,1,0,60,,,
p-Lacto-N-hexaose,XIC,eTargetCompound,C40H68N2O31,,,ESI,5000,,0,,1073.38788,M+H,+,1,0,120,,,,,1095.36982,M+Na,+,1,0,60,,,,,1090.41443,M+NH4,+,1,0,60,,,,,1071.37333,M-H,-,1,0,60,,,
Aeruginopeptin 917S-A,XIC,eTargetCompound,C54H72N8O15,,,ESI,5000,,0,,1073.51899,M+H,+,1,0,120,,,,,1095.50093,M+Na,+,1,0,60,,,,,1090.54554,M+NH4,+,1,0,60,,,,,1071.50444,M-H,-,1,0,60,,,
Aeruginopeptin 917S-B,XIC,eTargetCompound,C54H76N8O15,,,ESI,5000,,0,,1077.55029,M+H,+,1,0,120,,,,,1099.53223,M+Na,+,1,0,60,,,,,1094.57684,M+NH4,+,1,0,60,,,,,1075.53574,M-H,-,1,0,60,,,
2-Hydroxyphytanoyl-CoA,XIC,eTargetCompound,C41H74N7O18P3S,,,ESI,5000,,0,,1078.40966,M+H,+,1,0,120,,,,,1100.39161,M+Na,+,1,0,60,,,,,1095.43621,M+NH4,+,1,0,60,,,,,1076.39511,M-H,-,1,0,60,,,
"(4Z,7Z,10Z,13Z,16Z)-Docosapentaenoyl-CoA",XIC,eTargetCompound,C43H68N7O17P3S,,,ESI,5000,,0,,1080.3678,M+H,+,1,0,120,,,,,1102.34974,M+Na,+,1,0,60,,,,,1097.39435,M+NH4,+,1,0,60,,,,,1078.35325,M-H,-,1,0,60,,,
Nostopeptolide A1,XIC,eTargetCompound,C53H80N10O14,,,ESI,5000,,0,,1081.59282,M+H,+,1,0,120,,,,,1103.57477,M+Na,+,1,0,60,,,,,1098.61937,M+NH4,+,1,0,60,,,,,1079.57827,M-H,-,1,0,60,,,
Beta-1-4-D-Mannosylchitobiosyldiphosphodolichol,XIC,eTargetCompound,C47H82N2O22P2,,,ESI,5000,,0,,1089.49072,M+H,+,1,0,120,,,,,1111.47267,M+Na,+,1,0,60,,,,,1106.51727,M+NH4,+,1,0,60,,,,,1087.47617,M-H,-,1,0,60,,,
alpha-D-Galactosyl-diphosphoundecaprenol,XIC,eTargetCompound,C61H102O12P2,,,ESI,5000,,0,,1089.69193,M+H,+,1,0,120,,,,,1111.67387,M+Na,+,1,0,60,,,,,1106.71848,M+NH4,+,1,0,60,,,,,1087.67737,M-H,-,1,0,60,,,
Docosanoyl-CoA,XIC,eTargetCompound,C43H78N7O17P3S,,,ESI,5000,,0,,1090.44605,M+H,+,1,0,120,,,,,1112.428,M+Na,+,1,0,60,,,,,1107.4726,M+NH4,+,1,0,60,,,,,1088.4315,M-H,-,1,0,60,,,
"(2E,6Z,9Z,12Z,15Z,18Z,21Z)-Tetracosahepta-2,6,9,12,15,18,21-enoyl- CoA",XIC,eTargetCompound,C45H68N7O17P3S,,,ESI,5000,,0,,1104.3678,M+H,+,1,0,120,,,,,1126.34974,M+Na,+,1,0,60,,,,,1121.39435,M+NH4,+,1,0,60,,,,,1102.35325,M-H,-,1,0,60,,,
3-(acyloxy)acyl group of bacterial toxin,XIC,eTargetCompound,C60H114NO14P,,,ESI,5000,,0,,1104.80497,M+H,+,1,0,120,,,,,1126.78691,M+Na,+,1,0,60,,,,,1121.83152,M+NH4,+,1,0,60,,,,,1102.79042,M-H,-,1,0,60,,,
"(6Z,9Z,12Z,15Z,18Z,21Z)-Tetracosahexaenoyl-CoA",XIC,eTargetCompound,C45H70N7O17P3S,,,ESI,5000,,0,,1106.38345,M+H,+,1,0,120,,,,,1128.36539,M+Na,+,1,0,60,,,,,1123.41,M+NH4,+,1,0,60,,,,,1104.3689,M-H,-,1,0,60,,,
dolichol,XIC,eTargetCompound,C80H132O,,,ESI,5000,,0,,1110.0351,M+H,+,1,0,120,,,,,1132.01704,M+Na,+,1,0,60,,,,,1127.06164,M+NH4,+,1,0,60,,,,,1108.02054,M-H,-,1,0,60,,,
"(9Z,12Z,15Z,18Z)-Tetracosatetraenoyl-CoA",XIC,eTargetCompound,C45H74N7O17P3S,,,ESI,5000,,0,,1110.41475,M+H,+,1,0,120,,,,,1132.39669,M+Na,+,1,0,60,,,,,1127.4413,M+NH4,+,1,0,60,,,,,1108.4002,M-H,-,1,0,60,,,
Valinomycin,XIC,eTargetCompound,C54H90N6O18,,,ESI,5000,,0,,1111.63844,M+H,+,1,0,120,,,,,1133.62038,M+Na,+,1,0,60,,,,,1128.66499,M+NH4,+,1,0,60,,,,,1109.62388,M-H,-,1,0,60,,,
Gentiodelphin,XIC,eTargetCompound,C51H53O28,,,ESI,5000,,0,,1114.27961,M+H,+,1,0,120,,,,,1136.26156,M+Na,+,1,0,60,,,,,1131.30616,M+NH4,+,1,0,60,,,,,1112.26506,M-H,-,1,0,60,,,
Tetracosanoyl-CoA,XIC,eTargetCompound,C45H82N7O17P3S,,,ESI,5000,,0,,1118.47735,M+H,+,1,0,120,,,,,1140.4593,M+Na,+,1,0,60,,,,,1135.5039,M+NH4,+,1,0,60,,,,,1116.4628,M-H,-,1,0,60,,,
N-Acetyl-D-glucosaminyldiphosphoundecaprenol,XIC,eTargetCompound,C63H105NO12P2,,,ESI,5000,,0,,1130.71848,M+H,+,1,0,120,,,,,1152.70042,M+Na,+,1,0,60,,,,,1147.74503,M+NH4,+,1,0,60,,,,,1128.70392,M-H,-,1,0,60,,,
Gramicidin S,XIC,eTargetCompound,C60H92N12O10,,,ESI,5000,,0,,1141.71321,M+H,+,1,0,120,,,,,1163.69516,M+Na,+,1,0,60,,,,,1158.73976,M+NH4,+,1,0,60,,,,,1139.69866,M-H,-,1,0,60,,,
Chenodeoxycholoyl-CoA,XIC,eTargetCompound,C45H74N7O19P3S,,,ESI,5000,,0,,1142.40458,M+H,+,1,0,120,,,,,1164.38652,M+Na,+,1,0,60,,,,,1159.43113,M+NH4,+,1,0,60,,,,,1140.39003,M-H,-,1,0,60,,,
Chenodeoxyglycocholoyl-CoA,XIC,eTargetCompound,C45H74N7O19P3S,,,ESI,5000,,0,,1142.40458,M+H,+,1,0,120,,,,,1164.38652,M+Na,+,1,0,60,,,,,1159.43113,M+NH4,+,1,0,60,,,,,1140.39003,M-H,-,1,0,60,,,
Deoxycholoyl-CoA,XIC,eTargetCompound,C45H74N7O19P3S,,,ESI,5000,,0,,1142.40458,M+H,+,1,0,120,,,,,1164.38652,M+Na,+,1,0,60,,,,,1159.43113,M+NH4,+,1,0,60,,,,,1140.39003,M-H,-,1,0,60,,,
6-(D-Glucose-1-phospho)-D-mannosylglycoprotein,XIC,eTargetCompound,C40H68N5O31P,,,ESI,5000,,0,,1146.37086,M+H,+,1,0,120,,,,,1168.35281,M+Na,+,1,0,60,,,,,1163.39741,M+NH4,+,1,0,60,,,,,1144.35631,M-H,-,1,0,60,,,
Aeruginopeptin 95A,XIC,eTargetCompound,C56H75N9O17,,,ESI,5000,,0,,1146.53537,M+H,+,1,0,120,,,,,1168.51731,M+Na,+,1,0,60,,,,,1163.56192,M+NH4,+,1,0,60,,,,,1144.52081,M-H,-,1,0,60,,,
UDPMurAc(oyl-L-Ala-D-gamma-Glu-L-Lys-D-Ala-D-Ala),XIC,eTargetCompound,C40H65N9O26P2,,,ESI,5000,,0,,1150.35887,M+H,+,1,0,120,,,,,1172.34082,M+Na,+,1,0,60,,,,,1167.38542,M+NH4,+,1,0,60,,,,,1148.34432,M-H,-,1,0,60,,,
Aeruginopeptin 95B,XIC,eTargetCompound,C56H79N9O17,,,ESI,5000,,0,,1150.56667,M+H,+,1,0,120,,,,,1172.54861,M+Na,+,1,0,60,,,,,1167.59322,M+NH4,+,1,0,60,,,,,1148.55211,M-H,-,1,0,60,,,
Choloyl-CoA,XIC,eTargetCompound,C45H74N7O20P3S,,,ESI,5000,,0,,1158.39949,M+H,+,1,0,120,,,,,1180.38144,M+Na,+,1,0,60,,,,,1175.42604,M+NH4,+,1,0,60,,,,,1156.38494,M-H,-,1,0,60,,,
Tetrahexosylceramide(d18,XIC,eTargetCompound,C56H102N2O23,,,ESI,5000,,0,,1171.69461,M+H,+,1,0,120,,,,,1193.67656,M+Na,+,1,0,60,,,,,1188.72116,M+NH4,+,1,0,60,,,,,1169.68006,M-H,-,1,0,60,,,
"3alpha,7alpha-Dihydroxy-5beta-cholest-24-enoyl-CoA",XIC,eTargetCompound,C48H78N7O19P3S,,,ESI,5000,,0,,1182.43588,M+H,+,1,0,120,,,,,1204.41782,M+Na,+,1,0,60,,,,,1199.46243,M+NH4,+,1,0,60,,,,,1180.42133,M-H,-,1,0,60,,,
adenosyl-cobyrate,XIC,eTargetCompound,C55H77CoN15O11,,,ESI,5000,,0,,1183.53317,M+H,+,1,0,120,,,,,1205.51512,M+Na,+,1,0,60,,,,,1200.55972,M+NH4,+,1,0,60,,,,,1181.51862,M-H,-,1,0,60,,,
"3alpha,7alpha-Dihydroxy-5beta-cholestanoyl-CoA",XIC,eTargetCompound,C48H80N7O19P3S,,,ESI,5000,,0,,1184.45153,M+H,+,1,0,120,,,,,1206.43347,M+Na,+,1,0,60,,,,,1201.47808,M+NH4,+,1,0,60,,,,,1182.43698,M-H,-,1,0,60,,,
Glycoprotein N-acetyl-D-glucosaminyl-phospho-D-mannose,XIC,eTargetCompound,C42H71N6O31P,,,ESI,5000,,0,,1187.39741,M+H,+,1,0,120,,,,,1209.37936,M+Na,+,1,0,60,,,,,1204.42396,M+NH4,+,1,0,60,,,,,1185.38286,M-H,-,1,0,60,,,
Adenosylcobyrinicacida-cdiamide,XIC,eTargetCompound,C55H73CoN11O15,,,ESI,5000,,0,,1187.46924,M+H,+,1,0,120,,,,,1209.45118,M+Na,+,1,0,60,,,,,1204.49579,M+NH4,+,1,0,60,,,,,1185.45468,M-H,-,1,0,60,,,
UDP-N-acetylmuramoyl-L-alanyl-D-glutamyl-6-carboxy-L-lysyl-D-alanyl- D-alanine,XIC,eTargetCompound,C41H65N9O28P2,,,ESI,5000,,0,,1194.3487,M+H,+,1,0,120,,,,,1216.33065,M+Na,+,1,0,60,,,,,1211.37525,M+NH4,+,1,0,60,,,,,1192.33415,M-H,-,1,0,60,,,
"3alpha,7alpha,12alpha-Trihydroxy-5beta-cholest-24-enoyl-CoA",XIC,eTargetCompound,C48H78N7O20P3S,,,ESI,5000,,0,,1198.43079,M+H,+,1,0,120,,,,,1220.41274,M+Na,+,1,0,60,,,,,1215.45734,M+NH4,+,1,0,60,,,,,1196.41624,M-H,-,1,0,60,,,
"3alpha,7alpha-Dihydroxy-5beta-24-oxocholestanoyl-CoA",XIC,eTargetCompound,C48H78N7O20P3S,,,ESI,5000,,0,,1198.43079,M+H,+,1,0,120,,,,,1220.41274,M+Na,+,1,0,60,,,,,1215.45734,M+NH4,+,1,0,60,,,,,1196.41624,M-H,-,1,0,60,,,
Cyclosporin A,XIC,eTargetCompound,C62H111N11O12,,,ESI,5000,,0,,1202.84864,M+H,+,1,0,120,,,,,1224.83059,M+Na,+,1,0,60,,,,,1219.87519,M+NH4,+,1,0,60,,,,,1200.83409,M-H,-,1,0,60,,,
